feature,rho_dev,orientation,mode,quantile,threshold_hi,threshold_lo,dev2023_24_n,dev2023_24_coverage_pct,dev2023_24_exact_pct,dev2023_24_sign_n,dev2023_24_sign_pct,dev2023_24_up_calls,dev2023_24_down_calls,val2025_n,val2025_coverage_pct,val2025_exact_pct,val2025_sign_n,val2025_sign_pct,val2025_up_calls,val2025_down_calls,confirm2026_n,confirm2026_coverage_pct,confirm2026_exact_pct,confirm2026_sign_n,confirm2026_sign_pct,confirm2026_up_calls,confirm2026_down_calls,min_val_confirm_exact_pct,min_val_confirm_sign_pct,mean_val_confirm_coverage_pct
Client_sput_rflow_sum3,-0.052585,-1,up_tail,0.9,0.05263075,,35,10.2,45.71,25,64.0,35,0,16,6.45,62.5,13,76.92,16,0,11,6.63,81.82,11,81.82,11,0,62.5,76.92,6.54
px_rv20_chg15,0.059954,1,up_tail,0.85,4.816894476000002,,47,13.7,55.32,35,74.29,47,0,15,6.05,60.0,12,75.0,15,0,30,18.07,63.33,26,73.08,30,0,60.0,73.08,12.06
pro_fii_agreement_v3inst_lvl_sum7,0.070948,1,up_tail,0.9,7.0,,35,10.2,51.43,28,64.29,35,0,32,12.9,71.88,31,74.19,32,0,11,6.63,63.64,10,70.0,11,0,63.64,70.0,9.765
pro_fii_agreement_v3inst_lvl_sum7,0.070948,1,up_tail,0.925,7.0,,35,10.2,51.43,28,64.29,35,0,32,12.9,71.88,31,74.19,32,0,11,6.63,63.64,10,70.0,11,0,63.64,70.0,9.765
pro_fii_agreement_v3inst_lvl_sum7,0.070948,1,up_tail,0.95,7.0,,35,10.2,51.43,28,64.29,35,0,32,12.9,71.88,31,74.19,32,0,11,6.63,63.64,10,70.0,11,0,63.64,70.0,9.765
pro_fii_agreement_v3inst_lvl_mean7,0.075674,1,up_tail,0.9,1.0,,35,10.2,51.43,28,64.29,35,0,32,12.9,71.88,31,74.19,32,0,11,6.63,63.64,10,70.0,11,0,63.64,70.0,9.765
pro_fii_agreement_v3inst_lvl_mean7,0.075674,1,up_tail,0.925,1.0,,35,10.2,51.43,28,64.29,35,0,32,12.9,71.88,31,74.19,32,0,11,6.63,63.64,10,70.0,11,0,63.64,70.0,9.765
pro_fii_agreement_v3inst_lvl_mean7,0.075674,1,up_tail,0.95,1.0,,35,10.2,51.43,28,64.29,35,0,32,12.9,71.88,31,74.19,32,0,11,6.63,63.64,10,70.0,11,0,63.64,70.0,9.765
pro_fii_agreement_v3inst_lvl_posdays7,0.076126,1,up_tail,0.9,1.0,,35,10.2,51.43,28,64.29,35,0,32,12.9,71.88,31,74.19,32,0,11,6.63,63.64,10,70.0,11,0,63.64,70.0,9.765
pro_fii_agreement_v3inst_lvl_posdays7,0.076126,1,up_tail,0.925,1.0,,35,10.2,51.43,28,64.29,35,0,32,12.9,71.88,31,74.19,32,0,11,6.63,63.64,10,70.0,11,0,63.64,70.0,9.765
pro_fii_agreement_v3inst_lvl_posdays7,0.076126,1,up_tail,0.95,1.0,,35,10.2,51.43,28,64.29,35,0,32,12.9,71.88,31,74.19,32,0,11,6.63,63.64,10,70.0,11,0,63.64,70.0,9.765
Client_sput_rflow_sum3,-0.052585,-1,up_tail,0.85,0.04264043,,52,15.16,46.15,39,61.54,52,0,29,11.69,48.28,20,70.0,29,0,13,7.83,69.23,12,75.0,13,0,48.28,70.0,9.76
px_rv20_z63,0.050281,1,up_tail,0.9,1.9839966331745407,,31,9.04,58.06,26,69.23,31,0,13,5.24,69.23,12,75.0,13,0,36,21.69,63.89,33,69.7,36,0,63.89,69.7,13.465
Pro_scall_qflow_posdays4,0.088401,1,up_tail,0.925,1.0,,28,8.16,60.71,25,68.0,28,0,15,6.05,60.0,13,69.23,15,0,17,10.24,70.59,16,75.0,17,0,60.0,69.23,8.145
Pro_scall_qflow_posdays4,0.088401,1,up_tail,0.95,1.0,,28,8.16,60.71,25,68.0,28,0,15,6.05,60.0,13,69.23,15,0,17,10.24,70.59,16,75.0,17,0,60.0,69.23,8.145
Pro_scall_rflow_posdays4,0.088401,1,up_tail,0.925,1.0,,28,8.16,60.71,25,68.0,28,0,15,6.05,60.0,13,69.23,15,0,17,10.24,70.59,16,75.0,17,0,60.0,69.23,8.145
Pro_scall_rflow_posdays4,0.088401,1,up_tail,0.95,1.0,,28,8.16,60.71,25,68.0,28,0,15,6.05,60.0,13,69.23,15,0,17,10.24,70.59,16,75.0,17,0,60.0,69.23,8.145
px_rv20_chg15,0.059954,1,up_tail,0.8,3.8540066280000005,,62,18.08,53.23,47,70.21,62,0,15,6.05,60.0,12,75.0,15,0,33,19.88,60.61,29,68.97,33,0,60.0,68.97,12.965
px_rv20_z63,0.050281,1,up_tail,0.925,2.094350464758789,,23,6.71,60.87,19,73.68,23,0,13,5.24,69.23,12,75.0,13,0,32,19.28,62.5,30,66.67,32,0,62.5,66.67,12.260000000000002
px_rv20_chg15,0.059954,1,up_tail,0.925,7.303727154000016,,24,7.0,58.33,19,73.68,24,0,14,5.65,57.14,11,72.73,14,0,14,8.43,57.14,12,66.67,14,0,57.14,66.67,7.04
px_rv20_chg15,0.059954,1,up_tail,0.9,5.8040412,,31,9.04,61.29,24,79.17,31,0,15,6.05,60.0,12,75.0,15,0,18,10.84,55.56,15,66.67,18,0,55.56,66.67,8.445
Pro_v2inst_lvl_chg4,0.090287,1,two_tail,0.95,0.025226259999999986,-0.027527998199999987,34,9.91,47.06,26,61.54,17,17,26,10.48,53.85,21,66.67,19,7,15,9.04,53.33,12,66.67,8,7,53.33,66.67,9.76
px_atr5_sum7,0.062238,1,two_tail,0.95,0.39273327599999996,0.18899087999999997,34,9.91,50.0,28,60.71,17,17,43,17.34,51.16,33,66.67,4,39,45,27.11,57.78,37,70.27,20,25,51.16,66.67,22.225
Pro_icall_qflow_sum5,0.122761,1,two_tail,0.95,0.03726959599999992,-0.047755224999999984,34,9.91,47.06,23,69.57,17,17,37,14.92,59.46,32,68.75,25,12,16,9.64,50.0,12,66.67,13,3,50.0,66.67,12.280000000000001
Client_sput_qflow_sum3,-0.061992,-1,up_tail,0.85,0.04005309,,52,15.16,44.23,37,62.16,52,0,24,9.68,41.67,15,66.67,24,0,10,6.02,70.0,10,70.0,10,0,41.67,66.67,7.85
DII_v2inst_lvl_chg21,0.129052,1,two_tail,0.925,0.013178922850000004,-0.018376523100000004,50,14.58,52.0,41,63.41,25,25,51,20.56,58.82,46,65.22,37,14,53,31.93,58.49,47,65.96,31,22,58.49,65.22,26.244999999999997
Client_futheavy_rflow_z63,-0.094024,-1,down_tail,0.925,,-1.2820114019095417,25,7.29,52.0,23,56.52,0,25,20,8.06,65.0,20,65.0,0,20,17,10.24,58.82,15,66.67,0,17,58.82,65.0,9.15
FII_sput_rflow_sum2,0.123213,1,up_tail,0.925,0.02245660475000002,,26,7.58,57.69,20,75.0,26,0,26,10.48,50.0,20,65.0,26,0,13,7.83,53.85,10,70.0,13,0,50.0,65.0,9.155000000000001
DII_v2inst_lvl_chg21,0.129052,1,up_tail,0.925,0.013178922850000004,,25,7.29,60.0,20,75.0,25,0,37,14.92,59.46,34,64.71,37,0,31,18.67,61.29,28,67.86,31,0,59.46,64.71,16.795
px_rv20_chg15,0.059954,1,up_tail,0.75,2.7993385600000007,,78,22.74,53.85,61,68.85,78,0,19,7.66,57.89,15,73.33,19,0,38,22.89,57.89,34,64.71,38,0,57.89,64.71,15.275
FII_futheavy_qflow_chg4,0.11478,1,two_tail,0.95,0.047751512399999876,-0.044854053599999964,34,9.91,47.06,25,64.0,17,17,13,5.24,61.54,12,66.67,7,6,19,11.45,57.89,17,64.71,9,10,57.89,64.71,8.344999999999999
smart_plus_contra_client_optheavy_rflow,0.089107,1,two_tail,0.95,0.02084871674,-0.019855690734999997,36,10.5,52.78,29,65.52,18,18,22,8.87,59.09,20,65.0,14,8,20,12.05,55.0,17,64.71,10,10,55.0,64.71,10.46
px_ret3_chg4,0.071934,1,up_tail,0.9,2.329711092,,34,9.91,44.12,24,62.5,34,0,18,7.26,55.56,12,83.33,18,0,20,12.05,55.0,17,64.71,20,0,55.0,64.71,9.655000000000001
FII_futheavy_lvl_z63,-0.058596,-1,up_tail,0.925,1.851525068831404,,25,7.29,52.0,22,59.09,25,0,19,7.66,57.89,17,64.71,19,0,16,9.64,50.0,12,66.67,16,0,50.0,64.71,8.65
px_rv20_chg21,0.064879,1,up_tail,0.9,7.9819227800000006,,31,9.04,61.29,23,82.61,31,0,15,6.05,53.33,11,72.73,15,0,17,10.24,52.94,14,64.29,17,0,52.94,64.29,8.145
oc_near_call_doi_pct_chg4,-0.039637,-1,up_tail,0.925,60.05648910000001,,26,7.58,53.85,22,63.64,26,0,36,14.52,50.0,28,64.29,36,0,16,9.64,50.0,12,66.67,16,0,50.0,64.29,12.08
FII_ifut_qflow_chg4,0.101634,1,two_tail,0.95,0.07859567399999985,-0.07280984499999994,34,9.91,50.0,26,65.38,17,17,12,4.84,58.33,11,63.64,6,6,14,8.43,57.14,11,72.73,5,9,57.14,63.64,6.635
px_atr5_sum7,0.062238,1,up_tail,0.9,0.37209676,,34,9.91,58.82,28,71.43,34,0,13,5.24,53.85,11,63.64,13,0,23,13.86,56.52,20,65.0,23,0,53.85,63.64,9.55
px_atr5_mean7,0.056379,1,up_tail,0.9,0.053156680000000005,,34,9.91,58.82,28,71.43,34,0,13,5.24,53.85,11,63.64,13,0,23,13.86,56.52,20,65.0,23,0,53.85,63.64,9.55
Pro_ifut_ds,-0.100706,-1,up_tail,0.9,0.013813644000000002,,35,10.2,54.29,27,70.37,35,0,27,10.89,59.26,25,64.0,27,0,13,7.83,53.85,11,63.64,13,0,53.85,63.64,9.36
Client_ifut_rflow_sum3,-0.057466,-1,up_tail,0.85,0.07172671,,52,15.16,53.85,38,73.68,52,0,29,11.69,48.28,22,63.64,29,0,12,7.23,58.33,11,63.64,12,0,48.28,63.64,9.46
DII_ifut_lvl_chg21,0.102775,1,up_tail,0.85,0.04515560699999999,,49,14.29,57.14,41,68.29,49,0,64,25.81,56.25,57,63.16,64,0,41,24.7,58.54,37,64.86,41,0,56.25,63.16,25.255
pro_fii_spread_v3inst_rflow_chg4,-0.033194,-1,two_tail,0.925,0.04800436210000001,-0.05084118495000005,52,15.16,50.0,41,63.41,26,26,16,6.45,62.5,14,71.43,8,8,22,13.25,54.55,19,63.16,12,10,54.55,63.16,9.85
FII_v3inst_qflow_chg4,0.127464,1,two_tail,0.95,0.03290183269999994,-0.030865219499999985,34,9.91,44.12,25,60.0,17,17,15,6.05,66.67,14,71.43,7,8,22,13.25,54.55,19,63.16,11,11,54.55,63.16,9.65
Client_sput_rflow_sum15,-0.04625,-1,up_tail,0.8,0.08039555400000001,,68,19.83,51.47,52,67.31,68,0,21,8.47,57.14,19,63.16,21,0,28,16.87,53.57,23,65.22,28,0,53.57,63.16,12.670000000000002
Client_sput_rflow_mean15,-0.046803,-1,up_tail,0.8,0.005359703600000001,,68,19.83,51.47,52,67.31,68,0,21,8.47,57.14,19,63.16,21,0,28,16.87,53.57,23,65.22,28,0,53.57,63.16,12.670000000000002
FII_sput_rflow_chg21,0.078909,1,two_tail,0.95,0.018018773499999995,-0.020485870999999996,34,9.91,52.94,28,64.29,17,17,45,18.15,53.33,38,63.16,25,20,14,8.43,64.29,13,69.23,9,5,53.33,63.16,13.29
Client_iput_qflow_sum4,-0.156096,-1,down_tail,0.925,,-0.0405176145,26,7.58,50.0,22,59.09,0,26,25,10.08,48.0,19,63.16,0,25,15,9.04,60.0,14,64.29,0,15,48.0,63.16,9.559999999999999
Client_iput_qflow_mean4,-0.155358,-1,down_tail,0.925,,-0.010129403625,26,7.58,50.0,22,59.09,0,26,25,10.08,48.0,19,63.16,0,25,15,9.04,60.0,14,64.29,0,15,48.0,63.16,9.559999999999999
Client_sput_rflow_sum4,-0.071913,-1,up_tail,0.85,0.05090341899999999,,52,15.16,50.0,40,65.0,52,0,25,10.08,48.0,19,63.16,25,0,15,9.04,73.33,15,73.33,15,0,48.0,63.16,9.559999999999999
