date,fold,actual,prediction,confidence,gate,selected,correct,gross_return,trend_regime,vol_regime
2021-05-25,1,UP,DOWN,0.5591098132920929,,False,False,0.0,BULL,HIGH_VOL
2021-05-26,1,UP,DOWN,0.6191962581531245,,False,False,0.0,BULL,HIGH_VOL
2021-05-27,1,UP,DOWN,0.6140950041546795,,False,False,0.0,BULL,HIGH_VOL
2021-05-28,1,UP,DOWN,0.5242207342226086,,False,False,0.0,BULL,HIGH_VOL
2021-05-31,1,DOWN,DOWN,0.5838972810363453,,False,True,0.0,BULL,HIGH_VOL
2021-06-01,1,UP,DOWN,0.6294873649068833,,False,False,0.0,BULL,HIGH_VOL
2021-06-02,1,UP,DOWN,0.6286524457244205,,False,False,0.0,BULL,LOW_VOL
2021-06-03,1,DOWN,DOWN,0.6472340431546778,,False,True,0.0,BULL,LOW_VOL
2021-06-04,1,UP,DOWN,0.5540394219628071,,False,False,0.0,BULL,LOW_VOL
2021-06-07,1,DOWN,DOWN,0.6705274530482714,,False,True,0.0,BULL,LOW_VOL
2021-06-08,1,DOWN,DOWN,0.6860064201488264,,False,True,0.0,BULL,LOW_VOL
2021-06-09,1,UP,UP,0.5103522739835026,,False,True,0.0,BULL,LOW_VOL
2021-06-10,1,UP,DOWN,0.7098635772058923,,False,False,0.0,BULL,LOW_VOL
2021-06-11,1,UP,DOWN,0.5324884953170512,,False,False,0.0,BULL,LOW_VOL
2021-06-14,1,UP,DOWN,0.5891279600645338,,False,False,0.0,BULL,LOW_VOL
2021-06-15,1,DOWN,DOWN,0.6239420072379223,,False,True,0.0,BULL,LOW_VOL
2021-06-16,1,UP,UP,0.5341397197374884,,False,True,0.0,BULL,LOW_VOL
2021-06-17,1,DOWN,DOWN,0.5142241742759,,False,True,0.0,BULL,LOW_VOL
2021-06-18,1,UP,DOWN,0.5196631409349252,,False,False,0.0,BULL,LOW_VOL
2021-06-21,1,DOWN,DOWN,0.6493969175903106,,False,True,0.0,BULL,LOW_VOL
2021-06-22,1,DOWN,DOWN,0.5439773962016452,,False,True,0.0,BULL,LOW_VOL
2021-06-23,1,UP,UP,0.511528844702344,,False,True,0.0,BULL,LOW_VOL
2021-06-24,1,UP,DOWN,0.6250368983737329,,False,False,0.0,BULL,LOW_VOL
2021-06-25,1,DOWN,DOWN,0.5009855419373834,,False,True,0.0,BULL,LOW_VOL
2021-06-28,1,DOWN,DOWN,0.5277320986012505,,False,True,0.0,BULL,LOW_VOL
2021-06-29,1,DOWN,DOWN,0.5864455486467515,,False,True,0.0,BULL,LOW_VOL
2021-06-30,1,DOWN,DOWN,0.565013012486167,,False,True,0.0,BULL,LOW_VOL
2021-07-01,1,UP,DOWN,0.5209935948116062,,False,False,0.0,BULL,LOW_VOL
2021-07-02,1,UP,DOWN,0.5944917813624727,,False,False,0.0,BULL,LOW_VOL
2021-07-05,1,UP,DOWN,0.5538261831460379,,False,False,0.0,BULL,LOW_VOL
2021-07-06,1,UP,DOWN,0.6186316244942371,,False,False,0.0,BULL,LOW_VOL
2021-07-07,1,DOWN,DOWN,0.6403521894920743,,False,True,0.0,BULL,LOW_VOL
2021-07-08,1,UP,DOWN,0.5120006837773989,,False,False,0.0,BULL,LOW_VOL
2021-07-09,1,DOWN,DOWN,0.6128790658744385,,False,True,0.0,BULL,LOW_VOL
2021-07-12,1,UP,UP,0.5625869407075361,,False,True,0.0,BULL,LOW_VOL
2021-07-13,1,UP,DOWN,0.660572994112544,,False,False,0.0,BULL,LOW_VOL
2021-07-14,1,UP,DOWN,0.5862660812253724,,False,False,0.0,BULL,LOW_VOL
2021-07-15,1,DOWN,DOWN,0.6282222457076126,,False,True,0.0,BULL,LOW_VOL
2021-07-16,1,DOWN,UP,0.510701211399894,,False,False,0.0,BULL,LOW_VOL
2021-07-19,1,DOWN,DOWN,0.5604240433628386,,False,True,0.0,BULL,LOW_VOL
2021-07-20,1,UP,DOWN,0.5984944350232666,,False,False,0.0,BULL,LOW_VOL
2021-07-22,1,DOWN,DOWN,0.6566686995706585,,False,True,0.0,BULL,LOW_VOL
2021-07-23,1,DOWN,DOWN,0.5811469963239924,,False,True,0.0,BULL,LOW_VOL
2021-07-26,1,DOWN,DOWN,0.6023114812049348,,False,True,0.0,BULL,LOW_VOL
2021-07-27,1,DOWN,DOWN,0.5127547760521765,,False,True,0.0,BULL,LOW_VOL
2021-07-28,1,UP,DOWN,0.5793445236385842,,False,False,0.0,BULL,LOW_VOL
2021-07-29,1,DOWN,UP,0.5047496887540975,,False,False,0.0,BULL,LOW_VOL
2021-07-30,1,UP,UP,0.5027882938034085,,False,True,0.0,BULL,LOW_VOL
2021-08-02,1,UP,DOWN,0.5109907016809645,,False,False,0.0,BULL,LOW_VOL
2021-08-03,1,UP,DOWN,0.5677222372110966,,False,False,0.0,BULL,LOW_VOL
2021-08-04,1,UP,DOWN,0.5757437887967081,,False,False,0.0,BULL,LOW_VOL
2021-08-05,1,DOWN,DOWN,0.5742670409122154,,False,True,0.0,BULL,LOW_VOL
2021-08-06,1,DOWN,DOWN,0.5306179551341252,,False,True,0.0,BULL,LOW_VOL
2021-08-09,1,UP,DOWN,0.7212666312734536,,False,False,0.0,BULL,LOW_VOL
2021-08-10,1,DOWN,DOWN,0.7595852763935973,,False,True,0.0,BULL,LOW_VOL
2021-08-11,1,UP,DOWN,0.7096269041347482,,False,False,0.0,BULL,LOW_VOL
2021-08-12,1,UP,DOWN,0.6666267778842367,,False,False,0.0,BULL,LOW_VOL
2021-08-13,1,UP,UP,0.5281386434001822,,False,True,0.0,BULL,LOW_VOL
2021-08-16,1,UP,DOWN,0.6794071899684968,,False,False,0.0,BULL,LOW_VOL
2021-08-17,1,DOWN,DOWN,0.6564931277328079,,False,True,0.0,BULL,LOW_VOL
2021-08-18,1,UP,DOWN,0.5163443666400352,,False,False,0.0,BULL,LOW_VOL
2021-08-20,1,DOWN,UP,0.5223746530196192,,False,False,0.0,BULL,LOW_VOL
2021-08-23,1,UP,UP,0.5369065100354355,,False,True,0.0,BULL,LOW_VOL
2021-08-24,1,DOWN,DOWN,0.657141157086427,,False,True,0.0,BULL,LOW_VOL
2021-08-25,1,UP,DOWN,0.5466854260198444,,False,False,0.0,BULL,LOW_VOL
2021-08-26,1,UP,DOWN,0.5703889726710187,,False,False,0.0,BULL,LOW_VOL
2021-08-27,1,UP,UP,0.5119116936624339,,False,True,0.0,BULL,LOW_VOL
2021-08-30,1,UP,DOWN,0.5579851323326288,,False,False,0.0,BULL,LOW_VOL
2021-08-31,1,DOWN,UP,0.5221842365314316,,False,False,0.0,BULL,LOW_VOL
2021-09-01,1,UP,DOWN,0.5150245895102057,,False,False,0.0,BULL,LOW_VOL
2021-09-02,1,UP,DOWN,0.5107539717469424,,False,False,0.0,BULL,LOW_VOL
2021-09-03,1,DOWN,UP,0.5182940879200388,,False,False,0.0,BULL,LOW_VOL
2021-09-06,1,DOWN,DOWN,0.6869683395701873,,False,True,0.0,BULL,LOW_VOL
2021-09-07,1,DOWN,DOWN,0.7170093078204809,,False,True,0.0,BULL,LOW_VOL
2021-09-08,1,UP,DOWN,0.7116447602946712,,False,False,0.0,BULL,LOW_VOL
2021-09-09,1,DOWN,DOWN,0.7329426160361978,,False,True,0.0,BULL,LOW_VOL
2021-09-13,1,DOWN,DOWN,0.779119068400481,,False,True,0.0,BULL,LOW_VOL
2021-09-14,1,UP,DOWN,0.7401891856888996,,False,False,0.0,BULL,LOW_VOL
2021-09-15,1,UP,DOWN,0.5256232119411651,,False,False,0.0,BULL,LOW_VOL
2021-09-16,1,DOWN,DOWN,0.5238893199940564,,False,True,0.0,BULL,LOW_VOL
2021-09-17,1,DOWN,UP,0.5937171756702742,,False,False,0.0,BULL,LOW_VOL
2021-09-20,1,UP,UP,0.5804755595779589,,False,True,0.0,BULL,LOW_VOL
2021-09-21,1,DOWN,DOWN,0.6305244421144867,,False,True,0.0,BULL,LOW_VOL
2021-09-22,1,UP,DOWN,0.528922647410853,,False,False,0.0,BULL,LOW_VOL
2021-09-23,1,DOWN,DOWN,0.5838094363049215,,False,True,0.0,BULL,LOW_VOL
2021-09-24,1,DOWN,DOWN,0.5428518571357708,,False,True,0.0,BULL,LOW_VOL
2021-09-27,1,DOWN,DOWN,0.6020125446107398,,False,True,0.0,BULL,LOW_VOL
2021-09-28,1,UP,DOWN,0.5878821153817582,,False,False,0.0,BULL,LOW_VOL
2021-09-29,1,DOWN,DOWN,0.5280171144579887,,False,True,0.0,BULL,LOW_VOL
2021-09-30,1,UP,UP,0.5531586270781579,,False,True,0.0,BULL,LOW_VOL
2021-10-01,1,UP,DOWN,0.5749794456580114,,False,False,0.0,BULL,LOW_VOL
2021-10-04,1,UP,DOWN,0.5962731820043176,,False,False,0.0,BULL,LOW_VOL
2021-10-05,1,DOWN,UP,0.5597965605332543,,False,False,0.0,BULL,LOW_VOL
2021-10-06,1,DOWN,UP,0.5259414930003032,,False,False,0.0,BULL,LOW_VOL
2021-10-07,1,UP,DOWN,0.5690253848744276,,False,False,0.0,BULL,LOW_VOL
2021-10-08,1,UP,UP,0.5109205147235203,,False,True,0.0,BULL,LOW_VOL
2021-10-11,1,UP,DOWN,0.5908757645060181,,False,False,0.0,BULL,LOW_VOL
2021-10-12,1,UP,DOWN,0.6249447312404643,,False,False,0.0,BULL,LOW_VOL
2021-10-13,1,UP,DOWN,0.5796512738444295,,False,False,0.0,BULL,LOW_VOL
2021-10-14,1,DOWN,DOWN,0.5249353570457075,,False,True,0.0,BULL,LOW_VOL
2021-10-18,1,DOWN,DOWN,0.6480756079576805,,False,True,0.0,BULL,LOW_VOL
2021-10-19,1,DOWN,DOWN,0.5613186130991861,,False,True,0.0,BULL,LOW_VOL
2021-10-20,1,DOWN,UP,0.5264574469093988,,False,False,0.0,BULL,LOW_VOL
2021-10-21,1,DOWN,UP,0.5639835465166422,,False,False,0.0,BULL,LOW_VOL
2021-10-22,1,DOWN,UP,0.5250500454403905,,False,False,0.0,BULL,LOW_VOL
2021-10-25,1,UP,DOWN,0.5186004518168524,,False,False,0.0,BULL,LOW_VOL
2021-10-26,1,DOWN,DOWN,0.5865240604348441,,False,True,0.0,BULL,LOW_VOL
2021-10-27,1,DOWN,UP,0.5964311525022626,,False,False,0.0,BULL,LOW_VOL
2021-10-28,1,DOWN,DOWN,0.5137920993705123,,False,True,0.0,BULL,HIGH_VOL
2021-10-29,1,UP,UP,0.5138581786404706,,False,True,0.0,BULL,HIGH_VOL
2021-11-01,1,DOWN,DOWN,0.5501621406132293,,False,True,0.0,BULL,HIGH_VOL
2021-11-02,1,DOWN,UP,0.5143708153104217,,False,False,0.0,BULL,HIGH_VOL
2021-11-03,1,DOWN,UP,0.5574292016287367,,False,False,0.0,BULL,HIGH_VOL
2021-11-04,1,UP,UP,0.5266356940733637,,False,True,0.0,BULL,HIGH_VOL
2021-11-08,1,DOWN,DOWN,0.5590449899044365,,False,True,0.0,BULL,HIGH_VOL
2021-11-09,1,UP,DOWN,0.5390542222949306,,False,False,0.0,BULL,HIGH_VOL
2021-11-10,1,DOWN,DOWN,0.620699954797576,,False,True,0.0,BULL,HIGH_VOL
2021-11-11,1,UP,UP,0.5136660940344457,,False,True,0.0,BULL,HIGH_VOL
2021-11-12,1,DOWN,DOWN,0.5796304026266018,,False,True,0.0,BULL,HIGH_VOL
2021-11-15,1,DOWN,DOWN,0.6391737932212475,,False,True,0.0,BULL,HIGH_VOL
2021-11-16,1,DOWN,UP,0.5118974094608942,,False,False,0.0,BULL,HIGH_VOL
2021-11-17,1,DOWN,DOWN,0.5636162223955207,,False,True,0.0,BULL,HIGH_VOL
2021-11-18,1,DOWN,DOWN,0.6380152874891518,,False,True,0.0,BULL,HIGH_VOL
2021-11-22,1,UP,DOWN,0.5156022164359637,,False,False,0.0,BULL,HIGH_VOL
2021-11-23,1,DOWN,DOWN,0.7125661583697924,,False,True,0.0,BULL,HIGH_VOL
2021-11-24,1,UP,DOWN,0.5196051942708899,,False,False,0.0,BULL,HIGH_VOL
2021-11-25,1,DOWN,DOWN,0.5713428722268754,,False,True,0.0,BULL,HIGH_VOL
2021-11-26,1,DOWN,UP,0.6529260533916385,,False,False,0.0,BULL,HIGH_VOL
2021-11-29,1,DOWN,DOWN,0.7017351463957338,,False,True,0.0,BULL,HIGH_VOL
2021-11-30,1,UP,UP,0.5550878078980137,,False,True,0.0,BULL,HIGH_VOL
2021-12-01,1,UP,DOWN,0.5562611455633789,,False,False,0.0,BULL,HIGH_VOL
2021-12-02,1,DOWN,UP,0.5286338813562689,,False,False,0.0,BULL,HIGH_VOL
2021-12-03,1,DOWN,DOWN,0.5695253598363273,,False,True,0.0,BULL,HIGH_VOL
2021-12-06,1,UP,DOWN,0.5972417286226454,,False,False,0.0,BULL,HIGH_VOL
2021-12-07,1,UP,DOWN,0.6360056155037457,,False,False,0.0,BULL,HIGH_VOL
2021-12-08,1,DOWN,DOWN,0.5423965375968978,,False,True,0.0,BULL,HIGH_VOL
2021-12-09,1,UP,DOWN,0.6409123565618866,,False,False,0.0,BULL,HIGH_VOL
2021-12-10,1,DOWN,DOWN,0.5925184251487388,,False,True,0.0,BULL,HIGH_VOL
2021-12-13,1,UP,DOWN,0.5888143870736198,,False,False,0.0,BULL,HIGH_VOL
2021-12-14,1,DOWN,DOWN,0.6547439038579208,,False,True,0.0,BULL,HIGH_VOL
2021-12-15,1,DOWN,DOWN,0.5325909159991769,,False,True,0.0,BULL,HIGH_VOL
2021-12-16,1,DOWN,UP,0.5057540267599014,,False,False,0.0,BULL,HIGH_VOL
2021-12-17,1,DOWN,DOWN,0.5865307110209961,,False,True,0.0,BULL,HIGH_VOL
2021-12-20,1,DOWN,DOWN,0.5470950829189966,,False,True,0.0,BULL,HIGH_VOL
2021-12-21,1,UP,DOWN,0.6513661826961017,,False,False,0.0,BULL,HIGH_VOL
2021-12-22,1,UP,DOWN,0.5313916700080743,,False,False,0.0,BULL,HIGH_VOL
2021-12-23,1,DOWN,DOWN,0.577271967123304,,False,True,0.0,BULL,HIGH_VOL
2021-12-24,1,UP,UP,0.5123416938626285,,False,True,0.0,BULL,HIGH_VOL
2021-12-27,1,UP,DOWN,0.5065435734610909,,False,False,0.0,BULL,HIGH_VOL
2021-12-28,1,DOWN,DOWN,0.5345392402242668,,False,True,0.0,BULL,HIGH_VOL
2021-12-29,1,UP,DOWN,0.5782824756029414,,False,False,0.0,BULL,HIGH_VOL
2021-12-30,1,UP,DOWN,0.5790162047768747,,False,False,0.0,BULL,HIGH_VOL
2021-12-31,1,UP,UP,0.5003583861950568,,False,True,0.0,BULL,HIGH_VOL
2022-01-03,1,UP,UP,0.5081318623420046,,False,True,0.0,BULL,HIGH_VOL
2022-01-04,1,UP,DOWN,0.5548392569159102,,False,False,0.0,BULL,HIGH_VOL
2022-01-05,1,DOWN,DOWN,0.5603642843236368,,False,True,0.0,BULL,HIGH_VOL
2022-01-06,1,UP,DOWN,0.5529830781132055,,False,False,0.0,BULL,HIGH_VOL
2022-01-07,1,UP,DOWN,0.5866647066888253,,False,False,0.0,BULL,HIGH_VOL
2022-01-10,1,UP,DOWN,0.5545107625067209,,False,False,0.0,BULL,HIGH_VOL
2022-01-11,1,UP,DOWN,0.6425655050607657,,False,False,0.0,BULL,HIGH_VOL
2022-01-12,1,UP,DOWN,0.5972323217476507,,False,False,0.0,BULL,HIGH_VOL
2022-01-13,1,UP,DOWN,0.5560349236551467,,False,False,0.0,BULL,HIGH_VOL
2022-01-14,1,UP,UP,0.5445704612482403,,False,True,0.0,BULL,HIGH_VOL
2022-01-17,1,DOWN,DOWN,0.6044329379435239,,False,True,0.0,BULL,LOW_VOL
2022-01-18,1,DOWN,UP,0.5925360663959169,,False,False,0.0,BULL,LOW_VOL
2022-01-19,1,DOWN,UP,0.6143952956918727,,False,False,0.0,BULL,LOW_VOL
2022-01-20,1,UP,DOWN,0.5974153066839422,,False,False,0.0,BULL,HIGH_VOL
2022-01-21,1,DOWN,DOWN,0.5832264884469973,,False,True,0.0,BULL,HIGH_VOL
2022-01-24,1,UP,UP,0.5319907652679302,,False,True,0.0,BULL,HIGH_VOL
2022-01-25,1,UP,DOWN,0.590243644873594,,False,False,0.0,BULL,HIGH_VOL
2022-01-27,1,DOWN,DOWN,0.6039686348269371,,False,True,0.0,BULL,HIGH_VOL
2022-01-28,1,UP,UP,0.5610225770849899,,False,True,0.0,BULL,HIGH_VOL
2022-01-31,1,UP,DOWN,0.5111709514537995,,False,False,0.0,BULL,HIGH_VOL
2022-02-01,1,UP,DOWN,0.5632266095859361,,False,False,0.0,BULL,HIGH_VOL
2022-02-02,1,DOWN,DOWN,0.5525504787628693,,False,True,0.0,BULL,HIGH_VOL
2022-02-03,1,DOWN,UP,0.5040271134556649,,False,False,0.0,BULL,HIGH_VOL
2022-02-04,1,DOWN,DOWN,0.5284199686283495,,False,True,0.0,BULL,HIGH_VOL
2022-02-07,1,DOWN,DOWN,0.5772970356166629,,False,True,0.0,BULL,HIGH_VOL
2022-02-08,1,UP,DOWN,0.6211648027224861,,False,False,0.0,BULL,HIGH_VOL
2022-02-09,1,UP,UP,0.5142860539950502,,False,True,0.0,BULL,HIGH_VOL
2022-02-10,1,DOWN,DOWN,0.5842570543889156,,False,True,0.0,BULL,HIGH_VOL
2022-02-11,1,DOWN,DOWN,0.5158279853183709,,False,True,0.0,BULL,HIGH_VOL
2022-02-14,1,UP,UP,0.5858735093572996,,False,True,0.0,BULL,HIGH_VOL
2022-02-15,1,DOWN,DOWN,0.5559088719474078,,False,True,0.0,BULL,HIGH_VOL
2022-02-16,1,DOWN,UP,0.546363316082124,,False,False,0.0,BULL,HIGH_VOL
2022-02-17,1,UP,DOWN,0.5082129780204521,,False,False,0.0,BULL,HIGH_VOL
2022-02-18,1,UP,DOWN,0.5426618685063839,,False,False,0.0,BULL,HIGH_VOL
2022-02-21,1,UP,DOWN,0.5574810319285008,,False,False,0.0,BULL,HIGH_VOL
2022-02-22,1,DOWN,DOWN,0.5825495841665993,,False,True,0.0,BULL,HIGH_VOL
2022-02-23,1,DOWN,UP,0.5432518320895596,,False,False,0.0,BULL,HIGH_VOL
2022-02-24,1,UP,UP,0.6959395659512023,,False,True,0.0,BEAR,HIGH_VOL
2022-02-25,1,UP,DOWN,0.560106591026085,,False,False,0.0,BEAR,HIGH_VOL
2022-02-28,1,UP,DOWN,0.5537557160494151,,False,False,0.0,BEAR,HIGH_VOL
2022-03-02,1,DOWN,DOWN,0.5361394217592914,,False,True,0.0,BEAR,HIGH_VOL
2022-03-03,1,DOWN,UP,0.5449262152133434,,False,False,0.0,BEAR,HIGH_VOL
2022-03-04,1,DOWN,UP,0.5321461029922887,,False,False,0.0,BEAR,HIGH_VOL
2022-03-07,1,UP,UP,0.5616210203852746,,False,True,0.0,BEAR,HIGH_VOL
2022-03-08,1,UP,DOWN,0.6115437302204747,,False,False,0.0,BEAR,HIGH_VOL
2022-03-09,1,DOWN,DOWN,0.5634218355797613,,False,True,0.0,BEAR,HIGH_VOL
2022-03-10,1,UP,DOWN,0.5555765257982386,,False,False,0.0,BEAR,HIGH_VOL
2022-03-11,1,UP,DOWN,0.6132531348039647,,False,False,0.0,BEAR,HIGH_VOL
2022-03-14,1,DOWN,DOWN,0.5543750176342064,,False,True,0.0,BEAR,HIGH_VOL
2022-03-15,1,UP,DOWN,0.536866018793913,,False,False,0.0,BEAR,HIGH_VOL
2022-03-16,1,UP,DOWN,0.5215695442036739,,False,False,0.0,BEAR,HIGH_VOL
2022-03-17,1,DOWN,DOWN,0.6061431555472092,,False,True,0.0,BULL,HIGH_VOL
2022-03-21,1,UP,DOWN,0.5464717705841043,,False,False,0.0,BULL,HIGH_VOL
2022-03-22,1,DOWN,DOWN,0.5461457018343809,,False,True,0.0,BULL,HIGH_VOL
2022-03-23,1,UP,DOWN,0.5097573081231555,,False,False,0.0,BULL,HIGH_VOL
2022-03-24,1,DOWN,DOWN,0.5883934957986476,,False,True,0.0,BULL,HIGH_VOL
2022-03-25,1,UP,UP,0.5051710081915857,,False,True,0.0,BULL,HIGH_VOL
2022-03-28,1,UP,DOWN,0.6095185060011296,,False,False,0.0,BULL,HIGH_VOL
2022-03-29,1,UP,DOWN,0.6051547057829004,,False,False,0.0,BULL,HIGH_VOL
2022-03-30,1,DOWN,DOWN,0.626173770630981,,False,True,0.0,BULL,HIGH_VOL
2022-03-31,1,UP,UP,0.5196039811931763,,False,True,0.0,BULL,HIGH_VOL
2022-04-01,1,UP,UP,0.5485006615535337,,False,True,0.0,BULL,HIGH_VOL
2022-04-04,1,DOWN,DOWN,0.6458880054821069,,False,True,0.0,BULL,HIGH_VOL
2022-04-05,1,DOWN,DOWN,0.5133823620711221,,False,True,0.0,BULL,HIGH_VOL
2022-04-06,1,DOWN,UP,0.5492790606770253,,False,False,0.0,BULL,HIGH_VOL
2022-04-07,1,UP,UP,0.5523756244080886,,False,True,0.0,BULL,HIGH_VOL
2022-04-08,1,DOWN,DOWN,0.6524511760261106,,False,True,0.0,BULL,HIGH_VOL
2022-04-11,1,DOWN,UP,0.5197144798148174,,False,False,0.0,BULL,HIGH_VOL
2022-04-12,1,DOWN,DOWN,0.6000148000241732,,False,True,0.0,BULL,HIGH_VOL
2022-04-13,1,DOWN,DOWN,0.5090503739217046,,False,True,0.0,BULL,HIGH_VOL
2022-04-18,1,DOWN,DOWN,0.5819642955996945,,False,True,0.0,BULL,HIGH_VOL
2022-04-19,1,UP,DOWN,0.5219391368536099,,False,False,0.0,BEAR,HIGH_VOL
2022-04-20,1,UP,UP,0.5328479491606547,,False,True,0.0,BEAR,HIGH_VOL
2022-04-21,1,DOWN,UP,0.6115779579196233,,False,False,0.0,BULL,HIGH_VOL
2022-04-22,1,DOWN,UP,0.5986034808608809,,False,False,0.0,BEAR,HIGH_VOL
2022-04-25,1,UP,DOWN,0.6396144364963235,,False,False,0.0,BEAR,HIGH_VOL
2022-04-26,1,DOWN,UP,0.5142345912505446,,False,False,0.0,BEAR,HIGH_VOL
2022-04-27,1,UP,DOWN,0.5603783822317789,,False,False,0.0,BEAR,HIGH_VOL
2022-04-28,1,DOWN,UP,0.5487705631621098,,False,False,0.0,BULL,HIGH_VOL
2022-04-29,1,UP,DOWN,0.5045794445819027,,False,False,0.0,BEAR,HIGH_VOL
2022-05-02,1,DOWN,DOWN,0.5471081339404157,,False,True,0.0,BEAR,HIGH_VOL
2022-05-04,1,DOWN,UP,0.5932484519138305,,False,False,0.0,BEAR,HIGH_VOL
2022-05-05,1,DOWN,UP,0.5974965296615449,,False,False,0.0,BEAR,HIGH_VOL
2022-05-06,1,UP,DOWN,0.5842351601318679,,False,False,0.0,BEAR,HIGH_VOL
2022-05-09,1,DOWN,DOWN,0.6654075144220284,,False,True,0.0,BEAR,HIGH_VOL
2022-05-10,1,DOWN,DOWN,0.500765727838246,,False,True,0.0,BEAR,HIGH_VOL
2022-05-11,1,DOWN,DOWN,0.5787020572619731,,False,True,0.0,BEAR,HIGH_VOL
2022-05-12,1,DOWN,UP,0.6238922129462702,,False,False,0.0,BEAR,HIGH_VOL
2022-05-13,1,DOWN,UP,0.698484973455577,,False,False,0.0,BEAR,HIGH_VOL
2022-05-16,1,UP,DOWN,0.5386799027939135,,False,False,0.0,BEAR,HIGH_VOL
2022-05-17,1,DOWN,UP,0.5414306215798064,,False,False,0.0,BEAR,HIGH_VOL
2022-05-18,1,DOWN,UP,0.57463282551136,,False,False,0.0,BEAR,HIGH_VOL
2022-05-19,1,UP,UP,0.5145654200522136,,False,True,0.0,BEAR,HIGH_VOL
2022-05-20,1,DOWN,UP,0.5120214309694213,,False,False,0.0,BEAR,HIGH_VOL
2022-05-23,1,DOWN,UP,0.5565014380626124,,False,False,0.0,BEAR,HIGH_VOL
2022-05-24,1,DOWN,UP,0.505794704380947,,False,False,0.0,BEAR,HIGH_VOL
2022-05-25,1,UP,DOWN,0.5350039297178496,,False,False,0.0,BEAR,HIGH_VOL
2022-05-26,2,UP,DOWN,0.5485476046203231,,False,False,0.0,BEAR,HIGH_VOL
2022-05-27,2,UP,DOWN,0.5800004288380873,,False,False,0.0,BEAR,HIGH_VOL
2022-05-30,2,UP,DOWN,0.5274545703780094,,False,False,0.0,BEAR,HIGH_VOL
2022-05-31,2,DOWN,DOWN,0.5085316121061245,,False,True,0.0,BEAR,HIGH_VOL
2022-06-01,2,UP,DOWN,0.6565837525641227,,False,False,0.0,BEAR,HIGH_VOL
2022-06-02,2,DOWN,DOWN,0.6149343025601888,,False,True,0.0,BEAR,HIGH_VOL
2022-06-03,2,UP,UP,0.5282666611344553,,False,True,0.0,BEAR,HIGH_VOL
2022-06-06,2,DOWN,DOWN,0.654026665722662,,False,True,0.0,BEAR,HIGH_VOL
2022-06-07,2,DOWN,DOWN,0.6563497215405317,,False,True,0.0,BEAR,HIGH_VOL
2022-06-08,2,UP,DOWN,0.5330108168118215,,False,False,0.0,BEAR,HIGH_VOL
2022-06-09,2,DOWN,DOWN,0.5715897430525367,,False,True,0.0,BEAR,HIGH_VOL
2022-06-10,2,DOWN,UP,0.520325122976619,,False,False,0.0,BEAR,HIGH_VOL
2022-06-13,2,UP,UP,0.5016940804141354,,False,True,0.0,BEAR,HIGH_VOL
2022-06-14,2,DOWN,DOWN,0.5580274798322236,,False,True,0.0,BEAR,HIGH_VOL
2022-06-15,2,DOWN,UP,0.5826186146068258,,False,False,0.0,BEAR,HIGH_VOL
2022-06-16,2,UP,UP,0.6974686954298679,,False,True,0.0,BEAR,HIGH_VOL
2022-06-17,2,UP,DOWN,0.5459897833135428,,False,False,0.0,BEAR,HIGH_VOL
2022-06-20,2,UP,DOWN,0.5838309401874221,,False,False,0.0,BEAR,HIGH_VOL
2022-06-21,2,DOWN,UP,0.5210328890566956,,False,False,0.0,BEAR,HIGH_VOL
2022-06-22,2,UP,UP,0.5829427714371771,,False,True,0.0,BEAR,HIGH_VOL
2022-06-23,2,UP,UP,0.5045030294078547,,False,True,0.0,BEAR,HIGH_VOL
2022-06-24,2,DOWN,UP,0.5485241270113274,,False,False,0.0,BEAR,HIGH_VOL
2022-06-27,2,UP,UP,0.5094317458702643,,False,True,0.0,BEAR,HIGH_VOL
2022-06-28,2,UP,DOWN,0.5790585145868925,,False,False,0.0,BEAR,HIGH_VOL
2022-06-29,2,UP,DOWN,0.5545188449245897,,False,False,0.0,BEAR,HIGH_VOL
2022-06-30,2,UP,DOWN,0.6594044512387682,,False,False,0.0,BEAR,HIGH_VOL
2022-07-01,2,UP,DOWN,0.6388144774402416,,False,False,0.0,BEAR,HIGH_VOL
2022-07-04,2,DOWN,DOWN,0.6365077859227951,,False,True,0.0,BEAR,HIGH_VOL
2022-07-05,2,UP,UP,0.5833502959960778,,False,True,0.0,BEAR,HIGH_VOL
2022-07-06,2,UP,UP,0.5225779737586393,,False,True,0.0,BEAR,HIGH_VOL
2022-07-07,2,DOWN,DOWN,0.5347091281159388,,False,True,0.0,BEAR,HIGH_VOL
2022-07-08,2,UP,UP,0.5071048341458932,,False,True,0.0,BEAR,HIGH_VOL
2022-07-11,2,DOWN,DOWN,0.5666252574376287,,False,True,0.0,BEAR,HIGH_VOL
2022-07-12,2,DOWN,UP,0.5217458269259989,,False,False,0.0,BEAR,HIGH_VOL
2022-07-13,2,DOWN,UP,0.5770889646333095,,False,False,0.0,BEAR,HIGH_VOL
2022-07-14,2,UP,DOWN,0.5242338282167156,,False,False,0.0,BEAR,LOW_VOL
2022-07-15,2,UP,UP,0.5076022184256931,,False,True,0.0,BEAR,LOW_VOL
2022-07-18,2,UP,DOWN,0.5083327274979095,,False,False,0.0,BEAR,HIGH_VOL
2022-07-19,2,DOWN,DOWN,0.6026416593913034,,False,True,0.0,BEAR,LOW_VOL
2022-07-20,2,UP,DOWN,0.5176010403957929,,False,False,0.0,BEAR,LOW_VOL
2022-07-21,2,UP,DOWN,0.5714067296522396,,False,False,0.0,BEAR,LOW_VOL
2022-07-22,2,DOWN,DOWN,0.5830938948759196,,False,True,0.0,BEAR,LOW_VOL
2022-07-25,2,DOWN,DOWN,0.6521953191943402,,False,True,0.0,BEAR,LOW_VOL
2022-07-26,2,UP,UP,0.6003748966299441,,False,True,0.0,BEAR,LOW_VOL
2022-07-27,2,UP,DOWN,0.6713439837661688,,False,False,0.0,BEAR,LOW_VOL
2022-07-28,2,UP,UP,0.5278379003431026,,False,True,0.0,BEAR,LOW_VOL
2022-07-29,2,UP,UP,0.5315518749712502,,False,True,0.0,BULL,LOW_VOL
2022-08-01,2,UP,DOWN,0.5208000943043725,,False,False,0.0,BULL,HIGH_VOL
2022-08-02,2,UP,DOWN,0.6313342597494291,,False,False,0.0,BULL,LOW_VOL
2022-08-03,2,DOWN,DOWN,0.6514934308271996,,False,True,0.0,BULL,LOW_VOL
2022-08-04,2,DOWN,DOWN,0.5308680647355195,,False,True,0.0,BULL,LOW_VOL
2022-08-05,2,UP,DOWN,0.578715271388231,,False,False,0.0,BULL,LOW_VOL
2022-08-08,2,DOWN,DOWN,0.7022744643766542,,False,True,0.0,BULL,LOW_VOL
2022-08-10,2,DOWN,DOWN,0.6563158498379638,,False,True,0.0,BULL,LOW_VOL
2022-08-11,2,UP,DOWN,0.5704210154671638,,False,False,0.0,BULL,LOW_VOL
2022-08-12,2,UP,DOWN,0.6199773070691661,,False,False,0.0,BULL,LOW_VOL
2022-08-16,2,UP,DOWN,0.614719821854738,,False,False,0.0,BULL,LOW_VOL
2022-08-17,2,UP,DOWN,0.6883682826935058,,False,False,0.0,BULL,LOW_VOL
2022-08-18,2,DOWN,DOWN,0.6417042083516503,,False,True,0.0,BULL,LOW_VOL
2022-08-19,2,DOWN,UP,0.5200849141176069,,False,False,0.0,BULL,LOW_VOL
2022-08-22,2,UP,UP,0.5658468568599133,,False,True,0.0,BULL,HIGH_VOL
2022-08-23,2,UP,DOWN,0.6116483726002622,,False,False,0.0,BULL,HIGH_VOL
2022-08-24,2,DOWN,DOWN,0.5831366240368584,,False,True,0.0,BULL,LOW_VOL
2022-08-25,2,DOWN,UP,0.6128485501365373,,False,False,0.0,BULL,LOW_VOL
2022-08-26,2,UP,UP,0.5673690289074991,,False,True,0.0,BULL,LOW_VOL
2022-08-29,2,UP,DOWN,0.5976293078428558,,False,False,0.0,BULL,LOW_VOL
2022-08-30,2,UP,UP,0.5441969439705354,,False,True,0.0,BULL,HIGH_VOL
2022-09-01,2,DOWN,UP,0.546146961352613,,False,False,0.0,BULL,HIGH_VOL
2022-09-02,2,UP,UP,0.5292343929482943,,False,True,0.0,BULL,HIGH_VOL
2022-09-05,2,DOWN,DOWN,0.5597012561373376,,False,True,0.0,BULL,HIGH_VOL
2022-09-06,2,UP,DOWN,0.623978206961809,,False,False,0.0,BULL,HIGH_VOL
2022-09-07,2,UP,DOWN,0.5932188786881358,,False,False,0.0,BULL,HIGH_VOL
2022-09-08,2,DOWN,DOWN,0.5588421342297032,,False,True,0.0,BULL,HIGH_VOL
2022-09-09,2,UP,UP,0.5425852697288163,,False,True,0.0,BULL,HIGH_VOL
2022-09-12,2,UP,DOWN,0.6292635890281053,,False,False,0.0,BULL,HIGH_VOL
2022-09-13,2,UP,DOWN,0.6079216646291277,,False,False,0.0,BULL,HIGH_VOL
2022-09-14,2,DOWN,DOWN,0.5132644060707341,,False,True,0.0,BULL,HIGH_VOL
2022-09-15,2,DOWN,DOWN,0.5590494916371493,,False,True,0.0,BULL,HIGH_VOL
2022-09-16,2,UP,DOWN,0.5154237275396238,,False,False,0.0,BULL,HIGH_VOL
2022-09-19,2,UP,DOWN,0.6660435174737234,,False,False,0.0,BULL,HIGH_VOL
2022-09-20,2,DOWN,UP,0.6131230575913886,,False,False,0.0,BULL,HIGH_VOL
2022-09-21,2,UP,DOWN,0.5395955874459216,,False,False,0.0,BULL,HIGH_VOL
2022-09-22,2,DOWN,DOWN,0.5945573658138075,,False,True,0.0,BULL,HIGH_VOL
2022-09-23,2,DOWN,UP,0.505980330339147,,False,False,0.0,BULL,HIGH_VOL
2022-09-26,2,DOWN,UP,0.6330602077815511,,False,False,0.0,BULL,HIGH_VOL
2022-09-27,2,DOWN,DOWN,0.5535915854854676,,False,True,0.0,BULL,HIGH_VOL
2022-09-28,2,DOWN,UP,0.5526901839191514,,False,False,0.0,BEAR,HIGH_VOL
2022-09-29,2,UP,UP,0.646391774235912,,False,True,0.0,BEAR,HIGH_VOL
2022-09-30,2,DOWN,UP,0.5746376803181764,,False,False,0.0,BULL,HIGH_VOL
2022-10-03,2,UP,UP,0.5141589656120608,,False,True,0.0,BEAR,HIGH_VOL
2022-10-04,2,DOWN,UP,0.6088513181804085,,False,False,0.0,BULL,HIGH_VOL
2022-10-06,2,UP,UP,0.5566780109154988,,False,True,0.0,BULL,HIGH_VOL
2022-10-07,2,UP,UP,0.513551525711807,,False,True,0.0,BULL,HIGH_VOL
2022-10-10,2,DOWN,DOWN,0.61682263789788,,False,True,0.0,BULL,HIGH_VOL
2022-10-11,2,UP,DOWN,0.5046643999649298,,False,False,0.0,BEAR,HIGH_VOL
2022-10-12,2,DOWN,DOWN,0.5827093920669532,,False,True,0.0,BULL,HIGH_VOL
2022-10-13,2,DOWN,DOWN,0.5646978632221131,,False,True,0.0,BULL,HIGH_VOL
2022-10-14,2,UP,UP,0.6045955521699529,,False,True,0.0,BULL,HIGH_VOL
2022-10-17,2,UP,DOWN,0.5769807738217294,,False,False,0.0,BULL,HIGH_VOL
2022-10-18,2,DOWN,DOWN,0.525172592456276,,False,True,0.0,BULL,HIGH_VOL
2022-10-19,2,UP,DOWN,0.5630884410664104,,False,False,0.0,BULL,HIGH_VOL
2022-10-20,2,DOWN,DOWN,0.5824208307319486,,False,True,0.0,BULL,HIGH_VOL
2022-10-21,2,DOWN,DOWN,0.572519891807554,,False,True,0.0,BULL,HIGH_VOL
2022-10-24,2,DOWN,DOWN,0.509051289949753,,False,True,0.0,BULL,HIGH_VOL
2022-10-25,2,DOWN,UP,0.5333363744008985,,False,False,0.0,BULL,HIGH_VOL
2022-10-27,2,UP,UP,0.5461594974963515,,False,True,0.0,BULL,HIGH_VOL
2022-10-28,2,UP,DOWN,0.5545197139004941,,False,False,0.0,BULL,HIGH_VOL
2022-10-31,2,UP,DOWN,0.5316216070230428,,False,False,0.0,BULL,HIGH_VOL
2022-11-01,2,DOWN,DOWN,0.5178281647167886,,False,True,0.0,BULL,HIGH_VOL
2022-11-02,2,UP,DOWN,0.5001501507584011,,False,False,0.0,BULL,HIGH_VOL
2022-11-03,2,UP,DOWN,0.695716260344075,,False,False,0.0,BULL,LOW_VOL
2022-11-04,2,DOWN,DOWN,0.6643323755127934,,False,True,0.0,BULL,LOW_VOL
2022-11-07,2,DOWN,DOWN,0.6031080505918505,,False,True,0.0,BULL,LOW_VOL
2022-11-09,2,DOWN,DOWN,0.5381270600260668,,False,True,0.0,BULL,LOW_VOL
2022-11-10,2,UP,DOWN,0.568654386376191,,False,False,0.0,BULL,LOW_VOL
2022-11-11,2,DOWN,UP,0.5284588338896867,,False,False,0.0,BULL,LOW_VOL
2022-11-14,2,UP,DOWN,0.5480651871783035,,False,False,0.0,BULL,LOW_VOL
2022-11-15,2,UP,DOWN,0.658057483671391,,False,False,0.0,BULL,LOW_VOL
2022-11-16,2,DOWN,DOWN,0.6484996144045956,,False,True,0.0,BULL,LOW_VOL
2022-11-17,2,DOWN,DOWN,0.6321247575489842,,False,True,0.0,BULL,LOW_VOL
2022-11-18,2,DOWN,DOWN,0.6192345064720093,,False,True,0.0,BULL,LOW_VOL
2022-11-21,2,UP,UP,0.5093493124515868,,False,True,0.0,BULL,LOW_VOL
2022-11-22,2,DOWN,DOWN,0.6727068968666918,,False,True,0.0,BULL,LOW_VOL
2022-11-23,2,UP,DOWN,0.5959172478627791,,False,False,0.0,BULL,LOW_VOL
2022-11-24,2,DOWN,DOWN,0.600138628766828,,False,True,0.0,BULL,LOW_VOL
2022-11-25,2,UP,DOWN,0.5623803012438915,,False,False,0.0,BULL,LOW_VOL
2022-11-28,2,UP,DOWN,0.6285788475933762,,False,False,0.0,BULL,LOW_VOL
2022-11-29,2,UP,DOWN,0.6534237950226773,,False,False,0.0,BULL,LOW_VOL
2022-11-30,2,DOWN,DOWN,0.5036729129763957,,False,True,0.0,BULL,LOW_VOL
2022-12-01,2,DOWN,DOWN,0.5497646832006714,,False,True,0.0,BULL,LOW_VOL
2022-12-02,2,DOWN,DOWN,0.6059688159106488,,False,True,0.0,BULL,LOW_VOL
2022-12-05,2,UP,DOWN,0.6570837680551243,,False,False,0.0,BULL,LOW_VOL
2022-12-06,2,DOWN,DOWN,0.6135094178646225,,False,True,0.0,BULL,LOW_VOL
2022-12-07,2,UP,DOWN,0.5370207791320574,,False,False,0.0,BULL,LOW_VOL
2022-12-08,2,DOWN,DOWN,0.6136319962127987,,False,True,0.0,BULL,LOW_VOL
2022-12-09,2,UP,DOWN,0.5027682710715276,,False,False,0.0,BULL,LOW_VOL
2022-12-12,2,UP,DOWN,0.6177331516099642,,False,False,0.0,BULL,LOW_VOL
2022-12-13,2,DOWN,DOWN,0.5554954468433235,,False,True,0.0,BULL,LOW_VOL
2022-12-14,2,DOWN,DOWN,0.5688716630778708,,False,True,0.0,BULL,LOW_VOL
2022-12-15,2,DOWN,DOWN,0.5800544020060867,,False,True,0.0,BULL,LOW_VOL
2022-12-16,2,UP,DOWN,0.5905512972369074,,False,False,0.0,BULL,LOW_VOL
2022-12-19,2,UP,DOWN,0.530995935096414,,False,False,0.0,BULL,LOW_VOL
2022-12-20,2,DOWN,DOWN,0.5494864391494739,,False,True,0.0,BULL,LOW_VOL
2022-12-21,2,DOWN,DOWN,0.5519679034022938,,False,True,0.0,BULL,LOW_VOL
2022-12-22,2,DOWN,DOWN,0.5803084896387563,,False,True,0.0,BULL,LOW_VOL
2022-12-23,2,UP,UP,0.5768375384153174,,False,True,0.0,BULL,LOW_VOL
2022-12-26,2,UP,DOWN,0.5598260325847806,,False,False,0.0,BULL,LOW_VOL
2022-12-27,2,UP,UP,0.5719594397756261,,False,True,0.0,BULL,LOW_VOL
2022-12-28,2,UP,UP,0.583992740055327,,False,True,0.0,BULL,LOW_VOL
2022-12-29,2,DOWN,UP,0.649210664718262,,False,False,0.0,BULL,LOW_VOL
2022-12-30,2,UP,UP,0.5848061702083988,,False,True,0.0,BULL,LOW_VOL
2023-01-02,2,UP,UP,0.5403144677867777,,False,True,0.0,BULL,LOW_VOL
2023-01-03,2,DOWN,DOWN,0.5615239221153241,,False,True,0.0,BULL,LOW_VOL
2023-01-04,2,DOWN,UP,0.5139154449681683,,False,False,0.0,BULL,LOW_VOL
2023-01-05,2,DOWN,UP,0.5005008187402424,,False,False,0.0,BULL,LOW_VOL
2023-01-06,2,UP,DOWN,0.6615515897148274,,False,False,0.0,BULL,LOW_VOL
2023-01-09,2,DOWN,UP,0.5478666094257925,,False,False,0.0,BULL,HIGH_VOL
2023-01-10,2,DOWN,UP,0.5409946586235511,,False,False,0.0,BULL,HIGH_VOL
2023-01-11,2,DOWN,DOWN,0.6055093903944281,,False,True,0.0,BULL,HIGH_VOL
2023-01-12,2,UP,DOWN,0.6055731308466803,,False,False,0.0,BULL,HIGH_VOL
2023-01-13,2,DOWN,DOWN,0.5539236686765123,,False,True,0.0,BULL,HIGH_VOL
2023-01-16,2,UP,UP,0.5718362068087997,,False,True,0.0,BULL,LOW_VOL
2023-01-17,2,UP,UP,0.5705928432949245,,False,True,0.0,BULL,HIGH_VOL
2023-01-18,2,DOWN,UP,0.5011667711863526,,False,False,0.0,BULL,HIGH_VOL
2023-01-19,2,DOWN,DOWN,0.5422650599280623,,False,True,0.0,BULL,LOW_VOL
2023-01-20,2,UP,DOWN,0.5845563045873188,,False,False,0.0,BULL,LOW_VOL
2023-01-23,2,DOWN,DOWN,0.5074485053085014,,False,True,0.0,BULL,LOW_VOL
2023-01-24,2,DOWN,UP,0.5004551851936789,,False,False,0.0,BULL,LOW_VOL
2023-01-25,2,DOWN,UP,0.5229490570748275,,False,False,0.0,BULL,LOW_VOL
2023-01-27,2,UP,DOWN,0.5114092426701282,,False,False,0.0,BULL,LOW_VOL
2023-01-30,2,DOWN,DOWN,0.6561521498980671,,False,True,0.0,BULL,LOW_VOL
2023-01-31,2,DOWN,DOWN,0.5133680865682066,,False,True,0.0,BULL,LOW_VOL
2023-02-01,2,UP,UP,0.6072050268315609,,False,True,0.0,BULL,LOW_VOL
2023-02-02,2,UP,UP,0.5381272046929473,,False,True,0.0,BULL,LOW_VOL
2023-02-03,2,DOWN,UP,0.6107867594641202,,False,False,0.0,BULL,LOW_VOL
2023-02-06,2,DOWN,DOWN,0.5046584691473451,,False,True,0.0,BULL,LOW_VOL
2023-02-07,2,UP,DOWN,0.5286145368196319,,False,False,0.0,BULL,LOW_VOL
2023-02-08,2,UP,UP,0.5921300340818645,,False,True,0.0,BULL,LOW_VOL
2023-02-09,2,UP,DOWN,0.5047485555066747,,False,False,0.0,BULL,LOW_VOL
2023-02-10,2,DOWN,DOWN,0.5421789483222641,,False,True,0.0,BULL,LOW_VOL
2023-02-13,2,UP,DOWN,0.5832883977996914,,False,False,0.0,BULL,LOW_VOL
2023-02-14,2,UP,DOWN,0.5511143847238227,,False,False,0.0,BULL,LOW_VOL
2023-02-15,2,DOWN,DOWN,0.5294748950598234,,False,True,0.0,BULL,LOW_VOL
2023-02-16,2,DOWN,UP,0.5420528695948459,,False,False,0.0,BULL,LOW_VOL
2023-02-17,2,DOWN,DOWN,0.632339079623234,,False,True,0.0,BULL,LOW_VOL
2023-02-20,2,DOWN,DOWN,0.5138530849640197,,False,True,0.0,BULL,LOW_VOL
2023-02-21,2,DOWN,DOWN,0.5638901719171808,,False,True,0.0,BULL,LOW_VOL
2023-02-22,2,DOWN,DOWN,0.5282780000336195,,False,True,0.0,BULL,LOW_VOL
2023-02-23,2,DOWN,DOWN,0.6582490764814601,,False,True,0.0,BULL,LOW_VOL
2023-02-24,2,DOWN,DOWN,0.5401309482164172,,False,True,0.0,BULL,LOW_VOL
2023-02-27,2,DOWN,DOWN,0.6296338516313458,,False,True,0.0,BULL,LOW_VOL
2023-02-28,2,UP,UP,0.5662796546311717,,False,True,0.0,BEAR,LOW_VOL
2023-03-01,2,DOWN,UP,0.5006665639362471,,False,False,0.0,BULL,LOW_VOL
2023-03-02,2,UP,UP,0.5370658175111964,,False,True,0.0,BEAR,LOW_VOL
2023-03-03,2,UP,UP,0.7019331065387981,,False,True,0.0,BULL,LOW_VOL
2023-03-06,2,UP,UP,0.5834111450133876,,False,True,0.0,BULL,LOW_VOL
2023-03-08,2,DOWN,DOWN,0.5240824246334341,,False,True,0.0,BULL,LOW_VOL
2023-03-09,2,DOWN,DOWN,0.5379600982785653,,False,True,0.0,BULL,LOW_VOL
2023-03-10,2,DOWN,DOWN,0.6627877401616884,,False,True,0.0,BEAR,LOW_VOL
2023-03-13,2,DOWN,UP,0.5594223609198508,,False,False,0.0,BEAR,HIGH_VOL
2023-03-14,2,DOWN,UP,0.5058234457387498,,False,False,0.0,BEAR,HIGH_VOL
2023-03-15,2,DOWN,UP,0.6554520688340194,,False,False,0.0,BEAR,LOW_VOL
2023-03-16,2,DOWN,DOWN,0.6600548905934941,,False,True,0.0,BEAR,LOW_VOL
2023-03-17,2,DOWN,UP,0.5421763388003141,,False,False,0.0,BEAR,LOW_VOL
2023-03-20,2,UP,DOWN,0.5759957485430434,,False,False,0.0,BEAR,LOW_VOL
2023-03-21,2,DOWN,UP,0.5306254228490738,,False,False,0.0,BEAR,HIGH_VOL
2023-03-22,2,DOWN,UP,0.5348138977979493,,False,False,0.0,BEAR,HIGH_VOL
2023-03-23,2,DOWN,UP,0.5761444396550974,,False,False,0.0,BEAR,LOW_VOL
2023-03-24,2,UP,DOWN,0.5543610845126618,,False,False,0.0,BEAR,LOW_VOL
2023-03-27,2,DOWN,DOWN,0.6181882529951838,,False,True,0.0,BEAR,LOW_VOL
2023-03-28,2,UP,UP,0.5020440878543366,,False,True,0.0,BEAR,LOW_VOL
2023-03-29,2,UP,DOWN,0.5223504202499132,,False,False,0.0,BEAR,HIGH_VOL
2023-03-31,2,DOWN,UP,0.5578977351070631,,False,False,0.0,BEAR,HIGH_VOL
2023-04-03,2,UP,DOWN,0.5668108137201573,,False,False,0.0,BEAR,HIGH_VOL
2023-04-05,2,UP,UP,0.5307223948321871,,False,True,0.0,BULL,LOW_VOL
2023-04-06,2,DOWN,DOWN,0.6041709396886743,,False,True,0.0,BULL,LOW_VOL
2023-04-10,2,UP,DOWN,0.5696938263322122,,False,False,0.0,BULL,LOW_VOL
2023-04-11,2,UP,DOWN,0.5841144424781971,,False,False,0.0,BULL,LOW_VOL
2023-04-12,2,UP,DOWN,0.581403765224588,,False,False,0.0,BULL,LOW_VOL
2023-04-13,2,DOWN,DOWN,0.6049799546839985,,False,True,0.0,BULL,LOW_VOL
2023-04-17,2,DOWN,UP,0.5438179987143992,,False,False,0.0,BULL,LOW_VOL
2023-04-18,2,DOWN,UP,0.5641964578034601,,False,False,0.0,BULL,LOW_VOL
2023-04-19,2,DOWN,DOWN,0.5297836857626694,,False,True,0.0,BULL,LOW_VOL
2023-04-20,2,DOWN,DOWN,0.5057817835318741,,False,True,0.0,BULL,LOW_VOL
2023-04-21,2,UP,UP,0.5148397230047568,,False,True,0.0,BULL,LOW_VOL
2023-04-24,2,UP,DOWN,0.5294828377651102,,False,False,0.0,BULL,LOW_VOL
2023-04-25,2,UP,DOWN,0.550637811535009,,False,False,0.0,BULL,LOW_VOL
2023-04-26,2,UP,UP,0.5037906834595002,,False,True,0.0,BULL,LOW_VOL
2023-04-27,2,UP,DOWN,0.541066724425834,,False,False,0.0,BULL,LOW_VOL
2023-04-28,2,UP,UP,0.5012326852869762,,False,True,0.0,BULL,LOW_VOL
2023-05-02,2,DOWN,DOWN,0.6934712707736008,,False,True,0.0,BULL,LOW_VOL
2023-05-03,2,UP,DOWN,0.5416409131835751,,False,False,0.0,BULL,LOW_VOL
2023-05-04,2,DOWN,UP,0.5361035598428585,,False,False,0.0,BULL,LOW_VOL
2023-05-05,2,UP,DOWN,0.5576579215941606,,False,False,0.0,BULL,LOW_VOL
2023-05-08,2,DOWN,DOWN,0.6326426816664346,,False,True,0.0,BULL,LOW_VOL
2023-05-09,2,UP,DOWN,0.6725813822024704,,False,False,0.0,BULL,LOW_VOL
2023-05-10,2,DOWN,DOWN,0.6351509742824593,,False,True,0.0,BULL,LOW_VOL
2023-05-11,2,UP,DOWN,0.6227407465636294,,False,False,0.0,BULL,LOW_VOL
2023-05-12,2,UP,DOWN,0.640043421068287,,False,False,0.0,BULL,LOW_VOL
2023-05-15,2,DOWN,DOWN,0.6733710342198693,,False,True,0.0,BULL,LOW_VOL
2023-05-16,2,DOWN,UP,0.5604815446044047,,False,False,0.0,BULL,LOW_VOL
2023-05-17,2,DOWN,UP,0.5260388708892347,,False,False,0.0,BULL,LOW_VOL
2023-05-18,2,UP,UP,0.5252767657428763,,False,True,0.0,BULL,LOW_VOL
2023-05-19,2,UP,DOWN,0.5922861722319268,,False,False,0.0,BULL,LOW_VOL
2023-05-22,2,DOWN,DOWN,0.5729790285732066,,False,True,0.0,BULL,LOW_VOL
2023-05-23,2,DOWN,DOWN,0.5435103167159294,,False,True,0.0,BULL,LOW_VOL
2023-05-24,2,UP,DOWN,0.5890788666253703,,False,False,0.0,BULL,LOW_VOL
2023-05-25,2,UP,DOWN,0.6955904393919407,,False,False,0.0,BULL,LOW_VOL
2023-05-26,2,DOWN,UP,0.51460236981357,,False,False,0.0,BULL,LOW_VOL
2023-05-29,2,UP,DOWN,0.5449642635397749,,False,False,0.0,BULL,LOW_VOL
2023-05-30,3,DOWN,DOWN,0.6047050501772531,,False,True,0.0,BULL,LOW_VOL
2023-05-31,3,DOWN,DOWN,0.5071642123755783,,False,True,0.0,BULL,LOW_VOL
2023-06-01,3,DOWN,DOWN,0.5198573472167237,,False,True,0.0,BULL,LOW_VOL
2023-06-02,3,DOWN,DOWN,0.641110617525561,,False,True,0.0,BULL,LOW_VOL
2023-06-05,3,DOWN,DOWN,0.6040604468288011,,False,True,0.0,BULL,LOW_VOL
2023-06-06,3,UP,DOWN,0.7142483519206884,,False,False,0.0,BULL,LOW_VOL
2023-06-07,3,DOWN,DOWN,0.6591507823083361,,False,True,0.0,BULL,LOW_VOL
2023-06-08,3,DOWN,DOWN,0.5687866495757822,,False,True,0.0,BULL,LOW_VOL
2023-06-09,3,UP,DOWN,0.5498313029791839,,False,False,0.0,BULL,LOW_VOL
2023-06-12,3,UP,DOWN,0.6007693292906751,,False,False,0.0,BULL,LOW_VOL
2023-06-13,3,UP,DOWN,0.6636043580008125,,False,False,0.0,BULL,LOW_VOL
2023-06-14,3,DOWN,DOWN,0.5860055183606714,,False,True,0.0,BULL,LOW_VOL
2023-06-15,3,UP,DOWN,0.645037404657231,,False,False,0.0,BULL,LOW_VOL
2023-06-16,3,DOWN,DOWN,0.6506696265743045,,False,True,0.0,BULL,LOW_VOL
2023-06-19,3,UP,DOWN,0.5283850298413619,,False,False,0.0,BULL,LOW_VOL
2023-06-20,3,UP,DOWN,0.7339166302348615,,False,False,0.0,BULL,LOW_VOL
2023-06-21,3,DOWN,DOWN,0.6577682869679227,,False,True,0.0,BULL,LOW_VOL
2023-06-22,3,DOWN,DOWN,0.6371920130579015,,False,True,0.0,BULL,LOW_VOL
2023-06-23,3,UP,DOWN,0.5894387797297509,,False,False,0.0,BULL,LOW_VOL
2023-06-26,3,UP,DOWN,0.5984846045891151,,False,False,0.0,BULL,LOW_VOL
2023-06-27,3,UP,DOWN,0.637855620369781,,False,False,0.0,BULL,LOW_VOL
2023-06-28,3,UP,DOWN,0.5543951927122244,,False,False,0.0,BULL,LOW_VOL
2023-06-30,3,UP,UP,0.5544729473896121,,False,True,0.0,BULL,LOW_VOL
2023-07-03,3,DOWN,DOWN,0.6106496867842799,,False,True,0.0,BULL,LOW_VOL
2023-07-04,3,DOWN,DOWN,0.6383050218030886,,False,True,0.0,BULL,LOW_VOL
2023-07-05,3,UP,DOWN,0.564109559592116,,False,False,0.0,BULL,LOW_VOL
2023-07-06,3,DOWN,DOWN,0.5679581409699339,,False,True,0.0,BULL,LOW_VOL
2023-07-07,3,DOWN,UP,0.5037296993916307,,False,False,0.0,BULL,LOW_VOL
2023-07-10,3,UP,DOWN,0.5391811669386826,,False,False,0.0,BULL,LOW_VOL
2023-07-11,3,DOWN,DOWN,0.641713585139158,,False,True,0.0,BULL,LOW_VOL
2023-07-12,3,DOWN,UP,0.5549017321664147,,False,False,0.0,BULL,LOW_VOL
2023-07-13,3,UP,UP,0.513958418576799,,False,True,0.0,BULL,LOW_VOL
2023-07-14,3,UP,DOWN,0.5541360922758556,,False,False,0.0,BULL,LOW_VOL
2023-07-17,3,DOWN,DOWN,0.6117599367743627,,False,True,0.0,BULL,LOW_VOL
2023-07-18,3,UP,DOWN,0.6183306807754207,,False,False,0.0,BULL,LOW_VOL
2023-07-19,3,UP,DOWN,0.6342916315175493,,False,False,0.0,BULL,LOW_VOL
2023-07-20,3,DOWN,DOWN,0.5011658100955426,,False,True,0.0,BULL,LOW_VOL
2023-07-21,3,DOWN,UP,0.5229249000765894,,False,False,0.0,BULL,LOW_VOL
2023-07-24,3,DOWN,UP,0.5092254760405195,,False,False,0.0,BULL,LOW_VOL
2023-07-25,3,UP,UP,0.5675664662585895,,False,True,0.0,BULL,LOW_VOL
2023-07-26,3,DOWN,DOWN,0.6093473417383022,,False,True,0.0,BULL,LOW_VOL
2023-07-27,3,DOWN,UP,0.6076320554438466,,False,False,0.0,BULL,LOW_VOL
2023-07-28,3,UP,DOWN,0.6234761137300042,,False,False,0.0,BULL,LOW_VOL
2023-07-31,3,DOWN,DOWN,0.6426792637519552,,False,True,0.0,BULL,LOW_VOL
2023-08-01,3,DOWN,DOWN,0.5488795610434569,,False,True,0.0,BULL,LOW_VOL
2023-08-02,3,DOWN,DOWN,0.5962254313656965,,False,True,0.0,BULL,LOW_VOL
2023-08-03,3,UP,DOWN,0.6025105206451853,,False,False,0.0,BULL,LOW_VOL
2023-08-04,3,UP,DOWN,0.501031255317898,,False,False,0.0,BULL,LOW_VOL
2023-08-07,3,DOWN,DOWN,0.5297972923448033,,False,True,0.0,BULL,LOW_VOL
2023-08-08,3,UP,DOWN,0.5026946699833682,,False,False,0.0,BULL,LOW_VOL
2023-08-09,3,DOWN,DOWN,0.5951448999289379,,False,True,0.0,BULL,LOW_VOL
2023-08-10,3,DOWN,DOWN,0.5183762968385524,,False,True,0.0,BULL,LOW_VOL
2023-08-11,3,UP,DOWN,0.5324497081625432,,False,False,0.0,BULL,LOW_VOL
2023-08-14,3,UP,DOWN,0.5725351184261325,,False,False,0.0,BULL,LOW_VOL
2023-08-16,3,DOWN,DOWN,0.5622282641830546,,False,True,0.0,BULL,LOW_VOL
2023-08-17,3,UP,UP,0.5222879471027607,,False,True,0.0,BULL,LOW_VOL
2023-08-18,3,UP,DOWN,0.6640331957750782,,False,False,0.0,BULL,LOW_VOL
2023-08-21,3,DOWN,DOWN,0.5599265347228801,,False,True,0.0,BULL,LOW_VOL
2023-08-22,3,UP,UP,0.5040637072929556,,False,True,0.0,BULL,LOW_VOL
2023-08-23,3,DOWN,DOWN,0.5389690862024883,,False,True,0.0,BULL,LOW_VOL
2023-08-24,3,DOWN,UP,0.5619525482529542,,False,False,0.0,BULL,LOW_VOL
2023-08-25,3,UP,DOWN,0.5498300868876973,,False,False,0.0,BULL,LOW_VOL
2023-08-28,3,DOWN,DOWN,0.5954102206040015,,False,True,0.0,BULL,LOW_VOL
2023-08-29,3,DOWN,UP,0.5473969825575236,,False,False,0.0,BULL,LOW_VOL
2023-08-30,3,DOWN,UP,0.5491823856106629,,False,False,0.0,BULL,LOW_VOL
2023-08-31,3,UP,UP,0.511796712758977,,False,True,0.0,BULL,LOW_VOL
2023-09-01,3,UP,DOWN,0.5371222948572698,,False,False,0.0,BULL,LOW_VOL
2023-09-04,3,UP,DOWN,0.5392809773619591,,False,False,0.0,BULL,LOW_VOL
2023-09-05,3,UP,DOWN,0.5208635732348277,,False,False,0.0,BULL,LOW_VOL
2023-09-06,3,UP,DOWN,0.5777051189587128,,False,False,0.0,BULL,LOW_VOL
2023-09-07,3,UP,UP,0.53429398801933,,False,True,0.0,BULL,LOW_VOL
2023-09-08,3,UP,DOWN,0.5265023536566749,,False,False,0.0,BULL,LOW_VOL
2023-09-11,3,DOWN,DOWN,0.5205756235168101,,False,True,0.0,BULL,LOW_VOL
2023-09-12,3,UP,UP,0.5196984018344583,,False,True,0.0,BULL,LOW_VOL
2023-09-13,3,DOWN,DOWN,0.5749182613929218,,False,True,0.0,BULL,LOW_VOL
2023-09-14,3,UP,DOWN,0.5802344871298939,,False,False,0.0,BULL,LOW_VOL
2023-09-15,3,DOWN,DOWN,0.5458753382432218,,False,True,0.0,BULL,LOW_VOL
2023-09-18,3,DOWN,DOWN,0.6653260493675521,,False,True,0.0,BULL,LOW_VOL
2023-09-20,3,DOWN,DOWN,0.5344407974908483,,False,True,0.0,BULL,LOW_VOL
2023-09-21,3,DOWN,DOWN,0.5524158246269808,,False,True,0.0,BULL,LOW_VOL
2023-09-22,3,DOWN,DOWN,0.6354371529561522,,False,True,0.0,BULL,LOW_VOL
2023-09-25,3,DOWN,DOWN,0.643055278715289,,False,True,0.0,BULL,LOW_VOL
2023-09-26,3,UP,DOWN,0.5923275867799462,,False,False,0.0,BULL,LOW_VOL
2023-09-27,3,DOWN,DOWN,0.549055830198486,,False,True,0.0,BULL,LOW_VOL
2023-09-28,3,UP,DOWN,0.5089010453007113,,False,False,0.0,BULL,LOW_VOL
2023-09-29,3,DOWN,UP,0.5174549204586977,,False,False,0.0,BULL,LOW_VOL
2023-10-03,3,DOWN,DOWN,0.5406233758542338,,False,True,0.0,BULL,LOW_VOL
2023-10-04,3,UP,DOWN,0.6280844666367242,,False,False,0.0,BULL,LOW_VOL
2023-10-05,3,UP,UP,0.508382874251695,,False,True,0.0,BULL,LOW_VOL
2023-10-06,3,DOWN,UP,0.5576258805138904,,False,False,0.0,BULL,LOW_VOL
2023-10-09,3,UP,DOWN,0.5675809866557138,,False,False,0.0,BULL,LOW_VOL
2023-10-10,3,UP,UP,0.5091073296172198,,False,True,0.0,BULL,LOW_VOL
2023-10-11,3,DOWN,UP,0.5148721255421106,,False,False,0.0,BULL,LOW_VOL
2023-10-12,3,UP,UP,0.5504967633698081,,False,True,0.0,BULL,LOW_VOL
2023-10-13,3,DOWN,DOWN,0.6272581840922524,,False,True,0.0,BULL,LOW_VOL
2023-10-16,3,DOWN,DOWN,0.61062318589993,,False,True,0.0,BULL,LOW_VOL
2023-10-17,3,DOWN,UP,0.5937815055457698,,False,False,0.0,BULL,LOW_VOL
2023-10-18,3,UP,DOWN,0.5109762562299902,,False,False,0.0,BULL,LOW_VOL
2023-10-19,3,UP,DOWN,0.624206372554902,,False,False,0.0,BULL,LOW_VOL
2023-10-20,3,DOWN,DOWN,0.6779444333595726,,False,True,0.0,BULL,LOW_VOL
2023-10-23,3,DOWN,DOWN,0.5181836847427925,,False,True,0.0,BULL,LOW_VOL
2023-10-25,3,DOWN,UP,0.6071446782122163,,False,False,0.0,BULL,LOW_VOL
2023-10-26,3,UP,UP,0.6847609438592245,,False,True,0.0,BULL,LOW_VOL
2023-10-27,3,UP,DOWN,0.6086409678559067,,False,False,0.0,BULL,LOW_VOL
2023-10-30,3,DOWN,DOWN,0.5590292363277521,,False,True,0.0,BULL,LOW_VOL
2023-10-31,3,DOWN,UP,0.5481361291328548,,False,False,0.0,BULL,LOW_VOL
2023-11-01,3,UP,DOWN,0.576890608673161,,False,False,0.0,BULL,LOW_VOL
2023-11-02,3,DOWN,UP,0.5407667697259616,,False,False,0.0,BULL,LOW_VOL
2023-11-03,3,UP,UP,0.5895658215365972,,False,True,0.0,BULL,LOW_VOL
2023-11-06,3,UP,DOWN,0.5270942082037117,,False,False,0.0,BULL,LOW_VOL
2023-11-07,3,DOWN,DOWN,0.5362461631202007,,False,True,0.0,BULL,LOW_VOL
2023-11-08,3,DOWN,UP,0.5237863495512292,,False,False,0.0,BULL,LOW_VOL
2023-11-09,3,UP,UP,0.5160067338723445,,False,True,0.0,BULL,LOW_VOL
2023-11-10,3,DOWN,DOWN,0.5726935940751096,,False,True,0.0,BULL,LOW_VOL
2023-11-13,3,UP,DOWN,0.5217541852376768,,False,False,0.0,BULL,LOW_VOL
2023-11-15,3,UP,UP,0.574718388924611,,False,True,0.0,BULL,LOW_VOL
2023-11-16,3,UP,UP,0.5548605771977836,,False,True,0.0,BULL,LOW_VOL
2023-11-17,3,DOWN,DOWN,0.5320346203867139,,False,True,0.0,BULL,LOW_VOL
2023-11-20,3,UP,DOWN,0.5252026360854269,,False,False,0.0,BULL,LOW_VOL
2023-11-21,3,UP,DOWN,0.5141908809577954,,False,False,0.0,BULL,LOW_VOL
2023-11-22,3,DOWN,DOWN,0.6186420532818607,,False,True,0.0,BULL,LOW_VOL
2023-11-23,3,DOWN,DOWN,0.5741205841622771,,False,True,0.0,BULL,LOW_VOL
2023-11-24,3,UP,DOWN,0.579557000111972,,False,False,0.0,BULL,LOW_VOL
2023-11-28,3,UP,DOWN,0.6111801308127223,,False,False,0.0,BULL,LOW_VOL
2023-11-29,3,UP,DOWN,0.5059564548560613,,False,False,0.0,BULL,LOW_VOL
2023-11-30,3,UP,UP,0.5014001482789688,,False,True,0.0,BULL,LOW_VOL
2023-12-01,3,UP,DOWN,0.5884147145796196,,False,False,0.0,BULL,LOW_VOL
2023-12-04,3,UP,DOWN,0.5138183565903507,,False,False,0.0,BULL,LOW_VOL
2023-12-05,3,DOWN,DOWN,0.5537167758215109,,False,True,0.0,BULL,LOW_VOL
2023-12-06,3,DOWN,DOWN,0.6302775791164519,,False,True,0.0,BULL,LOW_VOL
2023-12-07,3,UP,DOWN,0.6130207823866619,,False,False,0.0,BULL,LOW_VOL
2023-12-08,3,UP,DOWN,0.6502537747227839,,False,False,0.0,BULL,LOW_VOL
2023-12-11,3,DOWN,DOWN,0.7480216196418041,,False,True,0.0,BULL,LOW_VOL
2023-12-12,3,DOWN,DOWN,0.5886037761955921,,False,True,0.0,BULL,LOW_VOL
2023-12-13,3,UP,DOWN,0.7189623811737389,,False,False,0.0,BULL,LOW_VOL
2023-12-14,3,UP,DOWN,0.637544060474829,,False,False,0.0,BULL,LOW_VOL
2023-12-15,3,DOWN,DOWN,0.5860241665186765,,False,True,0.0,BULL,LOW_VOL
2023-12-18,3,DOWN,DOWN,0.6408359928973442,,False,True,0.0,BULL,LOW_VOL
2023-12-19,3,DOWN,DOWN,0.6292970375625504,,False,True,0.0,BULL,LOW_VOL
2023-12-20,3,UP,UP,0.5895907238010175,,False,True,0.0,BULL,LOW_VOL
2023-12-21,3,UP,DOWN,0.6602001220594707,,False,False,0.0,BULL,LOW_VOL
2023-12-22,3,UP,DOWN,0.5205532235708463,,False,False,0.0,BULL,LOW_VOL
2023-12-26,3,UP,DOWN,0.5348637543684625,,False,False,0.0,BULL,LOW_VOL
2023-12-27,3,UP,DOWN,0.5689814896778712,,False,False,0.0,BULL,LOW_VOL
2023-12-28,3,DOWN,DOWN,0.6185508965012108,,False,True,0.0,BULL,LOW_VOL
2023-12-29,3,UP,UP,0.5109046387051519,,False,True,0.0,BULL,LOW_VOL
2024-01-01,3,DOWN,DOWN,0.5585139189491501,,False,True,0.0,BULL,LOW_VOL
2024-01-02,3,DOWN,DOWN,0.5685947624974304,,False,True,0.0,BULL,LOW_VOL
2024-01-03,3,UP,UP,0.5604394534318573,,False,True,0.0,BULL,LOW_VOL
2024-01-04,3,UP,DOWN,0.5354795254988661,,False,False,0.0,BULL,LOW_VOL
2024-01-05,3,DOWN,DOWN,0.6051482942634432,,False,True,0.0,BULL,LOW_VOL
2024-01-08,3,DOWN,DOWN,0.5422225812900356,,False,True,0.0,BULL,LOW_VOL
2024-01-09,3,UP,UP,0.5721485706122726,,False,True,0.0,BULL,LOW_VOL
2024-01-10,3,DOWN,DOWN,0.5183434956151403,,False,True,0.0,BULL,LOW_VOL
2024-01-11,3,UP,UP,0.5069726943386329,,False,True,0.0,BULL,LOW_VOL
2024-01-12,3,UP,DOWN,0.5317014661279569,,False,False,0.0,BULL,LOW_VOL
2024-01-15,3,DOWN,UP,0.5386304775781312,,False,False,0.0,BULL,LOW_VOL
2024-01-16,3,DOWN,DOWN,0.584170633596995,,False,True,0.0,BULL,LOW_VOL
2024-01-17,3,UP,UP,0.5013504952812858,,False,True,0.0,BULL,HIGH_VOL
2024-01-18,3,UP,DOWN,0.5967338058508953,,False,False,0.0,BULL,HIGH_VOL
2024-01-19,3,DOWN,UP,0.6114786838931312,,False,False,0.0,BULL,HIGH_VOL
2024-01-23,3,UP,UP,0.6164178528037693,,False,True,0.0,BULL,HIGH_VOL
2024-01-24,3,DOWN,UP,0.5147457712417531,,False,False,0.0,BULL,HIGH_VOL
2024-01-25,3,UP,UP,0.5752404973442555,,False,True,0.0,BULL,HIGH_VOL
2024-01-29,3,DOWN,UP,0.5084897414709229,,False,False,0.0,BULL,HIGH_VOL
2024-01-30,3,UP,DOWN,0.5274284541510158,,False,False,0.0,BULL,HIGH_VOL
2024-01-31,3,DOWN,DOWN,0.5020920467255883,,False,True,0.0,BULL,HIGH_VOL
2024-02-01,3,UP,UP,0.5087995587271567,,False,True,0.0,BULL,HIGH_VOL
2024-02-02,3,DOWN,UP,0.6004753734880407,,False,False,0.0,BULL,HIGH_VOL
2024-02-05,3,UP,UP,0.5395771508118212,,False,True,0.0,BULL,HIGH_VOL
2024-02-06,3,DOWN,DOWN,0.5671448077880329,,False,True,0.0,BULL,HIGH_VOL
2024-02-07,3,DOWN,DOWN,0.5003998306661905,,False,True,0.0,BULL,HIGH_VOL
2024-02-08,3,UP,UP,0.551604651890844,,False,True,0.0,BULL,HIGH_VOL
2024-02-09,3,DOWN,DOWN,0.6719679460941772,,False,True,0.0,BULL,HIGH_VOL
2024-02-12,3,UP,DOWN,0.5287913174438492,,False,False,0.0,BULL,HIGH_VOL
2024-02-13,3,UP,DOWN,0.6313281982361607,,False,False,0.0,BULL,HIGH_VOL
2024-02-14,3,UP,DOWN,0.6010522100235796,,False,False,0.0,BULL,HIGH_VOL
2024-02-15,3,UP,DOWN,0.5293004245771893,,False,False,0.0,BULL,HIGH_VOL
2024-02-16,3,UP,UP,0.5275656490126638,,False,True,0.0,BULL,HIGH_VOL
2024-02-19,3,UP,DOWN,0.5479432797465189,,False,False,0.0,BULL,HIGH_VOL
2024-02-20,3,DOWN,DOWN,0.5673302211330011,,False,True,0.0,BULL,HIGH_VOL
2024-02-21,3,UP,UP,0.5308974084134122,,False,True,0.0,BULL,LOW_VOL
2024-02-22,3,DOWN,DOWN,0.5552799464914384,,False,True,0.0,BULL,LOW_VOL
2024-02-23,3,DOWN,UP,0.5050678279907453,,False,False,0.0,BULL,LOW_VOL
2024-02-26,3,UP,DOWN,0.6581118538599553,,False,False,0.0,BULL,LOW_VOL
2024-02-27,3,DOWN,DOWN,0.6504247703013006,,False,True,0.0,BULL,LOW_VOL
2024-02-28,3,UP,DOWN,0.5036487204957012,,False,False,0.0,BULL,LOW_VOL
2024-02-29,3,UP,DOWN,0.6411980634276594,,False,False,0.0,BULL,LOW_VOL
2024-03-01,3,UP,DOWN,0.5181819310388571,,False,False,0.0,BULL,LOW_VOL
2024-03-04,3,DOWN,DOWN,0.614327334256247,,False,True,0.0,BULL,LOW_VOL
2024-03-05,3,UP,DOWN,0.5497679986861692,,False,False,0.0,BULL,LOW_VOL
2024-03-06,3,DOWN,DOWN,0.5878034705885137,,False,True,0.0,BULL,LOW_VOL
2024-03-07,3,DOWN,DOWN,0.5300001449914491,,False,True,0.0,BULL,LOW_VOL
2024-03-11,3,UP,UP,0.5009665444870374,,False,True,0.0,BULL,LOW_VOL
2024-03-12,3,DOWN,DOWN,0.650218941655194,,False,True,0.0,BULL,LOW_VOL
2024-03-13,3,UP,UP,0.5929029110931715,,False,True,0.0,BULL,LOW_VOL
2024-03-14,3,DOWN,DOWN,0.5628158901823554,,False,True,0.0,BULL,LOW_VOL
2024-03-15,3,UP,DOWN,0.5037063440738119,,False,False,0.0,BULL,LOW_VOL
2024-03-18,3,DOWN,DOWN,0.5535872830560034,,False,True,0.0,BULL,LOW_VOL
2024-03-19,3,DOWN,DOWN,0.5241601524334459,,False,True,0.0,BULL,LOW_VOL
2024-03-20,3,UP,DOWN,0.6493772768930945,,False,False,0.0,BULL,LOW_VOL
2024-03-21,3,UP,UP,0.6248453394828548,,False,True,0.0,BULL,LOW_VOL
2024-03-22,3,UP,UP,0.5592748702075746,,False,True,0.0,BULL,LOW_VOL
2024-03-26,3,UP,DOWN,0.5405341765986429,,False,False,0.0,BULL,LOW_VOL
2024-03-27,3,UP,DOWN,0.5101496334188326,,False,False,0.0,BULL,LOW_VOL
2024-03-28,3,UP,UP,0.5753132613641082,,False,True,0.0,BULL,HIGH_VOL
2024-04-01,3,DOWN,UP,0.5562015859131848,,False,False,0.0,BULL,LOW_VOL
2024-04-02,3,UP,UP,0.5120485566313087,,False,True,0.0,BULL,LOW_VOL
2024-04-03,3,DOWN,DOWN,0.5533329960384139,,False,True,0.0,BULL,LOW_VOL
2024-04-04,3,UP,UP,0.5471484196209168,,False,True,0.0,BULL,LOW_VOL
2024-04-05,3,UP,DOWN,0.5557476488131845,,False,False,0.0,BULL,LOW_VOL
2024-04-08,3,DOWN,DOWN,0.614217330409168,,False,True,0.0,BULL,LOW_VOL
2024-04-09,3,UP,UP,0.525688859654586,,False,True,0.0,BULL,LOW_VOL
2024-04-10,3,DOWN,DOWN,0.566286962476022,,False,True,0.0,BULL,LOW_VOL
2024-04-12,3,DOWN,UP,0.5014038853959808,,False,False,0.0,BULL,LOW_VOL
2024-04-15,3,UP,DOWN,0.6288450043030043,,False,False,0.0,BULL,LOW_VOL
2024-04-16,3,DOWN,DOWN,0.6421387903063218,,False,True,0.0,BULL,LOW_VOL
2024-04-18,3,UP,UP,0.5029005484675284,,False,True,0.0,BULL,LOW_VOL
2024-04-19,3,DOWN,DOWN,0.5397844172857127,,False,True,0.0,BULL,LOW_VOL
2024-04-22,3,DOWN,UP,0.530607532916339,,False,False,0.0,BULL,LOW_VOL
2024-04-23,3,DOWN,UP,0.525937784810884,,False,False,0.0,BULL,LOW_VOL
2024-04-24,3,UP,UP,0.530025046243818,,False,True,0.0,BULL,LOW_VOL
2024-04-25,3,DOWN,UP,0.577672718153955,,False,False,0.0,BULL,LOW_VOL
2024-04-26,3,UP,UP,0.5022628127451559,,False,True,0.0,BULL,LOW_VOL
2024-04-29,3,DOWN,UP,0.5228925126141482,,False,False,0.0,BULL,LOW_VOL
2024-04-30,3,UP,DOWN,0.55491835721091,,False,False,0.0,BULL,LOW_VOL
2024-05-02,3,DOWN,UP,0.5510221582661894,,False,False,0.0,BULL,LOW_VOL
2024-05-03,3,DOWN,UP,0.5918790249363898,,False,False,0.0,BULL,LOW_VOL
2024-05-06,3,DOWN,UP,0.5236568091591043,,False,False,0.0,BULL,LOW_VOL
2024-05-07,3,UP,DOWN,0.5817283451017716,,False,False,0.0,BULL,LOW_VOL
2024-05-08,3,DOWN,DOWN,0.5921190667708115,,False,True,0.0,BULL,LOW_VOL
2024-05-09,3,UP,DOWN,0.5152966120968947,,False,False,0.0,BULL,LOW_VOL
2024-05-10,3,UP,DOWN,0.651293956796849,,False,False,0.0,BULL,LOW_VOL
2024-05-13,3,UP,DOWN,0.5734013755124286,,False,False,0.0,BULL,LOW_VOL
2024-05-14,3,DOWN,UP,0.561880447494922,,False,False,0.0,BULL,LOW_VOL
2024-05-15,3,UP,UP,0.6254106772747778,,False,True,0.0,BULL,LOW_VOL
2024-05-16,3,UP,UP,0.578553707559911,,False,True,0.0,BULL,LOW_VOL
2024-05-17,3,UP,UP,0.5844460296154621,,False,True,0.0,BULL,LOW_VOL
2024-05-21,3,UP,DOWN,0.5053149685909586,,False,False,0.0,BULL,LOW_VOL
2024-05-22,3,UP,UP,0.5316088247716881,,False,True,0.0,BULL,LOW_VOL
2024-05-23,3,UP,UP,0.5433359840924874,,False,True,0.0,BULL,LOW_VOL
2024-05-24,3,DOWN,DOWN,0.5015091021907624,,False,True,0.0,BULL,LOW_VOL
2024-05-27,3,DOWN,DOWN,0.5026694270441764,,False,True,0.0,BULL,LOW_VOL
2024-05-28,3,DOWN,DOWN,0.5041036979020345,,False,True,0.0,BULL,LOW_VOL
2024-05-29,3,DOWN,DOWN,0.6106931635581946,,False,True,0.0,BULL,LOW_VOL
2024-05-30,3,DOWN,DOWN,0.5949193057351725,,False,True,0.0,BULL,LOW_VOL
2024-05-31,3,DOWN,UP,0.5152781089626048,,False,False,0.0,BULL,LOW_VOL
2024-06-03,3,DOWN,UP,0.5512588366524381,,False,False,0.0,BULL,HIGH_VOL
2024-06-04,3,UP,UP,0.6538779190813624,,False,True,0.0,BULL,HIGH_VOL
2024-06-05,3,UP,UP,0.6620519789652917,,False,True,0.0,BULL,HIGH_VOL
2024-06-06,4,UP,UP,0.6849856069328287,,False,True,0.0,BULL,HIGH_VOL
2024-06-07,4,DOWN,UP,0.6246428761436037,,False,False,0.0,BULL,HIGH_VOL
2024-06-10,4,DOWN,UP,0.592715544881708,,False,False,0.0,BULL,HIGH_VOL
2024-06-11,4,DOWN,UP,0.608054658588608,,False,False,0.0,BULL,HIGH_VOL
2024-06-12,4,DOWN,UP,0.6363292602470367,,False,False,0.0,BULL,HIGH_VOL
2024-06-13,4,UP,UP,0.6783415162079244,,False,True,0.0,BULL,HIGH_VOL
2024-06-14,4,DOWN,UP,0.5718929337528393,,False,False,0.0,BULL,HIGH_VOL
2024-06-18,4,DOWN,UP,0.6219684699512595,,False,False,0.0,BULL,HIGH_VOL
2024-06-19,4,DOWN,UP,0.5999697625987754,,False,False,0.0,BULL,HIGH_VOL
2024-06-20,4,DOWN,UP,0.5205299765965566,,False,False,0.0,BULL,HIGH_VOL
2024-06-21,4,UP,UP,0.5915292651548596,,False,True,0.0,BULL,HIGH_VOL
2024-06-24,4,UP,DOWN,0.5986409156856953,,False,False,0.0,BULL,HIGH_VOL
2024-06-25,4,UP,DOWN,0.5294414513882384,,False,False,0.0,BULL,HIGH_VOL
2024-06-26,4,UP,DOWN,0.5185544763923007,,False,False,0.0,BULL,HIGH_VOL
2024-06-27,4,DOWN,UP,0.5113194155063825,,False,False,0.0,BULL,HIGH_VOL
2024-06-28,4,UP,UP,0.5961711409628002,,False,True,0.0,BULL,HIGH_VOL
2024-07-01,4,DOWN,UP,0.5410772411849489,,False,False,0.0,BULL,HIGH_VOL
2024-07-02,4,DOWN,UP,0.6092074995091235,,False,False,0.0,BULL,HIGH_VOL
2024-07-03,4,DOWN,UP,0.5005676472004211,,False,False,0.0,BULL,HIGH_VOL
2024-07-04,4,UP,DOWN,0.512703700714912,,False,False,0.0,BULL,LOW_VOL
2024-07-05,4,DOWN,DOWN,0.6047955700817007,,False,True,0.0,BULL,LOW_VOL
2024-07-08,4,UP,DOWN,0.6100794020485654,,False,False,0.0,BULL,LOW_VOL
2024-07-09,4,DOWN,DOWN,0.6029959405579146,,False,True,0.0,BULL,LOW_VOL
2024-07-10,4,DOWN,DOWN,0.5168157650341009,,False,True,0.0,BULL,LOW_VOL
2024-07-11,4,UP,DOWN,0.5535646351086246,,False,False,0.0,BULL,LOW_VOL
2024-07-12,4,DOWN,DOWN,0.5684604283756701,,False,True,0.0,BULL,LOW_VOL
2024-07-15,4,DOWN,DOWN,0.5699436506202888,,False,True,0.0,BULL,LOW_VOL
2024-07-16,4,UP,DOWN,0.5343455177293848,,False,False,0.0,BULL,LOW_VOL
2024-07-18,4,DOWN,DOWN,0.5546979755822963,,False,True,0.0,BULL,LOW_VOL
2024-07-19,4,UP,UP,0.5251149325716971,,False,True,0.0,BULL,LOW_VOL
2024-07-22,4,DOWN,DOWN,0.598236281394235,,False,True,0.0,BULL,LOW_VOL
2024-07-23,4,DOWN,UP,0.5063008099116103,,False,False,0.0,BULL,LOW_VOL
2024-07-24,4,UP,DOWN,0.5457843239205566,,False,False,0.0,BULL,LOW_VOL
2024-07-25,4,UP,UP,0.5205192672113633,,False,True,0.0,BULL,LOW_VOL
2024-07-26,4,DOWN,UP,0.5272995784538586,,False,False,0.0,BULL,LOW_VOL
2024-07-29,4,UP,UP,0.5833541932808102,,False,True,0.0,BULL,LOW_VOL
2024-07-30,4,UP,UP,0.5297186335694806,,False,True,0.0,BULL,LOW_VOL
2024-07-31,4,DOWN,UP,0.509890409472648,,False,False,0.0,BULL,LOW_VOL
2024-08-01,4,DOWN,UP,0.5431792649491185,,False,False,0.0,BULL,LOW_VOL
2024-08-02,4,DOWN,DOWN,0.5201488079888323,,False,True,0.0,BULL,LOW_VOL
2024-08-05,4,DOWN,UP,0.6131658343214748,,False,False,0.0,BULL,HIGH_VOL
2024-08-06,4,UP,UP,0.573767222205673,,False,True,0.0,BULL,HIGH_VOL
2024-08-07,4,DOWN,UP,0.6708417589358859,,False,False,0.0,BULL,HIGH_VOL
2024-08-08,4,DOWN,UP,0.517019621704335,,False,False,0.0,BULL,HIGH_VOL
2024-08-09,4,UP,UP,0.6539528769783289,,False,True,0.0,BULL,HIGH_VOL
2024-08-12,4,DOWN,DOWN,0.514758572790609,,False,True,0.0,BULL,HIGH_VOL
2024-08-13,4,DOWN,DOWN,0.5154212103108514,,False,True,0.0,BULL,HIGH_VOL
2024-08-14,4,UP,UP,0.5273669034521207,,False,True,0.0,BULL,HIGH_VOL
2024-08-16,4,DOWN,UP,0.5676412690380547,,False,False,0.0,BULL,HIGH_VOL
2024-08-19,4,UP,UP,0.5655974297689831,,False,True,0.0,BULL,HIGH_VOL
2024-08-20,4,UP,UP,0.5034094085888828,,False,True,0.0,BULL,HIGH_VOL
2024-08-21,4,DOWN,UP,0.5231697765249124,,False,False,0.0,BULL,HIGH_VOL
2024-08-22,4,DOWN,UP,0.5743301967049228,,False,False,0.0,BULL,HIGH_VOL
2024-08-23,4,UP,DOWN,0.5137108022305339,,False,False,0.0,BULL,HIGH_VOL
2024-08-26,4,DOWN,UP,0.537901689988667,,False,False,0.0,BULL,HIGH_VOL
2024-08-27,4,UP,DOWN,0.5412021600852496,,False,False,0.0,BULL,HIGH_VOL
2024-08-28,4,UP,DOWN,0.5593824684435977,,False,False,0.0,BULL,HIGH_VOL
2024-08-29,4,DOWN,DOWN,0.6347839035189867,,False,True,0.0,BULL,HIGH_VOL
2024-08-30,4,DOWN,UP,0.5055328812549499,,False,False,0.0,BULL,HIGH_VOL
2024-09-02,4,DOWN,UP,0.5259161771074058,,False,False,0.0,BULL,HIGH_VOL
2024-09-03,4,UP,DOWN,0.59666121976565,,False,False,0.0,BULL,LOW_VOL
2024-09-04,4,DOWN,DOWN,0.6701698407844903,,False,True,0.0,BULL,LOW_VOL
2024-09-05,4,DOWN,DOWN,0.5200739228034745,,False,True,0.0,BULL,LOW_VOL
2024-09-06,4,UP,DOWN,0.5568483055812504,,False,False,0.0,BULL,LOW_VOL
2024-09-09,4,UP,DOWN,0.6047950500136172,,False,False,0.0,BULL,LOW_VOL
2024-09-10,4,DOWN,DOWN,0.5618274374305735,,False,True,0.0,BULL,LOW_VOL
2024-09-11,4,UP,DOWN,0.5182517506345538,,False,False,0.0,BULL,LOW_VOL
2024-09-12,4,DOWN,DOWN,0.5302888417790272,,False,True,0.0,BULL,LOW_VOL
2024-09-13,4,DOWN,UP,0.5703879132193602,,False,False,0.0,BULL,LOW_VOL
2024-09-16,4,UP,UP,0.5605522107450343,,False,True,0.0,BULL,LOW_VOL
2024-09-17,4,DOWN,DOWN,0.5072287521657202,,False,True,0.0,BULL,LOW_VOL
2024-09-18,4,DOWN,DOWN,0.6038565175359734,,False,True,0.0,BULL,LOW_VOL
2024-09-19,4,UP,DOWN,0.5275929167892073,,False,False,0.0,BULL,LOW_VOL
2024-09-20,4,UP,UP,0.535323844920875,,False,True,0.0,BULL,LOW_VOL
2024-09-23,4,UP,DOWN,0.5027692678593455,,False,False,0.0,BULL,LOW_VOL
2024-09-24,4,UP,DOWN,0.5354965229173717,,False,False,0.0,BULL,LOW_VOL
2024-09-25,4,UP,DOWN,0.5886205710152691,,False,False,0.0,BULL,LOW_VOL
2024-09-26,4,DOWN,DOWN,0.5005026026759953,,False,True,0.0,BULL,LOW_VOL
2024-09-27,4,DOWN,DOWN,0.5129380879319125,,False,True,0.0,BULL,LOW_VOL
2024-09-30,4,UP,DOWN,0.508343346895594,,False,False,0.0,BULL,HIGH_VOL
2024-10-01,4,DOWN,DOWN,0.6070173095059627,,False,True,0.0,BULL,HIGH_VOL
2024-10-03,4,DOWN,UP,0.5922479337488287,,False,False,0.0,BULL,HIGH_VOL
2024-10-04,4,DOWN,UP,0.5301107105077731,,False,False,0.0,BULL,HIGH_VOL
2024-10-07,4,UP,UP,0.5135796300191455,,False,True,0.0,BULL,HIGH_VOL
2024-10-08,4,DOWN,UP,0.572165717719616,,False,False,0.0,BULL,HIGH_VOL
2024-10-09,4,DOWN,UP,0.5870565834481097,,False,False,0.0,BULL,HIGH_VOL
2024-10-10,4,DOWN,UP,0.6048986200791522,,False,False,0.0,BULL,HIGH_VOL
2024-10-11,4,UP,DOWN,0.5821606571031523,,False,False,0.0,BULL,HIGH_VOL
2024-10-14,4,DOWN,UP,0.6041970375206446,,False,False,0.0,BULL,HIGH_VOL
2024-10-15,4,DOWN,UP,0.5755698576314541,,False,False,0.0,BULL,HIGH_VOL
2024-10-16,4,DOWN,DOWN,0.6248908204405609,,False,True,0.0,BULL,HIGH_VOL
2024-10-17,4,UP,DOWN,0.6048478395690782,,False,False,0.0,BULL,HIGH_VOL
2024-10-18,4,DOWN,DOWN,0.6277927788465779,,False,True,0.0,BULL,HIGH_VOL
2024-10-21,4,DOWN,UP,0.5258974130842164,,False,False,0.0,BULL,HIGH_VOL
2024-10-22,4,UP,DOWN,0.6093803376162035,,False,False,0.0,BULL,HIGH_VOL
2024-10-23,4,DOWN,DOWN,0.6600681639080282,,False,True,0.0,BULL,HIGH_VOL
2024-10-24,4,DOWN,DOWN,0.7086028423179631,,False,True,0.0,BULL,HIGH_VOL
2024-10-25,4,UP,DOWN,0.5599852071074323,,False,False,0.0,BULL,LOW_VOL
2024-10-28,4,UP,DOWN,0.6083162362096475,,False,False,0.0,BULL,HIGH_VOL
2024-10-29,4,DOWN,DOWN,0.571021345569195,,False,True,0.0,BULL,LOW_VOL
2024-10-30,4,DOWN,DOWN,0.5656706327595222,,False,True,0.0,BULL,LOW_VOL
2024-10-31,4,UP,DOWN,0.5259239046618646,,False,False,0.0,BULL,LOW_VOL
2024-11-01,4,DOWN,DOWN,0.5830487552116289,,False,True,0.0,BULL,LOW_VOL
2024-11-04,4,UP,DOWN,0.529231083430398,,False,False,0.0,BULL,LOW_VOL
2024-11-05,4,UP,DOWN,0.5928130434415407,,False,False,0.0,BULL,LOW_VOL
2024-11-06,4,DOWN,UP,0.5005525947855435,,False,False,0.0,BULL,LOW_VOL
2024-11-07,4,DOWN,DOWN,0.545266446887279,,False,True,0.0,BULL,LOW_VOL
2024-11-08,4,UP,DOWN,0.5697589371326202,,False,False,0.0,BULL,LOW_VOL
2024-11-11,4,DOWN,DOWN,0.661713041696917,,False,True,0.0,BULL,LOW_VOL
2024-11-12,4,DOWN,DOWN,0.5783789500564893,,False,True,0.0,BULL,LOW_VOL
2024-11-13,4,DOWN,UP,0.5577703643997622,,False,False,0.0,BULL,HIGH_VOL
2024-11-14,4,DOWN,DOWN,0.60980109779911,,False,True,0.0,BEAR,HIGH_VOL
2024-11-18,4,DOWN,DOWN,0.5873943755448764,,False,True,0.0,BEAR,HIGH_VOL
2024-11-19,4,DOWN,DOWN,0.5466673096887557,,False,True,0.0,BEAR,HIGH_VOL
2024-11-21,4,UP,UP,0.5074967404408145,,False,True,0.0,BEAR,LOW_VOL
2024-11-22,4,DOWN,UP,0.5655756527900647,,False,False,0.0,BULL,HIGH_VOL
2024-11-25,4,DOWN,UP,0.5490878149844908,,False,False,0.0,BULL,HIGH_VOL
2024-11-26,4,UP,UP,0.5397001538127785,,False,True,0.0,BULL,HIGH_VOL
2024-11-27,4,DOWN,DOWN,0.538338962349181,,False,True,0.0,BULL,HIGH_VOL
2024-11-28,4,UP,DOWN,0.5022783107848894,,False,False,0.0,BULL,HIGH_VOL
2024-11-29,4,UP,DOWN,0.6309235037145946,,False,False,0.0,BULL,HIGH_VOL
2024-12-02,4,UP,DOWN,0.5375890457636607,,False,False,0.0,BULL,HIGH_VOL
2024-12-03,4,DOWN,UP,0.5031870532499757,,False,False,0.0,BULL,HIGH_VOL
2024-12-04,4,UP,UP,0.5341530220440189,,False,True,0.0,BULL,HIGH_VOL
2024-12-05,4,DOWN,UP,0.5175701125689187,,False,False,0.0,BULL,HIGH_VOL
2024-12-06,4,DOWN,UP,0.5552702398770499,,False,False,0.0,BULL,HIGH_VOL
2024-12-09,4,DOWN,DOWN,0.5476567825634912,,False,True,0.0,BULL,HIGH_VOL
2024-12-10,4,UP,DOWN,0.506619492351448,,False,False,0.0,BULL,HIGH_VOL
2024-12-11,4,DOWN,DOWN,0.5328013922466159,,False,True,0.0,BULL,HIGH_VOL
2024-12-12,4,UP,DOWN,0.5554729100385928,,False,False,0.0,BULL,HIGH_VOL
2024-12-13,4,DOWN,DOWN,0.5606586349269744,,False,True,0.0,BULL,HIGH_VOL
2024-12-16,4,DOWN,UP,0.5018439238369683,,False,False,0.0,BULL,HIGH_VOL
2024-12-17,4,DOWN,DOWN,0.5354527007370483,,False,True,0.0,BULL,HIGH_VOL
2024-12-18,4,UP,DOWN,0.6195004358219034,,False,False,0.0,BULL,HIGH_VOL
2024-12-19,4,DOWN,DOWN,0.6169005272079702,,False,True,0.0,BULL,HIGH_VOL
2024-12-20,4,UP,UP,0.662803435732059,,False,True,0.0,BEAR,HIGH_VOL
2024-12-23,4,DOWN,DOWN,0.5016999623237657,,False,True,0.0,BEAR,HIGH_VOL
2024-12-24,4,DOWN,DOWN,0.5494883403677235,,False,True,0.0,BEAR,HIGH_VOL
2024-12-26,4,UP,DOWN,0.5406710828448751,,False,False,0.0,BEAR,HIGH_VOL
2024-12-27,4,DOWN,UP,0.508051071565319,,False,False,0.0,BEAR,LOW_VOL
2024-12-30,4,UP,UP,0.5401766309268171,,False,True,0.0,BEAR,LOW_VOL
2024-12-31,4,UP,DOWN,0.5933457463515874,,False,False,0.0,BEAR,LOW_VOL
2025-01-01,4,UP,UP,0.5336233096487599,,False,True,0.0,BEAR,LOW_VOL
2025-01-02,4,DOWN,UP,0.554948182938488,,False,False,0.0,BULL,HIGH_VOL
2025-01-03,4,DOWN,UP,0.5844214130336858,,False,False,0.0,BULL,HIGH_VOL
2025-01-06,4,UP,DOWN,0.5692926189105164,,False,False,0.0,BEAR,HIGH_VOL
2025-01-07,4,DOWN,DOWN,0.6217753115846255,,False,True,0.0,BEAR,HIGH_VOL
2025-01-08,4,DOWN,DOWN,0.5101043548407667,,False,True,0.0,BEAR,HIGH_VOL
2025-01-09,4,DOWN,DOWN,0.6082425958150219,,False,True,0.0,BEAR,HIGH_VOL
2025-01-10,4,DOWN,DOWN,0.6129800671881613,,False,True,0.0,BEAR,HIGH_VOL
2025-01-13,4,UP,UP,0.5516701549320217,,False,True,0.0,BEAR,HIGH_VOL
2025-01-14,4,DOWN,DOWN,0.6373179703883314,,False,True,0.0,BEAR,HIGH_VOL
2025-01-15,4,DOWN,DOWN,0.6083335568851588,,False,True,0.0,BEAR,HIGH_VOL
2025-01-16,4,DOWN,UP,0.5540922852614687,,False,False,0.0,BEAR,HIGH_VOL
2025-01-17,4,UP,UP,0.5159045241505209,,False,True,0.0,BEAR,HIGH_VOL
2025-01-20,4,DOWN,UP,0.5469133685945524,,False,False,0.0,BEAR,HIGH_VOL
2025-01-21,4,UP,UP,0.5608155939357963,,False,True,0.0,BEAR,HIGH_VOL
2025-01-22,4,UP,DOWN,0.5402662981718525,,False,False,0.0,BEAR,HIGH_VOL
2025-01-23,4,DOWN,DOWN,0.5881101949321699,,False,True,0.0,BEAR,HIGH_VOL
2025-01-24,4,DOWN,DOWN,0.5075187605878834,,False,True,0.0,BEAR,HIGH_VOL
2025-01-27,4,DOWN,DOWN,0.5123753988589171,,False,True,0.0,BEAR,HIGH_VOL
2025-01-28,4,UP,UP,0.5045181550052988,,False,True,0.0,BEAR,HIGH_VOL
2025-01-29,4,UP,DOWN,0.5090968921862049,,False,False,0.0,BEAR,HIGH_VOL
2025-01-30,4,UP,UP,0.5303670144394532,,False,True,0.0,BEAR,HIGH_VOL
2025-01-31,4,DOWN,UP,0.5714011503872365,,False,False,0.0,BEAR,HIGH_VOL
2025-02-01,4,UP,UP,0.5158767131486148,,False,True,0.0,BEAR,LOW_VOL
2025-02-03,4,UP,DOWN,0.5858651375712228,,False,False,0.0,BEAR,LOW_VOL
2025-02-04,4,DOWN,UP,0.5600876077672807,,False,False,0.0,BEAR,HIGH_VOL
2025-02-05,4,DOWN,UP,0.5805753416210635,,False,False,0.0,BEAR,HIGH_VOL
2025-02-06,4,DOWN,UP,0.55227327639303,,False,False,0.0,BEAR,HIGH_VOL
2025-02-07,4,DOWN,DOWN,0.5052358194158431,,False,True,0.0,BEAR,LOW_VOL
2025-02-10,4,DOWN,DOWN,0.5602276227809471,,False,True,0.0,BEAR,HIGH_VOL
2025-02-11,4,DOWN,DOWN,0.5992196912332404,,False,True,0.0,BEAR,HIGH_VOL
2025-02-12,4,DOWN,DOWN,0.6923574477628055,,False,True,0.0,BEAR,HIGH_VOL
2025-02-13,4,DOWN,DOWN,0.5945955963346795,,False,True,0.0,BEAR,HIGH_VOL
2025-02-14,4,UP,DOWN,0.5557363516150593,,False,False,0.0,BEAR,HIGH_VOL
2025-02-17,4,DOWN,DOWN,0.5623415148320797,,False,True,0.0,BEAR,LOW_VOL
2025-02-18,4,UP,DOWN,0.5668789194410835,,False,False,0.0,BEAR,LOW_VOL
2025-02-19,4,UP,DOWN,0.5701395418628477,,False,False,0.0,BEAR,LOW_VOL
2025-02-20,4,DOWN,DOWN,0.5679488661758496,,False,True,0.0,BEAR,LOW_VOL
2025-02-21,4,DOWN,DOWN,0.5458024848961179,,False,True,0.0,BEAR,LOW_VOL
2025-02-24,4,UP,DOWN,0.5210991935505257,,False,False,0.0,BEAR,LOW_VOL
2025-02-25,4,DOWN,DOWN,0.607848228713013,,False,True,0.0,BEAR,LOW_VOL
2025-02-27,4,DOWN,DOWN,0.5645673391316465,,False,True,0.0,BEAR,LOW_VOL
2025-02-28,4,DOWN,UP,0.5907423905101905,,False,False,0.0,BEAR,LOW_VOL
2025-03-03,4,UP,DOWN,0.5491600864660359,,False,False,0.0,BEAR,LOW_VOL
2025-03-04,4,UP,DOWN,0.5178258311656356,,False,False,0.0,BEAR,LOW_VOL
2025-03-05,4,UP,UP,0.5213337952177026,,False,True,0.0,BEAR,LOW_VOL
2025-03-06,4,UP,UP,0.5053358595495531,,False,True,0.0,BEAR,LOW_VOL
2025-03-07,4,DOWN,UP,0.5317196915267343,,False,False,0.0,BEAR,LOW_VOL
2025-03-10,4,UP,UP,0.5396599724564302,,False,True,0.0,BEAR,LOW_VOL
2025-03-11,4,DOWN,DOWN,0.5560429243935795,,False,True,0.0,BEAR,LOW_VOL
2025-03-12,4,DOWN,DOWN,0.5076303059915076,,False,True,0.0,BEAR,LOW_VOL
2025-03-13,4,UP,UP,0.5052718441262116,,False,True,0.0,BEAR,LOW_VOL
2025-03-17,4,UP,DOWN,0.6358944711215317,,False,False,0.0,BEAR,LOW_VOL
2025-03-18,4,UP,UP,0.5547294905120739,,False,True,0.0,BEAR,LOW_VOL
2025-03-19,4,UP,UP,0.5342337145010838,,False,True,0.0,BEAR,LOW_VOL
2025-03-20,4,UP,UP,0.5342165677526833,,False,True,0.0,BEAR,HIGH_VOL
2025-03-21,4,UP,DOWN,0.5182054951883686,,False,False,0.0,BEAR,HIGH_VOL
2025-03-24,4,DOWN,UP,0.5274832277396442,,False,False,0.0,BEAR,HIGH_VOL
2025-03-25,4,DOWN,UP,0.5013417600186161,,False,False,0.0,BEAR,HIGH_VOL
2025-03-26,4,UP,UP,0.5736025912606112,,False,True,0.0,BEAR,HIGH_VOL
2025-03-27,4,DOWN,DOWN,0.5221315618362768,,False,True,0.0,BEAR,HIGH_VOL
2025-03-28,4,DOWN,DOWN,0.5372971250330429,,False,True,0.0,BEAR,HIGH_VOL
2025-04-01,4,UP,UP,0.5280880878499479,,False,True,0.0,BEAR,HIGH_VOL
2025-04-02,4,UP,DOWN,0.5346584869647273,,False,False,0.0,BEAR,HIGH_VOL
2025-04-03,4,DOWN,DOWN,0.5878171727914183,,False,True,0.0,BEAR,HIGH_VOL
2025-04-04,4,UP,DOWN,0.5306898633713164,,False,False,0.0,BEAR,HIGH_VOL
2025-04-07,4,UP,UP,0.5288702820329325,,False,True,0.0,BEAR,HIGH_VOL
2025-04-08,4,DOWN,UP,0.639992517176957,,False,False,0.0,BEAR,HIGH_VOL
2025-04-09,4,UP,UP,0.5412434067836928,,False,True,0.0,BEAR,HIGH_VOL
2025-04-11,4,DOWN,UP,0.5545269392623917,,False,False,0.0,BEAR,HIGH_VOL
2025-04-15,4,UP,UP,0.5741173828438211,,False,True,0.0,BEAR,HIGH_VOL
2025-04-16,4,UP,UP,0.5327772649801911,,False,True,0.0,BEAR,HIGH_VOL
2025-04-17,4,UP,UP,0.5839246998378761,,False,True,0.0,BEAR,HIGH_VOL
2025-04-21,4,DOWN,UP,0.5304870325416686,,False,False,0.0,BULL,HIGH_VOL
2025-04-22,4,DOWN,DOWN,0.5091033871785924,,False,True,0.0,BULL,HIGH_VOL
2025-04-23,4,DOWN,UP,0.5369945765133479,,False,False,0.0,BULL,HIGH_VOL
2025-04-24,4,DOWN,DOWN,0.5236074215040131,,False,True,0.0,BULL,HIGH_VOL
2025-04-25,4,UP,DOWN,0.5310599528836576,,False,False,0.0,BEAR,HIGH_VOL
2025-04-28,4,DOWN,DOWN,0.6149787683256511,,False,True,0.0,BULL,HIGH_VOL
2025-04-29,4,DOWN,DOWN,0.5199604211235199,,False,True,0.0,BULL,HIGH_VOL
2025-04-30,4,UP,DOWN,0.5357374088114577,,False,False,0.0,BULL,HIGH_VOL
2025-05-02,4,UP,DOWN,0.5173177686577017,,False,False,0.0,BULL,HIGH_VOL
2025-05-05,4,DOWN,DOWN,0.5441477148250047,,False,True,0.0,BULL,HIGH_VOL
2025-05-06,4,UP,DOWN,0.5594354090418359,,False,False,0.0,BULL,HIGH_VOL
2025-05-07,4,DOWN,DOWN,0.6782899915890777,,False,True,0.0,BULL,HIGH_VOL
2025-05-08,4,UP,UP,0.5115837876953783,,False,True,0.0,BULL,HIGH_VOL
2025-05-09,4,UP,DOWN,0.6146922966680693,,False,False,0.0,BEAR,HIGH_VOL
2025-05-12,4,DOWN,UP,0.5286440221814903,,False,False,0.0,BULL,HIGH_VOL
2025-05-13,4,UP,UP,0.5731919593829992,,False,True,0.0,BULL,HIGH_VOL
2025-05-14,4,UP,DOWN,0.5036862425913875,,False,False,0.0,BULL,HIGH_VOL
2025-05-15,4,DOWN,DOWN,0.5111710270049438,,False,True,0.0,BULL,HIGH_VOL
2025-05-16,4,DOWN,UP,0.504403469147692,,False,False,0.0,BULL,HIGH_VOL
2025-05-19,4,DOWN,DOWN,0.584564983545961,,False,True,0.0,BULL,HIGH_VOL
2025-05-20,4,UP,DOWN,0.5112811735733018,,False,False,0.0,BULL,HIGH_VOL
2025-05-21,4,DOWN,DOWN,0.6209992640926041,,False,True,0.0,BULL,HIGH_VOL
2025-05-22,4,UP,DOWN,0.5201715496339967,,False,False,0.0,BULL,HIGH_VOL
2025-05-23,4,UP,DOWN,0.6529126369373293,,False,False,0.0,BULL,HIGH_VOL
2025-05-26,4,DOWN,DOWN,0.5804068701400584,,False,True,0.0,BULL,HIGH_VOL
2025-05-27,4,DOWN,DOWN,0.5453721878632689,,False,True,0.0,BULL,HIGH_VOL
2025-05-28,4,UP,UP,0.5604397050924315,,False,True,0.0,BULL,HIGH_VOL
2025-05-29,4,DOWN,DOWN,0.6138742952285268,,False,True,0.0,BULL,HIGH_VOL
2025-05-30,4,UP,UP,0.5173945602903245,,False,True,0.0,BULL,HIGH_VOL
2025-06-02,4,DOWN,DOWN,0.5495546253742956,,False,True,0.0,BULL,HIGH_VOL
2025-06-03,4,UP,DOWN,0.6015502453393284,,False,False,0.0,BULL,HIGH_VOL
2025-06-04,4,UP,DOWN,0.5911442057809682,,False,False,0.0,BULL,HIGH_VOL
2025-06-05,4,UP,DOWN,0.53434942606081,,False,False,0.0,BULL,HIGH_VOL
2025-06-06,4,DOWN,DOWN,0.5089348723655673,,False,True,0.0,BULL,HIGH_VOL
2025-06-09,4,DOWN,UP,0.5363613443656788,,False,False,0.0,BULL,HIGH_VOL
2025-06-10,5,UP,UP,0.5247040023871516,,False,True,0.0,BULL,LOW_VOL
2025-06-11,5,DOWN,DOWN,0.5278869077620956,,False,True,0.0,BULL,LOW_VOL
2025-06-12,5,UP,DOWN,0.517680067357841,,False,False,0.0,BULL,LOW_VOL
2025-06-13,5,UP,DOWN,0.5241181972632223,,False,False,0.0,BULL,LOW_VOL
2025-06-16,5,DOWN,DOWN,0.6031004085976862,,False,True,0.0,BULL,LOW_VOL
2025-06-17,5,UP,UP,0.5684657147832665,,False,True,0.0,BULL,LOW_VOL
2025-06-18,5,DOWN,DOWN,0.5604903546179549,,False,True,0.0,BULL,LOW_VOL
2025-06-19,5,UP,DOWN,0.5630145541336514,,False,False,0.0,BULL,LOW_VOL
2025-06-20,5,UP,UP,0.5358565604505896,,False,True,0.0,BULL,LOW_VOL
2025-06-23,5,DOWN,DOWN,0.6508795929146105,,False,True,0.0,BULL,LOW_VOL
2025-06-24,5,UP,UP,0.585008339162481,,False,True,0.0,BULL,LOW_VOL
2025-06-25,5,UP,DOWN,0.5443791914426088,,False,False,0.0,BULL,LOW_VOL
2025-06-26,5,UP,UP,0.5948114365964161,,False,True,0.0,BULL,LOW_VOL
2025-06-27,5,DOWN,DOWN,0.5357778535585815,,False,True,0.0,BULL,LOW_VOL
2025-06-30,5,DOWN,DOWN,0.5262460631950912,,False,True,0.0,BULL,LOW_VOL
2025-07-01,5,DOWN,DOWN,0.5941865688649355,,False,True,0.0,BULL,LOW_VOL
2025-07-02,5,DOWN,DOWN,0.5295450787220941,,False,True,0.0,BULL,LOW_VOL
2025-07-03,5,UP,DOWN,0.5283685605080748,,False,False,0.0,BULL,LOW_VOL
2025-07-04,5,UP,DOWN,0.6148945589085324,,False,False,0.0,BULL,LOW_VOL
2025-07-07,5,UP,DOWN,0.6142811794604535,,False,False,0.0,BULL,LOW_VOL
2025-07-08,5,DOWN,DOWN,0.6653726624529226,,False,True,0.0,BULL,LOW_VOL
2025-07-09,5,DOWN,DOWN,0.5943210293481886,,False,True,0.0,BULL,LOW_VOL
2025-07-10,5,DOWN,UP,0.5183231146990319,,False,False,0.0,BULL,LOW_VOL
2025-07-11,5,DOWN,DOWN,0.5528504869460211,,False,True,0.0,BULL,LOW_VOL
2025-07-14,5,UP,DOWN,0.540394703456452,,False,False,0.0,BULL,LOW_VOL
2025-07-15,5,UP,DOWN,0.550794686374461,,False,False,0.0,BULL,LOW_VOL
2025-07-16,5,DOWN,DOWN,0.575928012096841,,False,True,0.0,BULL,LOW_VOL
2025-07-17,5,DOWN,UP,0.5393602280554757,,False,False,0.0,BULL,LOW_VOL
2025-07-18,5,UP,UP,0.5247435664563324,,False,True,0.0,BULL,LOW_VOL
2025-07-21,5,DOWN,UP,0.5135014894820511,,False,False,0.0,BULL,LOW_VOL
2025-07-22,5,UP,UP,0.6282196708337935,,False,True,0.0,BULL,LOW_VOL
2025-07-23,5,DOWN,UP,0.5605792731536356,,False,False,0.0,BULL,LOW_VOL
2025-07-24,5,DOWN,UP,0.5464745028808565,,False,False,0.0,BULL,LOW_VOL
2025-07-25,5,DOWN,UP,0.5172479257115261,,False,False,0.0,BULL,LOW_VOL
2025-07-28,5,UP,DOWN,0.5963918568894255,,False,False,0.0,BULL,LOW_VOL
2025-07-29,5,DOWN,DOWN,0.5154310945433331,,False,True,0.0,BULL,LOW_VOL
2025-07-30,5,UP,UP,0.5462832492439069,,False,True,0.0,BULL,LOW_VOL
2025-07-31,5,DOWN,DOWN,0.5350064289728235,,False,True,0.0,BULL,LOW_VOL
2025-08-01,5,UP,DOWN,0.5297522660508844,,False,False,0.0,BULL,LOW_VOL
2025-08-04,5,DOWN,DOWN,0.554048531588984,,False,True,0.0,BULL,LOW_VOL
2025-08-05,5,DOWN,DOWN,0.5268311990302866,,False,True,0.0,BULL,LOW_VOL
2025-08-06,5,UP,UP,0.5020034868737753,,False,True,0.0,BULL,LOW_VOL
2025-08-07,5,DOWN,UP,0.5199524937660892,,False,False,0.0,BULL,LOW_VOL
2025-08-08,5,UP,DOWN,0.5100345198940979,,False,False,0.0,BULL,LOW_VOL
2025-08-11,5,DOWN,DOWN,0.5013070316696179,,False,True,0.0,BULL,LOW_VOL
2025-08-12,5,UP,UP,0.5238325976011238,,False,True,0.0,BULL,LOW_VOL
2025-08-13,5,UP,UP,0.5370915236230696,,False,True,0.0,BULL,LOW_VOL
2025-08-14,5,DOWN,UP,0.5400926777954483,,False,False,0.0,BULL,LOW_VOL
2025-08-18,5,UP,UP,0.6150325708416082,,False,True,0.0,BULL,LOW_VOL
2025-08-19,5,UP,UP,0.5466401191324466,,False,True,0.0,BULL,LOW_VOL
2025-08-20,5,DOWN,UP,0.5627609500148568,,False,False,0.0,BULL,LOW_VOL
2025-08-21,5,DOWN,UP,0.575136091216539,,False,False,0.0,BULL,LOW_VOL
2025-08-22,5,UP,DOWN,0.5440836321491291,,False,False,0.0,BULL,LOW_VOL
2025-08-25,5,DOWN,DOWN,0.520390871280844,,False,True,0.0,BULL,LOW_VOL
2025-08-26,5,DOWN,UP,0.600160225378362,,False,False,0.0,BULL,LOW_VOL
2025-08-28,5,DOWN,UP,0.5101826632342349,,False,False,0.0,BULL,LOW_VOL
2025-08-29,5,UP,DOWN,0.5441013928626146,,False,False,0.0,BULL,LOW_VOL
2025-09-01,5,DOWN,DOWN,0.5112462803645266,,False,True,0.0,BULL,LOW_VOL
2025-09-02,5,UP,UP,0.5358373934759724,,False,True,0.0,BULL,LOW_VOL
2025-09-03,5,DOWN,UP,0.5869797894634786,,False,False,0.0,BULL,LOW_VOL
2025-09-04,5,DOWN,UP,0.6178451236678606,,False,False,0.0,BULL,LOW_VOL
2025-09-05,5,DOWN,UP,0.5946058111498624,,False,False,0.0,BULL,LOW_VOL
2025-09-08,5,UP,UP,0.5332229229335381,,False,True,0.0,BULL,LOW_VOL
2025-09-09,5,DOWN,UP,0.5563144747187029,,False,False,0.0,BULL,LOW_VOL
2025-09-10,5,UP,UP,0.5400344232107448,,False,True,0.0,BULL,LOW_VOL
2025-09-11,5,UP,DOWN,0.5629946317177033,,False,False,0.0,BULL,LOW_VOL
2025-09-12,5,DOWN,UP,0.5301846276345293,,False,False,0.0,BULL,LOW_VOL
2025-09-15,5,UP,UP,0.5340483078466818,,False,True,0.0,BULL,LOW_VOL
2025-09-16,5,UP,DOWN,0.5349059367886752,,False,False,0.0,BULL,LOW_VOL
2025-09-17,5,DOWN,UP,0.522677405774058,,False,False,0.0,BULL,LOW_VOL
2025-09-18,5,DOWN,UP,0.546806038538951,,False,False,0.0,BULL,LOW_VOL
2025-09-19,5,DOWN,DOWN,0.5503735693765721,,False,True,0.0,BULL,LOW_VOL
2025-09-22,5,DOWN,DOWN,0.6196600234395222,,False,True,0.0,BULL,LOW_VOL
2025-09-23,5,DOWN,DOWN,0.5742011624734539,,False,True,0.0,BULL,LOW_VOL
2025-09-24,5,DOWN,DOWN,0.5765046260967772,,False,True,0.0,BULL,LOW_VOL
2025-09-25,5,DOWN,UP,0.5574145846059282,,False,False,0.0,BULL,LOW_VOL
2025-09-26,5,DOWN,DOWN,0.5139699352936866,,False,True,0.0,BULL,LOW_VOL
2025-09-29,5,DOWN,UP,0.5251518028083899,,False,False,0.0,BULL,LOW_VOL
2025-09-30,5,UP,DOWN,0.5390716674757838,,False,False,0.0,BULL,LOW_VOL
2025-10-01,5,UP,UP,0.5712945810993244,,False,True,0.0,BULL,LOW_VOL
2025-10-03,5,UP,UP,0.5790159661257189,,False,True,0.0,BULL,LOW_VOL
2025-10-06,5,UP,UP,0.5780138310891145,,False,True,0.0,BULL,LOW_VOL
2025-10-07,5,DOWN,UP,0.5700642201628263,,False,False,0.0,BULL,LOW_VOL
2025-10-08,5,UP,UP,0.5077008183783926,,False,True,0.0,BULL,LOW_VOL
2025-10-09,5,UP,UP,0.5370950719094414,,False,True,0.0,BULL,LOW_VOL
2025-10-10,5,UP,DOWN,0.5126829881959738,,False,False,0.0,BULL,LOW_VOL
2025-10-13,5,DOWN,DOWN,0.6481774714158917,,False,True,0.0,BULL,LOW_VOL
2025-10-14,5,UP,DOWN,0.5186107524506486,,False,False,0.0,BULL,LOW_VOL
2025-10-15,5,UP,UP,0.5081745768838837,,False,True,0.0,BULL,LOW_VOL
2025-10-16,5,UP,UP,0.5442335681090001,,False,True,0.0,BULL,LOW_VOL
2025-10-17,5,UP,DOWN,0.5182255744812132,,False,False,0.0,BULL,LOW_VOL
2025-10-20,5,DOWN,DOWN,0.5843880036777215,,False,True,0.0,BULL,LOW_VOL
2025-10-21,5,DOWN,DOWN,0.5662833363463913,,False,True,0.0,BULL,LOW_VOL
2025-10-23,5,DOWN,UP,0.6327685562622232,,False,False,0.0,BULL,LOW_VOL
2025-10-24,5,UP,DOWN,0.5223050692184614,,False,False,0.0,BULL,LOW_VOL
2025-10-27,5,DOWN,DOWN,0.6409507141565112,,False,True,0.0,BULL,LOW_VOL
2025-10-28,5,UP,DOWN,0.6125510833593806,,False,False,0.0,BULL,LOW_VOL
2025-10-29,5,DOWN,DOWN,0.5534902733372009,,False,True,0.0,BULL,LOW_VOL
2025-10-30,5,DOWN,DOWN,0.5390003487632489,,False,True,0.0,BULL,LOW_VOL
2025-10-31,5,UP,UP,0.5299614502129392,,False,True,0.0,BULL,LOW_VOL
2025-11-03,5,DOWN,DOWN,0.5390638678515249,,False,True,0.0,BULL,LOW_VOL
2025-11-04,5,DOWN,DOWN,0.5273752110171939,,False,True,0.0,BULL,LOW_VOL
2025-11-06,5,UP,DOWN,0.5834627501515385,,False,False,0.0,BULL,LOW_VOL
2025-11-07,5,UP,DOWN,0.5938276000741946,,False,False,0.0,BULL,LOW_VOL
2025-11-10,5,UP,DOWN,0.5615597744645857,,False,False,0.0,BULL,LOW_VOL
2025-11-11,5,UP,UP,0.5075055410380789,,False,True,0.0,BULL,LOW_VOL
2025-11-12,5,DOWN,UP,0.5063184143135963,,False,False,0.0,BULL,LOW_VOL
2025-11-13,5,UP,UP,0.5482531218554605,,False,True,0.0,BULL,LOW_VOL
2025-11-14,5,UP,UP,0.5537673513995823,,False,True,0.0,BULL,LOW_VOL
2025-11-17,5,DOWN,DOWN,0.5051480660330345,,False,True,0.0,BULL,LOW_VOL
2025-11-18,5,UP,DOWN,0.5400922834929904,,False,False,0.0,BULL,LOW_VOL
2025-11-19,5,UP,DOWN,0.6316129352944668,,False,False,0.0,BULL,LOW_VOL
2025-11-20,5,DOWN,DOWN,0.6034750480117087,,False,True,0.0,BULL,LOW_VOL
2025-11-21,5,DOWN,DOWN,0.6605303508054776,,False,True,0.0,BULL,LOW_VOL
2025-11-24,5,DOWN,UP,0.5770359966574957,,False,False,0.0,BULL,LOW_VOL
2025-11-25,5,UP,DOWN,0.5260677977143909,,False,False,0.0,BULL,LOW_VOL
2025-11-26,5,DOWN,DOWN,0.5703478150988668,,False,True,0.0,BULL,LOW_VOL
2025-11-27,5,DOWN,UP,0.5013065974824789,,False,False,0.0,BULL,LOW_VOL
2025-11-28,5,DOWN,UP,0.5353993457839759,,False,False,0.0,BULL,LOW_VOL
2025-12-01,5,DOWN,UP,0.5123152874875987,,False,False,0.0,BULL,LOW_VOL
2025-12-02,5,DOWN,DOWN,0.6565057244613883,,False,True,0.0,BULL,LOW_VOL
2025-12-03,5,UP,DOWN,0.575872044410124,,False,False,0.0,BULL,LOW_VOL
2025-12-04,5,UP,DOWN,0.6115053795238532,,False,False,0.0,BULL,LOW_VOL
2025-12-05,5,DOWN,DOWN,0.57907771622515,,False,True,0.0,BULL,LOW_VOL
2025-12-08,5,DOWN,DOWN,0.5127846050788964,,False,True,0.0,BULL,LOW_VOL
2025-12-09,5,DOWN,DOWN,0.5600848966036784,,False,True,0.0,BULL,LOW_VOL
2025-12-10,5,UP,DOWN,0.5606043590539447,,False,False,0.0,BULL,LOW_VOL
2025-12-11,5,UP,DOWN,0.5334821284333273,,False,False,0.0,BULL,LOW_VOL
2025-12-12,5,UP,UP,0.5245720610987255,,False,True,0.0,BULL,LOW_VOL
2025-12-15,5,DOWN,DOWN,0.5330406075015515,,False,True,0.0,BULL,LOW_VOL
2025-12-16,5,DOWN,DOWN,0.5262837416771762,,False,True,0.0,BULL,LOW_VOL
2025-12-17,5,UP,UP,0.5396679441284524,,False,True,0.0,BULL,LOW_VOL
2025-12-18,5,UP,DOWN,0.5688718742623182,,False,False,0.0,BULL,LOW_VOL
2025-12-19,5,UP,UP,0.5603788637247591,,False,True,0.0,BULL,LOW_VOL
2025-12-22,5,DOWN,UP,0.5667525212686056,,False,False,0.0,BULL,LOW_VOL
2025-12-23,5,DOWN,UP,0.5753756512750324,,False,False,0.0,BULL,LOW_VOL
2025-12-24,5,DOWN,UP,0.517441329474985,,False,False,0.0,BULL,LOW_VOL
2025-12-26,5,DOWN,DOWN,0.6040916202538869,,False,True,0.0,BULL,LOW_VOL
2025-12-29,5,DOWN,DOWN,0.5186928884553407,,False,True,0.0,BULL,LOW_VOL
2025-12-30,5,UP,UP,0.550021123266188,,False,True,0.0,BULL,LOW_VOL
2025-12-31,5,DOWN,DOWN,0.5374321012225709,,False,True,0.0,BULL,LOW_VOL
2026-01-01,5,UP,UP,0.6239503245734764,,False,True,0.0,BULL,LOW_VOL
2026-01-02,5,DOWN,UP,0.5037061645683827,,False,False,0.0,BULL,LOW_VOL
2026-01-05,5,DOWN,DOWN,0.5412003680442646,,False,True,0.0,BULL,LOW_VOL
2026-01-06,5,DOWN,DOWN,0.5844506730498715,,False,True,0.0,BULL,LOW_VOL
2026-01-07,5,DOWN,DOWN,0.5911715885913129,,False,True,0.0,BULL,LOW_VOL
2026-01-08,5,DOWN,DOWN,0.6080292411897887,,False,True,0.0,BULL,LOW_VOL
2026-01-09,5,UP,DOWN,0.5679331798897351,,False,False,0.0,BULL,LOW_VOL
2026-01-12,5,DOWN,DOWN,0.5547026598472307,,False,True,0.0,BULL,LOW_VOL
2026-01-13,5,UP,UP,0.5602035434617718,,False,True,0.0,BULL,LOW_VOL
2026-01-14,5,DOWN,DOWN,0.5438474721331011,,False,True,0.0,BULL,LOW_VOL
2026-01-16,5,DOWN,UP,0.5767945735780459,,False,False,0.0,BULL,LOW_VOL
2026-01-19,5,DOWN,UP,0.5590255998140086,,False,False,0.0,BULL,LOW_VOL
2026-01-20,5,UP,UP,0.5190212617822639,,False,True,0.0,BULL,LOW_VOL
2026-01-21,5,DOWN,DOWN,0.600259447411603,,False,True,0.0,BULL,LOW_VOL
2026-01-22,5,DOWN,UP,0.5353206544268606,,False,False,0.0,BULL,LOW_VOL
2026-01-23,5,UP,UP,0.507713187643124,,False,True,0.0,BEAR,LOW_VOL
2026-01-27,5,UP,DOWN,0.5369967592639281,,False,False,0.0,BULL,LOW_VOL
2026-01-28,5,UP,UP,0.5395871702384739,,False,True,0.0,BULL,LOW_VOL
2026-01-29,5,UP,UP,0.596273284287885,,False,True,0.0,BULL,LOW_VOL
2026-01-30,5,UP,DOWN,0.5579587440505914,,False,False,0.0,BULL,LOW_VOL
2026-02-02,5,DOWN,DOWN,0.6260744035423678,,False,True,0.0,BEAR,LOW_VOL
2026-02-03,5,UP,UP,0.6262880768287953,,False,True,0.0,BULL,HIGH_VOL
2026-02-04,5,DOWN,DOWN,0.5644619625438037,,False,True,0.0,BULL,HIGH_VOL
2026-02-05,5,UP,DOWN,0.5983677983611468,,False,False,0.0,BULL,HIGH_VOL
2026-02-06,5,DOWN,DOWN,0.6431280140133496,,False,True,0.0,BULL,HIGH_VOL
2026-02-09,5,UP,DOWN,0.5263117371992868,,False,False,0.0,BULL,HIGH_VOL
2026-02-10,5,DOWN,DOWN,0.5428835998227812,,False,True,0.0,BULL,HIGH_VOL
2026-02-11,5,DOWN,UP,0.5141228938612425,,False,False,0.0,BULL,HIGH_VOL
2026-02-12,5,DOWN,DOWN,0.6315631931346439,,False,True,0.0,BULL,HIGH_VOL
2026-02-13,5,UP,DOWN,0.6097203205922951,,False,False,0.0,BULL,HIGH_VOL
2026-02-16,5,UP,DOWN,0.6516910359606475,,False,False,0.0,BULL,HIGH_VOL
2026-02-17,5,UP,DOWN,0.5610213603416538,,False,False,0.0,BULL,HIGH_VOL
2026-02-18,5,DOWN,UP,0.570176469033451,,False,False,0.0,BULL,HIGH_VOL
2026-02-19,5,UP,UP,0.504927425110527,,False,True,0.0,BULL,HIGH_VOL
2026-02-20,5,UP,DOWN,0.5507105223343232,,False,False,0.0,BULL,HIGH_VOL
2026-02-23,5,DOWN,UP,0.535145110256543,,False,False,0.0,BULL,HIGH_VOL
2026-02-24,5,DOWN,DOWN,0.5588521692246945,,False,True,0.0,BULL,HIGH_VOL
2026-02-25,5,DOWN,UP,0.5743444015923295,,False,False,0.0,BULL,HIGH_VOL
2026-02-26,5,DOWN,UP,0.5504367172681109,,False,False,0.0,BULL,HIGH_VOL
2026-02-27,5,UP,DOWN,0.6107372237506774,,False,False,0.0,BEAR,HIGH_VOL
2026-03-02,5,UP,UP,0.5188337355137161,,False,True,0.0,BEAR,HIGH_VOL
2026-03-04,5,UP,DOWN,0.5095821479698988,,False,False,0.0,BEAR,HIGH_VOL
2026-03-05,5,DOWN,DOWN,0.5215383041492321,,False,True,0.0,BEAR,HIGH_VOL
2026-03-06,5,UP,UP,0.5988149017304115,,False,True,0.0,BEAR,HIGH_VOL
2026-03-09,5,DOWN,UP,0.5137771719435322,,False,False,0.0,BEAR,HIGH_VOL
2026-03-10,5,DOWN,DOWN,0.5172447124530681,,False,True,0.0,BEAR,HIGH_VOL
2026-03-11,5,DOWN,UP,0.5417595597806731,,False,False,0.0,BEAR,HIGH_VOL
2026-03-12,5,DOWN,UP,0.5073277468380842,,False,False,0.0,BEAR,HIGH_VOL
2026-03-13,5,UP,UP,0.6396722274532478,,False,True,0.0,BEAR,HIGH_VOL
2026-03-16,5,UP,DOWN,0.5481684539527574,,False,False,0.0,BEAR,HIGH_VOL
2026-03-17,5,UP,DOWN,0.608552170707194,,False,False,0.0,BEAR,HIGH_VOL
2026-03-18,5,DOWN,DOWN,0.6045675025267783,,False,True,0.0,BEAR,HIGH_VOL
2026-03-19,5,UP,UP,0.5345164218024118,,False,True,0.0,BEAR,HIGH_VOL
2026-03-20,5,DOWN,UP,0.6375878696357529,,False,False,0.0,BEAR,HIGH_VOL
2026-03-23,5,UP,UP,0.601008037797319,,False,True,0.0,BEAR,HIGH_VOL
2026-03-24,5,UP,DOWN,0.5087444156765684,,False,False,0.0,BEAR,HIGH_VOL
2026-03-25,5,DOWN,DOWN,0.5511935285538364,,False,True,0.0,BEAR,HIGH_VOL
2026-03-27,5,DOWN,UP,0.5084139157038281,,False,False,0.0,BEAR,HIGH_VOL
2026-03-30,5,DOWN,UP,0.6418910564946569,,False,False,0.0,BEAR,HIGH_VOL
2026-04-01,5,UP,UP,0.5534619223685082,,False,True,0.0,BEAR,HIGH_VOL
2026-04-02,5,UP,DOWN,0.5235757802315204,,False,False,0.0,BEAR,HIGH_VOL
2026-04-06,5,UP,DOWN,0.537188374711794,,False,False,0.0,BEAR,HIGH_VOL
2026-04-07,5,UP,UP,0.5630803054089808,,False,True,0.0,BEAR,HIGH_VOL
2026-04-08,5,DOWN,UP,0.5766705086871224,,False,False,0.0,BEAR,HIGH_VOL
2026-04-09,5,UP,DOWN,0.5440282811018037,,False,False,0.0,BEAR,HIGH_VOL
2026-04-10,5,UP,DOWN,0.5378040610026875,,False,False,0.0,BEAR,HIGH_VOL
2026-04-13,5,UP,DOWN,0.6595627640039385,,False,False,0.0,BEAR,HIGH_VOL
2026-04-15,5,DOWN,DOWN,0.5427882768918523,,False,True,0.0,BEAR,HIGH_VOL
2026-04-16,5,UP,UP,0.5014907061523551,,False,True,0.0,BEAR,HIGH_VOL
2026-04-17,5,DOWN,DOWN,0.5668778413671676,,False,True,0.0,BEAR,HIGH_VOL
2026-04-20,5,UP,DOWN,0.5194972008532637,,False,False,0.0,BEAR,HIGH_VOL
2026-04-21,5,DOWN,DOWN,0.5598262409328719,,False,True,0.0,BEAR,HIGH_VOL
2026-04-22,5,DOWN,DOWN,0.5385672267010277,,False,True,0.0,BEAR,HIGH_VOL
2026-04-23,5,DOWN,DOWN,0.5409361952232649,,False,True,0.0,BEAR,HIGH_VOL
2026-04-24,5,UP,DOWN,0.60614230889077,,False,False,0.0,BEAR,HIGH_VOL
2026-04-27,5,DOWN,UP,0.5050050369366623,,False,False,0.0,BEAR,HIGH_VOL
2026-04-28,5,UP,DOWN,0.5787185875804808,,False,False,0.0,BEAR,HIGH_VOL
2026-04-29,5,UP,UP,0.5696087239539869,,False,True,0.0,BEAR,HIGH_VOL
2026-04-30,5,UP,DOWN,0.6029735257578793,,False,False,0.0,BEAR,HIGH_VOL
2026-05-04,5,DOWN,UP,0.5571408241072918,,False,False,0.0,BEAR,HIGH_VOL
2026-05-05,5,UP,DOWN,0.6159467541474151,,False,False,0.0,BEAR,HIGH_VOL
2026-05-06,5,DOWN,UP,0.5188261445809574,,False,False,0.0,BEAR,HIGH_VOL
2026-05-07,5,DOWN,UP,0.5597477356020997,,False,False,0.0,BEAR,HIGH_VOL
2026-05-08,5,DOWN,DOWN,0.575531522922339,,False,True,0.0,BEAR,HIGH_VOL
2026-05-11,5,DOWN,DOWN,0.5576576108725267,,False,True,0.0,BEAR,HIGH_VOL
2026-05-12,5,UP,UP,0.6364079296556124,,False,True,0.0,BEAR,HIGH_VOL
2026-05-13,5,UP,DOWN,0.5949851651958875,,False,False,0.0,BEAR,HIGH_VOL
2026-05-14,5,DOWN,UP,0.5857209254816896,,False,False,0.0,BEAR,HIGH_VOL
2026-05-15,5,UP,UP,0.5817062020483886,,False,True,0.0,BEAR,HIGH_VOL
2026-05-18,5,DOWN,UP,0.5136948321340583,,False,False,0.0,BEAR,HIGH_VOL
2026-05-19,5,UP,UP,0.5767681589455955,,False,True,0.0,BEAR,HIGH_VOL
2026-05-20,5,DOWN,UP,0.5125580815923398,,False,False,0.0,BEAR,HIGH_VOL
2026-05-21,5,UP,UP,0.6301598779320641,,False,True,0.0,BEAR,HIGH_VOL
2026-05-22,5,UP,UP,0.5850045146812852,,False,True,0.0,BEAR,HIGH_VOL
2026-05-25,5,DOWN,UP,0.5257786869876914,,False,False,0.0,BEAR,HIGH_VOL
2026-05-26,5,UP,DOWN,0.538807801073415,,False,False,0.0,BEAR,HIGH_VOL
2026-05-27,5,DOWN,DOWN,0.5229057541001425,,False,True,0.0,BEAR,HIGH_VOL
2026-05-29,5,DOWN,UP,0.516081983323396,,False,False,0.0,BEAR,HIGH_VOL
2026-06-01,5,UP,DOWN,0.5387725818105011,,False,False,0.0,BEAR,HIGH_VOL
2026-06-02,5,DOWN,DOWN,0.606262206990207,,False,True,0.0,BEAR,HIGH_VOL
2026-06-03,5,UP,DOWN,0.587954651968219,,False,False,0.0,BEAR,HIGH_VOL
2026-06-04,5,DOWN,DOWN,0.5630112645403884,,False,True,0.0,BEAR,HIGH_VOL
2026-06-05,5,UP,UP,0.5281396385923682,,False,True,0.0,BEAR,HIGH_VOL
2026-06-08,5,DOWN,DOWN,0.632478291981476,,False,True,0.0,BEAR,HIGH_VOL
2026-06-09,5,DOWN,UP,0.5524635613046976,,False,False,0.0,BEAR,HIGH_VOL
2026-06-10,5,UP,UP,0.5440257562304138,,False,True,0.0,BEAR,LOW_VOL
2026-06-11,5,UP,DOWN,0.5064214851862261,,False,False,0.0,BEAR,LOW_VOL
2026-06-12,5,DOWN,UP,0.6023638951486447,,False,False,0.0,BEAR,HIGH_VOL
2026-06-15,5,UP,UP,0.5818455458656433,,False,True,0.0,BEAR,HIGH_VOL
2026-06-16,6,UP,DOWN,0.5239753100063689,0.6100000000000001,False,False,0.0,BEAR,HIGH_VOL
2026-06-17,6,UP,DOWN,0.5238994817130171,0.6100000000000001,False,False,0.0,BEAR,HIGH_VOL
2026-06-18,6,UP,DOWN,0.5771858389428514,0.6100000000000001,False,False,0.0,BEAR,HIGH_VOL
2026-06-19,6,DOWN,DOWN,0.6562946885188823,0.6100000000000001,True,True,0.0001534525320842084,BEAR,HIGH_VOL
2026-06-22,6,DOWN,DOWN,0.5475717083084332,0.6100000000000001,False,True,0.0,BEAR,HIGH_VOL
2026-06-23,6,UP,UP,0.5345356737941904,0.6100000000000001,False,True,0.0,BEAR,HIGH_VOL
2026-06-24,6,DOWN,DOWN,0.6185649142457155,0.6100000000000001,True,True,0.0028952186350302833,BEAR,HIGH_VOL
2026-06-25,6,DOWN,UP,0.5320818484501187,0.6100000000000001,False,False,0.0,BEAR,HIGH_VOL
2026-06-29,6,DOWN,UP,0.598522168965722,0.6100000000000001,False,False,0.0,BEAR,LOW_VOL
2026-06-30,6,UP,UP,0.5556357787184691,0.6100000000000001,False,True,0.0,BEAR,LOW_VOL
2026-07-01,6,UP,DOWN,0.5360581614861148,0.6100000000000001,False,False,0.0,BEAR,LOW_VOL
2026-07-02,6,DOWN,UP,0.5380095787938997,0.6100000000000001,False,False,0.0,BEAR,LOW_VOL
2026-07-03,6,UP,UP,0.5709042620630345,0.6100000000000001,False,True,0.0,BEAR,LOW_VOL
2026-07-06,6,DOWN,DOWN,0.5653182818144183,0.6100000000000001,False,True,0.0,BEAR,LOW_VOL
2026-07-07,6,DOWN,UP,0.6187308454764676,0.6100000000000001,True,False,-0.015560881708154617,BEAR,LOW_VOL
2026-07-08,6,UP,UP,0.539464966785713,0.6100000000000001,False,True,0.0,BEAR,HIGH_VOL
2026-07-09,6,UP,DOWN,0.5060305258619986,0.6100000000000001,False,False,0.0,BEAR,HIGH_VOL
2026-07-10,6,UP,UP,0.5097078184579308,0.6100000000000001,False,True,0.0,BEAR,HIGH_VOL
2026-07-13,6,DOWN,UP,0.5039536078442821,0.6100000000000001,False,False,0.0,BEAR,HIGH_VOL
2026-07-14,6,DOWN,DOWN,0.5989264937934229,0.6100000000000001,False,True,0.0,BEAR,HIGH_VOL
2026-07-15,6,DOWN,DOWN,0.5447841141188834,0.6100000000000001,False,True,0.0,BEAR,HIGH_VOL
2026-07-16,6,UP,DOWN,0.5180527754830642,0.6100000000000001,False,False,0.0,BEAR,HIGH_VOL
2026-07-17,6,UP,UP,0.5492906169413743,0.6100000000000001,False,True,0.0,BEAR,HIGH_VOL
2026-07-20,6,DOWN,DOWN,0.6243030796229765,0.6100000000000001,True,True,0.0011707756461244445,BEAR,HIGH_VOL
2026-07-21,6,DOWN,DOWN,0.6098094423651574,0.6100000000000001,False,True,0.0,BEAR,HIGH_VOL
2026-07-22,6,DOWN,DOWN,0.5669359167698328,0.6100000000000001,False,True,0.0,BEAR,HIGH_VOL
2026-07-23,6,UP,DOWN,0.6299289443290493,0.6100000000000001,True,False,-0.004271871709988995,BEAR,LOW_VOL
2026-07-24,6,UP,DOWN,0.646219930885881,0.6100000000000001,True,False,-0.0028229562788268936,BEAR,LOW_VOL
2026-07-27,6,UP,UP,0.5570999771133065,0.6100000000000001,False,True,0.0,BEAR,HIGH_VOL
2026-07-28,6,UP,UP,0.5502513240498665,0.6100000000000001,False,True,0.0,BEAR,HIGH_VOL
2026-07-29,6,UP,UP,0.556052991947521,0.6100000000000001,False,True,0.0,BEAR,HIGH_VOL
2026-07-30,6,UP,UP,0.5392278652141738,0.6100000000000001,False,True,0.0,BEAR,HIGH_VOL
2026-07-31,6,UP,UP,0.585451886019456,0.6100000000000001,False,True,0.0,BEAR,HIGH_VOL
2026-08-03,6,DOWN,UP,0.6519055892605832,0.6100000000000001,True,False,-0.0036026699667950357,BEAR,HIGH_VOL
2026-08-04,6,DOWN,DOWN,0.5930656662026177,0.6100000000000001,False,True,0.0,BEAR,HIGH_VOL
2026-08-05,6,DOWN,DOWN,0.5026152228300327,0.6100000000000001,False,True,0.0,BEAR,LOW_VOL
2026-08-06,6,UP,DOWN,0.5778187079134821,0.6100000000000001,False,False,0.0,BEAR,LOW_VOL
2026-08-07,6,UP,DOWN,0.6764526146346097,0.6100000000000001,True,False,-0.00010376938723610785,BEAR,LOW_VOL
2026-08-10,6,DOWN,DOWN,0.5810345899813225,0.6100000000000001,False,True,0.0,BEAR,LOW_VOL
2026-08-11,6,DOWN,DOWN,0.541083191565647,0.6100000000000001,False,True,0.0,BEAR,LOW_VOL
2026-08-12,6,DOWN,DOWN,0.5394027163389152,0.6100000000000001,False,True,0.0,BEAR,LOW_VOL
2026-08-13,6,UP,DOWN,0.5665959384354867,0.6100000000000001,False,False,0.0,BEAR,LOW_VOL
2026-08-14,6,DOWN,DOWN,0.5588435663380779,0.6100000000000001,False,True,0.0,BEAR,LOW_VOL
2026-08-17,6,DOWN,DOWN,0.5232773723921633,0.6100000000000001,False,True,0.0,BEAR,LOW_VOL
2026-08-18,6,DOWN,DOWN,0.535439832387498,0.6100000000000001,False,True,0.0,BEAR,LOW_VOL
2026-08-19,6,UP,DOWN,0.589938298728669,0.6100000000000001,False,False,0.0,BEAR,LOW_VOL
2026-08-20,6,DOWN,UP,0.5340253326405764,0.6100000000000001,False,False,0.0,BEAR,LOW_VOL
2026-08-21,6,DOWN,UP,0.5360478048021536,0.6100000000000001,False,False,0.0,BEAR,LOW_VOL
2026-08-24,6,UP,UP,0.5276341860837774,0.6100000000000001,False,True,0.0,BEAR,LOW_VOL
2026-08-25,6,DOWN,DOWN,0.5428045401222166,0.6100000000000001,False,True,0.0,BEAR,LOW_VOL
2026-08-26,6,DOWN,UP,0.535364597986661,0.6100000000000001,False,False,0.0,BEAR,LOW_VOL
2026-08-27,6,UP,UP,0.5530737617231538,0.6100000000000001,False,True,0.0,BEAR,LOW_VOL
2026-08-28,6,DOWN,UP,0.5080520695779204,0.6100000000000001,False,False,0.0,BEAR,LOW_VOL
2026-08-31,6,DOWN,UP,0.5771860031060311,0.6100000000000001,False,False,0.0,BEAR,LOW_VOL
2026-09-01,6,UP,DOWN,0.5890395852907624,0.6100000000000001,False,False,0.0,BEAR,LOW_VOL
2026-09-02,6,DOWN,DOWN,0.5291522521080241,0.6100000000000001,False,True,0.0,BEAR,LOW_VOL
2026-09-03,6,DOWN,DOWN,0.5046293012723971,0.6100000000000001,False,True,0.0,BEAR,LOW_VOL
2026-09-04,6,DOWN,DOWN,0.5452570804258099,0.6100000000000001,False,True,0.0,BEAR,LOW_VOL
2026-09-07,6,DOWN,DOWN,0.5381412172071056,0.6100000000000001,False,True,0.0,BEAR,LOW_VOL
2026-09-08,6,DOWN,UP,0.5376902282176951,0.6100000000000001,False,False,0.0,BEAR,LOW_VOL
2026-09-09,6,UP,UP,0.5122981119881892,0.6100000000000001,False,True,0.0,BEAR,LOW_VOL
2026-09-10,6,UP,DOWN,0.5873808027867856,0.6100000000000001,False,False,0.0,BEAR,LOW_VOL
2026-09-11,6,DOWN,DOWN,0.5443804228031799,0.6100000000000001,False,True,0.0,BEAR,LOW_VOL
2026-09-15,6,UP,UP,0.6284795707150386,0.6100000000000001,True,True,0.0006896076248783523,BEAR,LOW_VOL
2026-09-16,6,UP,DOWN,0.5796179116701605,0.6100000000000001,False,False,0.0,BEAR,LOW_VOL
2026-09-17,6,UP,DOWN,0.5614708867221612,0.6100000000000001,False,False,0.0,BEAR,LOW_VOL
