mode,dataset,session_date,captured_ist,status,rows,source_timestamp,sha256,path,error
eod,participant_oi,2026-09-18,2026-09-20T02:05:27.195271+05:30,ok,5,,46f0e3895861dc9cf5a7381b413ab8f1f98ed228ed1aa2000ccb27fa8c560ac8,data/forward/2026-09-18/020527/participant_oi.csv,
eod,participant_volume,2026-09-18,2026-09-20T02:05:27.195271+05:30,ok,5,,e99957fdbe9eef2f4ba12f469375b607583b9f39922128f5ee772295b940dc26,data/forward/2026-09-18/020527/participant_volume.csv,
eod,fii_derivatives,2026-09-18,2026-09-20T02:05:27.195271+05:30,ok,15,,f305a2a382066bac54729d46ac190216cf499b7a787ef7155581503f7265b2ba,data/forward/2026-09-18/020527/fii_derivatives.csv,
eod,india_vix,2026-09-18,2026-09-20T02:05:27.195271+05:30,failed,0,,,,either or both from_date = 2026-09-18 00:00:00 || to_date = 2026-09-18 00:00:00 are not valid value
eod,fii_dii_cash_latest,2026-09-18,2026-09-20T02:05:27.195271+05:30,ok,2,,63cd12b099c4d8ff683e13dd1e0a50223fea3498bf4b21e2536c1842cf99e70e,data/forward/2026-09-18/020527/fii_dii_cash_latest.json,
eod,participant_oi,2026-09-18,2026-09-20T02:06:01.388322+05:30,ok,5,,46f0e3895861dc9cf5a7381b413ab8f1f98ed228ed1aa2000ccb27fa8c560ac8,data/forward/2026-09-18/020601/participant_oi.csv,
eod,participant_volume,2026-09-18,2026-09-20T02:06:01.388322+05:30,ok,5,,e99957fdbe9eef2f4ba12f469375b607583b9f39922128f5ee772295b940dc26,data/forward/2026-09-18/020601/participant_volume.csv,
eod,fii_derivatives,2026-09-18,2026-09-20T02:06:01.388322+05:30,ok,15,,f305a2a382066bac54729d46ac190216cf499b7a787ef7155581503f7265b2ba,data/forward/2026-09-18/020601/fii_derivatives.csv,
eod,india_vix,2026-09-18,2026-09-20T02:06:01.388322+05:30,ok,1,,51a29016b34a1dd78d6f90918eb8f1936fe63c8b15c6436afd86a5d34df86521,data/forward/2026-09-18/020601/india_vix.csv,
eod,fii_dii_cash_latest,2026-09-18,2026-09-20T02:06:01.388322+05:30,ok,2,,63cd12b099c4d8ff683e13dd1e0a50223fea3498bf4b21e2536c1842cf99e70e,data/forward/2026-09-18/020601/fii_dii_cash_latest.json,
eod,participant_oi,2026-09-18,2026-09-20T02:06:41.477144+05:30,ok,5,,46f0e3895861dc9cf5a7381b413ab8f1f98ed228ed1aa2000ccb27fa8c560ac8,data/forward/2026-09-18/020641/participant_oi.csv,
eod,participant_volume,2026-09-18,2026-09-20T02:06:41.477144+05:30,ok,5,,e99957fdbe9eef2f4ba12f469375b607583b9f39922128f5ee772295b940dc26,data/forward/2026-09-18/020641/participant_volume.csv,
eod,fii_derivatives,2026-09-18,2026-09-20T02:06:41.477144+05:30,ok,15,,f305a2a382066bac54729d46ac190216cf499b7a787ef7155581503f7265b2ba,data/forward/2026-09-18/020641/fii_derivatives.csv,
eod,india_vix,2026-09-18,2026-09-20T02:06:41.477144+05:30,ok,1,,51a29016b34a1dd78d6f90918eb8f1936fe63c8b15c6436afd86a5d34df86521,data/forward/2026-09-18/020641/india_vix.csv,
eod,fii_dii_cash_latest,2026-09-18,2026-09-20T02:06:41.477144+05:30,ok,2,,63cd12b099c4d8ff683e13dd1e0a50223fea3498bf4b21e2536c1842cf99e70e,data/forward/2026-09-18/020641/fii_dii_cash_latest.json,
eod,participant_oi,2026-09-18,2026-09-20T03:06:02.420058+05:30,ok,5,,46f0e3895861dc9cf5a7381b413ab8f1f98ed228ed1aa2000ccb27fa8c560ac8,data/forward/2026-09-18/030602/participant_oi.csv,
eod,participant_volume,2026-09-18,2026-09-20T03:06:02.420058+05:30,ok,5,,e99957fdbe9eef2f4ba12f469375b607583b9f39922128f5ee772295b940dc26,data/forward/2026-09-18/030602/participant_volume.csv,
eod,fii_derivatives,2026-09-18,2026-09-20T03:06:02.420058+05:30,ok,15,,f305a2a382066bac54729d46ac190216cf499b7a787ef7155581503f7265b2ba,data/forward/2026-09-18/030602/fii_derivatives.csv,
eod,india_vix,2026-09-18,2026-09-20T03:06:02.420058+05:30,ok,1,,51a29016b34a1dd78d6f90918eb8f1936fe63c8b15c6436afd86a5d34df86521,data/forward/2026-09-18/030602/india_vix.csv,
eod,fii_dii_cash_latest,2026-09-18,2026-09-20T03:06:02.420058+05:30,ok,2,,63cd12b099c4d8ff683e13dd1e0a50223fea3498bf4b21e2536c1842cf99e70e,data/forward/2026-09-18/030602/fii_dii_cash_latest.json,
eod,cross_market_detail,2026-09-18,2026-09-20T03:06:02.420058+05:30,partial,25,,1356b6bb8ca40bee8bb1aa9e08c957981a13c4678066bf7893e88defae0799b0,data/forward/2026-09-18/030602/cross_market_detail.csv,3 instruments failed
eod,cross_market_summary,2026-09-18,2026-09-20T03:06:02.420058+05:30,ok,4,,3a255fa8487082974e9f506b4bbbd7b4afed6e527678f80cf1d0b2fff17eb3df,data/forward/2026-09-18/030602/cross_market_summary.csv,
eod,participant_oi,2026-09-18,2026-09-20T03:35:37.561897+05:30,ok,5,,46f0e3895861dc9cf5a7381b413ab8f1f98ed228ed1aa2000ccb27fa8c560ac8,data/forward/2026-09-18/033537/participant_oi.csv,
eod,participant_volume,2026-09-18,2026-09-20T03:35:37.561897+05:30,ok,5,,e99957fdbe9eef2f4ba12f469375b607583b9f39922128f5ee772295b940dc26,data/forward/2026-09-18/033537/participant_volume.csv,
eod,fii_derivatives,2026-09-18,2026-09-20T03:35:37.561897+05:30,ok,15,,f305a2a382066bac54729d46ac190216cf499b7a787ef7155581503f7265b2ba,data/forward/2026-09-18/033537/fii_derivatives.csv,
eod,nifty_futures_eod,2026-09-18,2026-09-20T03:35:37.561897+05:30,ok,3,,d74d8fdc3ee3be05e968db87b9f49edf580a55ad72ae8628313b5533c044b900,data/forward/2026-09-18/033537/nifty_futures_eod.csv,
eod,india_vix,2026-09-18,2026-09-20T03:35:37.561897+05:30,ok,1,,51a29016b34a1dd78d6f90918eb8f1936fe63c8b15c6436afd86a5d34df86521,data/forward/2026-09-18/033537/india_vix.csv,
eod,fii_dii_cash_latest,2026-09-18,2026-09-20T03:35:37.561897+05:30,ok,2,,63cd12b099c4d8ff683e13dd1e0a50223fea3498bf4b21e2536c1842cf99e70e,data/forward/2026-09-18/033537/fii_dii_cash_latest.json,
eod,cross_market_detail,2026-09-18,2026-09-20T03:35:37.561897+05:30,partial,25,,1356b6bb8ca40bee8bb1aa9e08c957981a13c4678066bf7893e88defae0799b0,data/forward/2026-09-18/033537/cross_market_detail.csv,3 instruments failed
eod,cross_market_summary,2026-09-18,2026-09-20T03:35:37.561897+05:30,ok,4,,3a255fa8487082974e9f506b4bbbd7b4afed6e527678f80cf1d0b2fff17eb3df,data/forward/2026-09-18/033537/cross_market_summary.csv,
