date,future_expiry,future_close,future_basis_pct,future_oi,future_change_oi,future_volume,near_oi_share,next_near_spread_pct
2024-09-20,2024-09-26,25767.75,-0.0008995403426396,13765225.0,735850.0,12207325.0,0.7662118083193712,0.004643401150663
2024-09-23,2024-09-26,25917.85,-0.0008173005564968,11406150.0,-2359075.0,6254100.0,0.6230289920975334,0.0048615143617236
2024-09-24,2024-09-26,25944.7,0.0001657645988495,8977325.0,-2428825.0,5635225.0,0.4702613792769279,0.0052669716743689
2024-09-25,2024-09-26,25998.2,-0.0002288096323087,6735350.0,-2241975.0,4745050.0,0.354114693550295,0.0049426498757605
2024-09-26,2024-09-26,26226.5,0.0003986107746971,4633000.0,-2102350.0,6371700.0,0.2122875206050171,0.0031399538634586
2024-09-27,2024-10-31,26345.15,0.00634861214831,16284375.0,239250.0,4796475.0,0.926330175289898,0.0043271721740054
2024-09-30,2024-10-31,25990.15,,14902375.0,-1382000.0,8178600.0,0.9207650399835648,0.0051423327683757
2024-10-01,2024-10-31,25969.25,0.0066810353181971,14503875.0,-398500.0,4490425.0,0.9152702007692526,0.0049770401532582
2024-10-03,2024-10-31,25475.7,0.0089346180807206,13342125.0,-1161750.0,11748150.0,0.8995211520666645,0.0058016070215931
2024-10-04,2024-10-31,25173.85,0.0063662820912586,13793250.0,451125.0,11686925.0,0.8931514211618593,0.0060916387441731
2024-10-07,2024-10-31,24985.55,0.0076545375719629,13832575.0,39325.0,9806550.0,0.8852380594304621,0.0056552687453348
2024-10-08,2024-10-31,25131.65,0.0047375080707547,14034225.0,201650.0,7438625.0,0.882429503130487,0.0056621829446137
2024-10-09,2024-10-31,25083.9,,13848275.0,-185950.0,7668750.0,0.8752377972861088,0.0058403996188789
2024-10-10,2024-10-31,25117.9,,14011025.0,162750.0,4628175.0,0.8708544595394629,0.0059081372248475
2024-10-11,2024-10-31,25049.55,,13816650.0,-194375.0,3239925.0,0.869970248870559,0.0055789425358938
2024-10-14,2024-10-31,25221.5,,13494750.0,-321900.0,3762225.0,0.8693292448226603,0.0056281347263247
2024-10-15,2024-10-31,25118.35,0.0024344154509554,13604750.0,110000.0,3970025.0,0.8657326170200242,0.0058602575408017
2024-10-16,2024-10-31,25048.8,,13720100.0,115350.0,4619000.0,0.8651902206471223,0.0058765290153619
2024-10-17,2024-10-31,24843.8,,13530700.0,-189400.0,4825125.0,0.856167504018021,0.0056855231486325
2024-10-18,2024-10-31,24949.15,0.003826338162191,13252475.0,-278225.0,6133900.0,0.848972054817337,0.0056274462256227
2024-10-21,2024-10-31,24788.8,,12901075.0,-351400.0,4982350.0,0.8412706693250344,0.0054823145936875
2024-10-22,2024-10-31,24538.3,0.0027051213422633,13117600.0,216525.0,6254250.0,0.8365242816579859,0.0054954907226663
2024-10-23,2024-10-31,24482.65,,12892425.0,-225175.0,5243150.0,0.8218357466366212,0.0055917149491577
2024-10-24,2024-10-31,24452.0,0.0021557907161651,12805675.0,-86750.0,3846700.0,0.8074654299424305,0.0058032062816948
2024-10-25,2024-10-31,24192.75,0.0004941937404883,11990700.0,-814975.0,7055475.0,0.7824069844832762,0.0058095917165266
2024-10-28,2024-10-31,24348.45,0.0003821004431132,10147750.0,-1842950.0,6528900.0,0.6958830931490034,0.00548700225271
2024-10-29,2024-10-31,24477.7,0.0004434571675553,8352250.0,-1795500.0,6497550.0,0.5645014125630247,0.0054988826564585
2024-10-30,2024-10-31,24371.05,0.0012407126291809,6080175.0,-2272075.0,5150225.0,0.410660313322099,0.0055578237293838
2024-10-31,2024-10-31,24203.3,,4318600.0,-1761575.0,5257475.0,0.2713374455539167,0.00764358579202
2024-11-01,2024-11-28,24383.65,0.0032627904058328,10605825.0,39800.0,1185275.0,0.907153380818684,0.0057989677509313
2024-11-04,2024-11-28,24114.65,0.0049717966189284,11149425.0,543600.0,7947975.0,0.8967408024032284,0.0061684494695133
2024-11-05,2024-11-28,24295.45,0.0033927634812274,11172925.0,23500.0,6265400.0,0.8905922442309991,0.005943499708793
2024-11-06,2024-11-28,24587.1,0.004208862504365,11105675.0,-67250.0,7669325.0,0.880482114931411,0.0060112823391129
2024-11-07,2024-11-28,24300.5,,11442325.0,336650.0,6011300.0,0.8707479757701205,0.0062015184872739
2024-11-08,2024-11-28,24219.85,0.0029670948559312,11303025.0,-139300.0,4930625.0,0.8677263401536539,0.0063935160622383
2024-11-11,2024-11-28,24226.3,,11263375.0,-39650.0,5941275.0,0.8665184435806645,0.0062865563457894
2024-11-12,2024-11-28,23959.6,,11685000.0,423050.0,5251200.0,0.8679520676534654,0.0064587889614184
2024-11-13,2024-11-28,23658.55,,12011200.0,326200.0,6660975.0,0.8602871395982624,0.0062133985387946
2024-11-14,2024-11-28,23601.7,,12259750.0,248550.0,5672800.0,0.8527038775865067,0.0060800705033958
2024-11-18,2024-11-28,23513.95,,12129400.0,-130350.0,5837225.0,0.8412941172390593,0.0062749984583618
2024-11-19,2024-11-28,23534.8,,11496675.0,-632725.0,7311425.0,0.8274218534931799,0.006426653296395
2024-11-21,2024-11-28,23348.7,,11233175.0,-263500.0,5527525.0,0.7991388386949903,0.006563534586508
2024-11-22,2024-11-28,23886.55,-0.0008658461345407,10009675.0,-1223500.0,10552250.0,0.7711807113814483,0.0057082332944691
2024-11-25,2024-11-28,24273.5,0.0021303035682584,9327400.0,-682275.0,7601275.0,0.7019561286826752,0.006099244031557
2024-11-26,2024-11-28,24217.1,0.0009340965922006,7996775.0,-1330625.0,4662550.0,0.6118338124776447,0.0057727803907157
2024-11-27,2024-11-28,24299.55,0.0010154521748801,6214400.0,-1782375.0,5306500.0,0.4416875300957555,0.0056791175145218
2024-11-28,2024-11-28,23903.55,-0.0004432522167838,3354450.0,-2859950.0,8701825.0,0.2066276442896279,0.0088564250916705
2024-11-29,2024-12-26,24304.15,0.0071712437476949,11366750.0,-418925.0,6582400.0,0.91024113872734,0.0066346693877383
2024-12-02,2024-12-26,24428.5,,11790500.0,423750.0,5743350.0,0.9107604604591072,0.0064105450600733
2024-12-03,2024-12-26,24547.0,,11635275.0,-155225.0,5112075.0,0.906498823566075,0.0065221819366927
2024-12-04,2024-12-26,24561.7,,11551050.0,-84225.0,5935375.0,0.899994740768588,0.0065182784579242
2024-12-05,2024-12-26,24764.35,,11174400.0,-376650.0,12468000.0,0.8939734553629287,0.0066789558377264
2024-12-06,2024-12-26,24783.25,,11357875.0,183475.0,4387775.0,0.8873877129279312,0.006772719477873
2024-12-09,2024-12-26,24694.6,0.0030707989764002,11280775.0,-77100.0,3590100.0,0.8830801567203028,0.0069063681938563
2024-12-10,2024-12-26,24682.6,,11231800.0,-48975.0,4028000.0,0.8780829119849273,0.0070515261763348
2024-12-11,2024-12-26,24734.9,,11148225.0,-83575.0,3922400.0,0.8737144458181405,0.0070689592438213
2024-12-12,2024-12-26,24648.55,0.0040674251589696,11115625.0,-32600.0,3541625.0,0.8678827272549824,0.0073330885589619
2024-12-13,2024-12-26,24830.75,,10856375.0,-259250.0,11919450.0,0.8619505562668096,0.0070859720306475
2024-12-16,2024-12-26,24738.5,,10877125.0,20750.0,4606750.0,0.851800079485809,0.0073993976999413
2024-12-17,2024-12-26,24417.65,,11065525.0,188400.0,7943650.0,0.8272547509756134,0.0078037812811633
2024-12-18,2024-12-26,24257.35,0.0024174702516854,10948275.0,-117250.0,5562100.0,0.8070586370723113,0.0075791461144767
2024-12-19,2024-12-26,24018.8,0.0028014712943131,10735200.0,-213075.0,4826575.0,0.7739884174268519,0.0077293619997669
2024-12-20,2024-12-26,23625.65,,10499150.0,-236050.0,7737600.0,0.7183387925799858,0.0071003337474313
2024-12-23,2024-12-26,23769.75,0.0006862161075549,9217925.0,-1281225.0,5785575.0,0.6439088195898524,0.0072255703152115
2024-12-24,2024-12-26,23770.6,0.0018101244750321,5721775.0,-3496150.0,6188850.0,0.398808476233126,0.0066742110001432
2024-12-26,2024-12-26,23748.7,-6.315736288531326e-05,3477450.0,-2244325.0,5398150.0,0.223413277139241,0.0072024995052359
2024-12-27,2025-01-30,23992.65,0.0075272745597017,11695250.0,532500.0,4932400.0,0.9229115085275752,0.0058330363673873
2024-12-30,2025-01-30,23816.7,0.0072658374533196,12373500.0,678250.0,5749600.0,0.9211407897087726,0.0061133574340692
2024-12-31,2025-01-30,23805.85,0.0068112227635674,13291200.0,917700.0,5152450.0,0.9212965610459828,0.0061749527952164
2025-01-01,2025-01-30,23897.85,0.0065261615051235,13270450.0,-20750.0,4393225.0,0.9188344284655916,0.0059377726448195
2025-01-02,2025-01-30,24282.65,0.003886120143125,12424650.0,-845800.0,8475525.0,0.9058508311461068,0.0052794896767855
2025-01-03,2025-01-30,24092.4,0.0036513606682011,12608625.0,183975.0,6550100.0,0.9084007413531316,0.0058835981471334
2025-01-06,2025-01-30,23721.05,0.0044461287979997,12439200.0,-169425.0,9534850.0,0.9067579314530018,0.0057459513807356
2025-01-07,2025-01-30,23795.05,0.0036759898599201,12651100.0,211900.0,4250825.0,0.9024429825108916,0.0058562600204665
2025-01-08,2025-01-30,23781.35,0.0039005527893805,12927575.0,276475.0,5947575.0,0.8943633470545505,0.0059521431710143
2025-01-09,2025-01-30,23648.1,0.0051686396191528,13641200.0,713625.0,4573775.0,0.8848039851594324,0.0059708813815908
2025-01-10,2025-01-30,23500.65,0.002951155495807,13543325.0,-97875.0,6542575.0,0.8592199132743531,0.0059360060253652
2025-01-13,2025-01-30,23162.1,0.0032985430532421,13866925.0,323600.0,6969550.0,0.8347874116002185,0.0058695023335535
2025-01-14,2025-01-30,23271.75,0.0041292627518494,13753850.0,-113075.0,4867475.0,0.8106020645412245,0.0054937853835659
2025-01-15,2025-01-30,23265.9,0.0022702600244688,13536300.0,-217550.0,3594750.0,0.8026112749087254,0.005791738123176
2025-01-16,2025-01-30,23377.55,0.0028204600245369,13500850.0,-35450.0,4279950.0,0.7852481518748801,0.0056079443739829
2025-01-17,2025-01-30,23267.2,0.002758240242725,14032150.0,531300.0,5459700.0,0.7799950528208649,0.0058193508458257
2025-01-20,2025-01-30,23400.2,0.0023752663875176,14133750.0,101600.0,4092800.0,0.7744467503647235,0.0057307202502541
2025-01-21,2025-01-30,23103.2,0.0034115610877907,14572600.0,438850.0,9710850.0,0.7504609078081388,0.0057437930676269
2025-01-22,2025-01-30,23198.95,0.0018829341815176,14085325.0,-487275.0,5294425.0,0.7215851967023523,0.0057049995797222
2025-01-23,2025-01-30,23263.7,0.0025145063530609,13637050.0,-448275.0,4030550.0,0.6991682763234968,0.0056138963277552
2025-01-24,2025-01-30,23113.9,0.0009397112444895,13209950.0,-427100.0,6887100.0,0.6728664678451637,0.0057432973232556
2025-01-27,2025-01-30,22846.45,0.0007578030719497,11804150.0,-1405800.0,6048900.0,0.5863857309982191,0.0053378095940508
2025-01-28,2025-01-30,22977.7,0.000890786135099,8969500.0,-2834650.0,8099175.0,0.4320672463209615,0.0053769524364928
2025-01-29,2025-01-30,23148.25,-0.000641105896879,6367950.0,-2601550.0,7453075.0,0.3034372833382175,0.0056634950806215
2025-01-30,2025-01-30,23235.1,-0.000619368158455,4310725.0,-2057225.0,6731025.0,0.192273982256676,0.0078846228335578
2025-01-31,2025-02-27,23620.2,0.0047557468819656,17774775.0,478725.0,6668325.0,0.9517913582676376,0.0061366965563374
2025-02-01,2025-02-27,23555.55,0.0031257785168734,17392275.0,-382500.0,11320275.0,0.9494636423190304,0.0058839636518783
2025-02-03,2025-02-27,23442.75,0.0034972743091599,17125575.0,-266700.0,6272700.0,0.9477797793476728,0.0059080099391068
2025-02-04,2025-02-27,23785.4,,16697400.0,-428175.0,10275375.0,0.9440559737093184,0.0058039805931369
2025-02-05,2025-02-27,23772.6,0.0032199119693792,16613175.0,-84225.0,3833700.0,0.9430409386601274,0.006023741618502
2025-02-06,2025-02-27,23688.9,0.0036244855073539,16787400.0,174225.0,4147650.0,0.9402809517408254,0.0061801096716183
2025-02-07,2025-02-27,23614.95,0.0023344701495546,16761000.0,-26400.0,7113000.0,0.937825225769631,0.0063836679730424
2025-02-10,2025-02-27,23459.15,0.0033167105758376,17100975.0,339975.0,5104875.0,0.9334733463520876,0.0064559031337452
2025-02-11,2025-02-27,23153.15,0.0035259494274395,17240925.0,139950.0,6582450.0,0.9260203670582168,0.0060747673642678
2025-02-12,2025-02-27,23123.85,0.0034106811598919,17572200.0,331275.0,9904875.0,0.9188078431372548,0.0061386836534573
2025-02-13,2025-02-27,23107.75,0.0033150394678569,17272950.0,-299250.0,6194475.0,0.9102140508410268,0.0058183942616654
2025-02-14,2025-02-27,22995.65,0.0028958644526098,17385600.0,112650.0,8198400.0,0.8978889878762056,0.0058010971640287
2025-02-17,2025-02-27,23026.4,0.0029138265206123,17193300.0,-192300.0,6971550.0,0.8882740876789188,0.0058910641698224
2025-02-18,2025-02-27,22972.6,0.0011897861435674,16780425.0,-412875.0,5482350.0,0.8747321917272656,0.0056045027554565
2025-02-19,2025-02-27,22964.5,0.001377933013269,16659825.0,-120600.0,6484800.0,0.8590416892257715,0.0058917024102418
2025-02-20,2025-02-27,22942.5,0.0012809238363122,16391775.0,-268050.0,4096575.0,0.8310562879533969,0.0061392611964694
2025-02-21,2025-02-27,22822.6,0.0011712632534797,15082500.0,-1309275.0,7214625.0,0.7637066546154694,0.0061539877139327
2025-02-24,2025-02-27,22612.65,0.0026293211429788,11660625.0,-3421875.0,7971900.0,0.565221817071353,0.0058330182442127
2025-02-25,2025-02-27,22582.15,0.0015345347942461,7711800.0,-3948825.0,7117200.0,0.3746124504064033,0.0059361044010424
2025-02-27,2025-02-27,22547.75,0.0001197602134392,3467625.0,-4244175.0,7250925.0,0.1642877193730523,0.0060272089232851
2025-02-28,2025-03-27,22280.05,0.0070215641342028,17905950.0,1149525.0,9183375.0,0.9427732014942464,0.0067953168866319
2025-03-03,2025-03-27,22259.8,0.006351918912443,17949600.0,43650.0,6696825.0,0.9293569431500466,0.0066038329185347
2025-03-04,2025-03-27,22191.05,0.00490883114119,18198750.0,249150.0,4736175.0,0.92161435386345,0.0064800899461718
2025-03-05,2025-03-27,22441.35,0.0046581278847488,17827425.0,-371325.0,6192450.0,0.8992271229528972,0.0066328451719706
2025-03-06,2025-03-27,22620.95,0.0033821696451936,18106275.0,278850.0,8776875.0,0.8999701770736254,0.0063171529047187
2025-03-07,2025-03-27,22649.95,0.0043210287107859,18054525.0,-51750.0,5674500.0,0.8967226915798727,0.0065055331247971
2025-03-10,2025-03-27,22515.65,0.0024643482055004,17677275.0,-377250.0,5186700.0,0.8892045347367626,0.0065132474523275
2025-03-11,2025-03-27,22564.3,0.0029513865738579,17580075.0,-97200.0,5640000.0,0.8795897766887188,0.0063352286576583
2025-03-12,2025-03-27,22530.35,0.0026634921341313,17460150.0,-119925.0,5860650.0,0.8708901483268803,0.00634033647946
2025-03-13,2025-03-27,22444.25,0.0021007090171984,17564925.0,104775.0,4934250.0,0.8698747924660053,0.0065428784655312
2025-03-17,2025-03-27,22584.3,0.0033564724829233,17206125.0,-358800.0,5069925.0,0.8624688907435394,0.006402677966552
2025-03-18,2025-03-27,22895.4,0.0026757991267523,16764675.0,-441450.0,6725325.0,0.8465468399684906,0.0059487932073689
2025-03-19,2025-03-27,22972.95,0.0028527650212157,16443750.0,-320925.0,4430925.0,0.8267407748173063,0.0065511830217712
2025-03-20,2025-03-27,23200.25,0.0004139599364398,15414525.0,-1029225.0,7796850.0,0.8003699521009385,0.0063038113813429
2025-03-21,2025-03-27,23379.85,0.0012612203645332,14353050.0,-1061475.0,6678600.0,0.7700020520083529,0.0063152672065902
2025-03-24,2025-03-27,23699.35,0.0017330033582223,12926625.0,-1426425.0,7108125.0,0.6799013806706115,0.0061098722116852
2025-03-25,2025-03-27,23705.35,0.0015505742828592,11648400.0,-1278225.0,8445525.0,0.5879756347791192,0.006589229857395
2025-03-26,2025-03-27,23521.9,0.0014923244283504,7067400.0,-4581000.0,8309475.0,0.3815168850939095,0.006783040485675
2025-03-27,2025-03-27,23593.6,6.993911058628122e-05,4421475.0,-2645925.0,5400525.0,0.2390603520638435,0.0078008442967585
2025-03-28,2025-04-24,23637.65,,12560100.0,136650.0,7312950.0,0.8706601644952325,0.0054066288315461
2025-04-01,2025-04-24,23321.4,0.0067211437599554,12808425.0,248325.0,9196575.0,0.8754620065308885,0.0049782603102728
2025-04-02,2025-04-24,23438.95,0.0045687639693388,12604950.0,-203475.0,4815300.0,0.867966038671294,0.0047698382393408
2025-04-03,2025-04-24,23325.95,0.0032623515597782,13032300.0,427350.0,5138925.0,0.8708665363604471,0.005326685515488
2025-04-04,2025-04-24,22958.15,0.0023445225709415,13654275.0,621975.0,8108850.0,0.8700162957511577,0.005298771895819
2025-04-07,2025-04-24,22263.8,,13875975.0,221700.0,19669875.0,0.8466561719186169,0.0047004554478571
2025-04-08,2025-04-24,22630.35,0.0041933186456246,13430775.0,-445200.0,11705175.0,0.8408436750198381,0.0050374828493593
2025-04-09,2025-04-24,22479.65,0.0035938863751525,13164825.0,-265950.0,6796425.0,0.831526090148985,0.0048110179651372
2025-04-11,2025-04-24,22917.65,0.0039030074183423,12919500.0,-245325.0,9054375.0,0.8231077981651376,0.0047757950749749
2025-04-15,2025-04-24,23340.9,0.000529394240105,12380700.0,-538800.0,6692625.0,0.8110846333374279,0.0047984439331816
2025-04-16,2025-04-24,23433.5,-0.0001578686873858,12106575.0,-274125.0,5351175.0,0.7968456127360237,0.0047922845498964
2025-04-17,2025-04-24,23851.3,-1.4674037225992365e-05,11622975.0,-483600.0,10156575.0,0.750696331604009,0.0044064684105269
2025-04-21,2025-04-24,24135.5,0.0004124258307065,11051175.0,-571800.0,5800650.0,0.7018824964036317,0.0055022684427503
2025-04-22,2025-04-24,24169.0,7.241204522645539e-05,8816400.0,-2234775.0,6541350.0,0.5479411188902459,0.0055608424014232
2025-04-23,2025-04-24,24312.7,-0.0006679285378119,5549550.0,-3266850.0,7435350.0,0.3487486449545176,0.0055937843184836
2025-04-24,2025-04-24,24245.7,-4.124272581418342e-05,3392175.0,-2157375.0,4140075.0,0.2091659537077716,0.0052504155376005
2025-04-25,2025-05-29,24139.1,0.0041494466364522,11736900.0,233025.0,12617250.0,0.8886592200977859,0.0043207907502766
2025-04-28,2025-05-29,24452.8,0.0051092340259366,12629700.0,892800.0,7818600.0,0.8874343894264213,0.0042939867826996
2025-04-29,2025-05-29,24425.3,0.0036715229937602,13070550.0,440850.0,5926800.0,0.8844869413400733,0.0041678096072514
2025-04-30,2025-05-29,24418.4,0.0034601507343574,13347750.0,277200.0,5205450.0,0.8839276845137578,0.004181273138289
2025-05-02,2025-05-29,24400.7,0.0022179597234943,12934800.0,-412950.0,11982600.0,0.8781218018238196,0.0043687271266807
2025-05-05,2025-05-29,24553.7,0.0037835506507257,13520250.0,585450.0,5715825.0,0.8789671027290059,0.0042844866557789
2025-05-06,2025-05-29,24431.4,0.0021247272309636,13527900.0,7650.0,4889475.0,0.873924987766058,0.004256817046915
2025-05-07,2025-05-29,24461.4,0.001925093387509,13159275.0,-368625.0,7486950.0,0.8676840757023535,0.0044519119919546
2025-05-08,2025-05-29,24271.9,-7.827369427104713e-05,12776925.0,-382350.0,8515275.0,0.8552158634538153,0.0037368314800241
2025-05-09,2025-05-29,24065.5,0.0023950349883372,12619800.0,-157125.0,11312175.0,0.8428328850286264,0.0045209947850657
2025-05-12,2025-05-29,25044.1,0.0047904287714595,12644025.0,24225.0,11739525.0,0.8056764906881275,0.0042604845053326
2025-05-13,2025-05-29,24640.2,0.0025164423161034,12246525.0,-397500.0,12257100.0,0.7873161135406973,0.0047442796730545
2025-05-14,2025-05-29,24715.9,0.0019864676955758,11632575.0,-613950.0,6583500.0,0.7746954432617914,0.0046528752746208
2025-05-15,2025-05-29,25078.7,0.0006623547108981,12191025.0,558450.0,13966050.0,0.7629523586012673,0.0044858784546248
2025-05-16,2025-05-29,25078.7,0.0023541355246645,11973975.0,-217050.0,4664850.0,0.7474636341078593,0.0045018282446855
2025-05-19,2025-05-29,24976.4,0.001240707223161,11775375.0,-198600.0,3971700.0,0.7378089182749918,0.0047044409922967
2025-05-20,2025-05-29,24774.6,0.0036744598706037,11175975.0,-599400.0,7239225.0,0.6395243040951735,0.0039758462296062
2025-05-21,2025-05-29,24832.2,0.0007556385750469,10785750.0,-390225.0,7813200.0,0.5827221524372949,0.0039867591272622
2025-05-22,2025-05-29,24652.2,0.0017269613201298,10423125.0,-362625.0,8540400.0,0.553517659991397,0.0042917062168892
2025-05-23,2025-05-29,24879.9,0.0010763223172918,10398000.0,-25125.0,7194000.0,0.5355956299352526,0.0037339378373706
2025-05-26,2025-05-29,25035.9,0.001389936062941,9418875.0,-979125.0,5650350.0,0.4771611599136752,0.0036667345691585
2025-05-27,2025-05-29,24862.6,0.0014661929735519,7685625.0,-1733250.0,10978650.0,0.4006341337545253,0.0040542823357172
2025-05-28,2025-05-29,24762.5,0.0004060204141407,5931375.0,-1754250.0,5895825.0,0.2997869630483237,0.0039656739020697
2025-05-29,2025-05-29,24814.2,-0.0007811996649699,3945300.0,-1986075.0,6082575.0,0.2090463284559565,0.005182516462348
2025-05-30,2025-06-26,24871.2,,13020000.0,336375.0,5215500.0,0.833785607592444,0.0052832191450351
2025-06-02,2025-06-26,24826.3,0.0044383127129137,12674100.0,-345900.0,6981225.0,0.8143686026562831,0.0056109851246459
2025-06-03,2025-06-26,24675.3,0.0054110216970562,12731325.0,57225.0,7913250.0,0.779146088457231,0.0057101636049003
2025-06-04,2025-06-26,24729.4,0.004435382328332,12494550.0,-236775.0,3822000.0,0.7535155525602811,0.0054995268789375
2025-06-05,2025-06-26,24861.4,0.0044644841197694,12317325.0,-177225.0,7983825.0,0.7124772783472954,0.005538706589331
2025-06-06,2025-06-26,25096.3,0.0037295449955105,12180600.0,-136725.0,8241675.0,0.7011163778589375,0.0052039543677753
2025-06-09,2025-06-26,25181.8,0.0031310749227189,11925600.0,-255000.0,3438975.0,0.6856393804546552,0.005353072457092
2025-06-10,2025-06-26,25160.6,0.0022446398518178,11487600.0,-438000.0,3535200.0,0.6723173017412793,0.0053416850154608
2025-06-11,2025-06-26,25211.7,0.0027961847788906,11403000.0,-84600.0,4675500.0,0.6645656763455007,0.0051841010324571
2025-06-12,2025-06-26,24937.4,0.0019768404304048,11388075.0,-14925.0,8957025.0,0.6479876412022516,0.005265184020788
2025-06-13,2025-06-26,24727.4,0.0003560072172372,11825400.0,437325.0,6749850.0,0.650786902703082,0.0052330613004196
2025-06-16,2025-06-26,24996.2,0.0019922634437696,11748900.0,-76500.0,6673500.0,0.6393880891254393,0.0046847120762354
2025-06-17,2025-06-26,24868.8,0.0006196335310257,11568075.0,-180825.0,4572975.0,0.6280247722895638,0.0046886058032555
2025-06-18,2025-06-26,24826.9,0.0005984995193868,11174250.0,-393825.0,5511675.0,0.6142271143817121,0.0046199888024682
2025-06-19,2025-06-26,24803.1,0.0003972855515108,11068050.0,-106200.0,4175250.0,0.6040390975473984,0.0045316916030657
2025-06-20,2025-06-26,25111.7,-2.7874675459171883e-05,10854000.0,-214050.0,7878450.0,0.5745661572910588,0.0035640757097288
2025-06-23,2025-06-26,24993.3,0.0008569632266666,9159975.0,-1694025.0,8312700.0,0.4930204582519255,0.0043611687932365
2025-06-24,2025-06-26,25071.7,0.0010920626808044,7305300.0,-1854675.0,10625700.0,0.3746437376678423,0.0042837143073664
2025-06-25,2025-06-26,25252.2,0.0002951108646351,5420850.0,-1884450.0,5421525.0,0.2751183787816501,0.0038808499853477
2025-06-26,2025-06-26,25551.0,7.828095033080018e-05,4190625.0,-1230225.0,5695875.0,0.2046665811981465,0.0025047943329028
2025-06-27,2025-07-31,25750.2,0.0043841515262621,14899275.0,62700.0,4575900.0,0.9041411985308508,0.0042290933662649
2025-06-30,2025-07-31,25614.2,0.0038072582841668,14414550.0,-484725.0,7132650.0,0.8918142629774163,0.0046731890904263
2025-07-01,2025-07-31,25643.3,0.0039738781135236,14546325.0,131775.0,3400050.0,0.8886033033239411,0.004430007058374
2025-07-02,2025-07-31,25546.1,0.0036419496020176,14085450.0,-460875.0,5718150.0,0.8792209920179771,0.004098472956733
2025-07-03,2025-07-31,25508.6,0.0040660806996963,13701525.0,-383925.0,6714000.0,0.8650403193348138,0.0041711422814267
2025-07-04,2025-07-31,25540.1,0.0031067122265424,13464600.0,-236925.0,4448175.0,0.8515983359659983,0.0044087532938399
2025-07-07,2025-07-31,25538.9,0.0030477626829739,13276800.0,-187800.0,3127725.0,0.8250790010906345,0.0043619733034703
2025-07-08,2025-07-31,25611.9,0.0035027916544225,13341975.0,65175.0,3018525.0,0.7959632025915685,0.0045486668306529
2025-07-09,2025-07-31,25558.8,0.0032461797527878,13456800.0,114825.0,3483525.0,0.7777541775937926,0.004252938322613
2025-07-10,2025-07-31,25421.9,0.002628646927165,13465950.0,9150.0,4966725.0,0.7682229714696469,0.0043387787694861
2025-07-11,2025-07-31,25223.4,0.0029244707224895,13451400.0,-14550.0,5545875.0,0.7575650058289827,0.0041271200551868
2025-07-14,2025-07-31,25167.5,0.00339681767621,13697325.0,245925.0,4978425.0,0.7387656698124274,0.0040250322836992
2025-07-15,2025-07-31,25265.6,0.0027703029870056,13659150.0,-38175.0,4083675.0,0.7342030364356148,0.0040410676967894
2025-07-16,2025-07-31,25245.8,0.0013386456079533,13731975.0,72825.0,3436275.0,0.7304465429128817,0.0040481981161222
2025-07-17,2025-07-31,25174.6,0.0025147890703243,13825575.0,93600.0,3977025.0,0.7257405395190627,0.0039802022673647
2025-07-18,2025-07-31,25032.3,0.0025592348728791,13738800.0,-86775.0,5240100.0,0.714156504381998,0.0041985754405309
2025-07-21,2025-07-31,25127.6,0.0014706644294497,13284525.0,-454275.0,4273200.0,0.7002229619146262,0.0039438704850445
2025-07-22,2025-07-31,25093.9,0.0013167922939718,13220850.0,-63675.0,3099225.0,0.6937484011885319,0.0041882688621537
2025-07-23,2025-07-31,25252.8,0.0013045253946286,12754875.0,-465975.0,3861300.0,0.6785906669592802,0.0040153963124882
2025-07-24,2025-07-31,25095.4,0.0013286995104162,12360525.0,-394350.0,4741725.0,0.6380696116767974,0.0039688548498928
2025-07-25,2025-07-31,24850.4,0.0005395176551112,12162000.0,-198525.0,5229675.0,0.6034556544196726,0.0037061777677622
2025-07-28,2025-07-31,24710.2,0.0011871528185762,11209875.0,-952125.0,5344500.0,0.548712884372522,0.0039578797419688
2025-07-29,2025-07-31,24838.8,0.0007131029648161,9140775.0,-2069100.0,6337950.0,0.4543969994444796,0.0038608950512908
2025-07-30,2025-07-31,24869.3,0.000573324133325,6997125.0,-2143650.0,5201475.0,0.3437128131067335,0.0036108776684506
2025-07-31,2025-07-31,24771.9,0.0001433280779705,5278950.0,-1718175.0,6090375.0,0.2429113749309773,0.0040247215595088
2025-08-01,2025-08-28,24627.2,0.002517774019096,16890450.0,1299825.0,6256425.0,0.9454333260566572,0.005985252079002
2025-08-04,2025-08-28,24793.1,0.002845557229677,16496700.0,-393750.0,4336500.0,0.9421288661780894,0.0054652302455118
2025-08-05,2025-08-28,24707.8,0.0023631263045369,16602675.0,105975.0,4060350.0,0.941326801804675,0.0055974226762398
2025-08-06,2025-08-28,24634.9,0.0024700702362641,16681725.0,79050.0,3960000.0,0.9390404539352027,0.0054759710816767
2025-08-07,2025-08-28,24673.4,0.0031407354403025,16752675.0,70950.0,7343700.0,0.9350991325898388,0.0053701557142509
2025-08-08,2025-08-28,24441.1,0.003193327669076,17244675.0,492000.0,5974125.0,0.931977090603986,0.0055521232677744
2025-08-11,2025-08-28,24627.9,0.0017429291378296,16920750.0,-323925.0,4765800.0,0.9293464380751518,0.0051811157264727
2025-08-12,2025-08-28,24554.9,0.0027565196795087,17018250.0,97500.0,6254175.0,0.9280003271782916,0.0055793344709202
2025-08-13,2025-08-28,24712.2,0.0037714236972139,16845375.0,-172875.0,4373550.0,0.9205085225060552,0.0055357272925922
2025-08-14,2025-08-28,24684.7,0.0021679732697827,16733775.0,-111600.0,3802425.0,0.9183696989903232,0.0055824052955879
2025-08-18,2025-08-28,24966.8,0.003611777167217,16437225.0,-296550.0,6684450.0,0.9046528138956996,0.0054952977554192
2025-08-19,2025-08-28,25033.5,0.0021156375034276,16231575.0,-205650.0,3552900.0,0.8965652950217284,0.0056364471608043
2025-08-20,2025-08-28,25083.3,0.0013073565251062,15889275.0,-342300.0,4084125.0,0.8795418313461091,0.0057129644026103
2025-08-21,2025-08-28,25122.5,0.0015448248367966,14993325.0,-895950.0,4135200.0,0.8434458287802141,0.0054851228978007
2025-08-22,2025-08-28,24898.2,0.0011298708087221,14147475.0,-845850.0,5388675.0,0.7997498569096729,0.0056630599802396
2025-08-25,2025-08-28,24989.7,0.000879134082967,11033400.0,-3114075.0,7277175.0,0.6064673581452105,0.0053261943920894
2025-08-26,2025-08-28,24731.5,0.0007870654195019,6923325.0,-4110075.0,8239800.0,0.364895900450235,0.005094717263409
2025-08-28,2025-08-28,24496.3,-0.000187748205168,3311925.0,-3611400.0,7030050.0,0.1637307428486679,0.0063438151884163
2025-08-29,2025-09-30,24568.5,0.0057989466509189,16610100.0,583050.0,5154825.0,0.9421524167680566,0.0047133524635203
2025-09-01,2025-09-30,24748.0,0.0049928832631811,16621050.0,10950.0,3910500.0,0.9393608002712784,0.0050913205107483
2025-09-02,2025-09-30,24691.8,0.0045647610213348,16496325.0,-124725.0,5618325.0,0.93331268272605,0.0047424651098746
2025-09-03,2025-09-30,24813.1,0.003967218354808,16501875.0,5550.0,4235175.0,0.9300865727667778,0.0048321249662477
2025-09-04,2025-09-30,24827.5,0.0037680468014054,16957875.0,456000.0,6221325.0,0.9282386025412074,0.0048454334910885
2025-09-05,2025-09-30,24847.7,0.0043126793581504,17097750.0,139875.0,5535150.0,0.9242164410552048,0.0047006362761945
2025-09-08,2025-09-30,24892.7,0.0048257892113032,16973250.0,-124500.0,4474800.0,0.9188574676708824,0.0046077765770689
2025-09-09,2025-09-30,24950.3,0.0032852673652719,16931550.0,-41700.0,2780175.0,0.9162540383460234,0.004609163016076
2025-09-10,2025-09-30,25072.3,0.0039722741670036,17231025.0,299475.0,4959600.0,0.9142921952850162,0.004638585211568
2025-09-11,2025-09-30,25104.5,0.0039591289916218,17062725.0,-168300.0,2142075.0,0.9104599462935764,0.0046844191280446
2025-09-12,2025-09-30,25205.0,0.0036234769451302,16637775.0,-424950.0,3118725.0,0.9028444216532564,0.0046340011902399
2025-09-15,2025-09-30,25164.7,0.003809455427377,16654725.0,16950.0,2572575.0,0.8996779094500152,0.0047407678215913
2025-09-16,2025-09-30,25331.4,0.0036570242203566,16082100.0,-572625.0,4508175.0,0.8894142826922837,0.0046661455742673
2025-09-17,2025-09-30,25423.4,0.0036774212650882,15695850.0,-386250.0,3344850.0,0.8767333327747568,0.0045863259831493
2025-09-18,2025-09-30,25510.9,0.0034338173980081,15519900.0,-175950.0,4050300.0,0.865628686405582,0.0046333136032048
2025-09-19,2025-09-30,25411.2,0.0033225346023324,15007275.0,-512625.0,4724025.0,0.8434619129716355,0.0048521911598036
2025-09-22,2025-09-30,25277.7,0.0029898005543134,14757825.0,-249450.0,3843900.0,0.8232682877847137,0.0049727625535551
2025-09-23,2025-09-30,25255.8,0.0034287530542918,14358900.0,-398925.0,4723725.0,0.8070277493244981,0.0050483453305776
2025-09-24,2025-09-30,25111.9,0.0021950041705078,14210700.0,-148200.0,4835325.0,0.7678025099583835,0.0049339157929109
2025-09-25,2025-09-30,24967.7,0.0030874799374067,12505050.0,-1705650.0,5792775.0,0.65103003420432,0.0050465201039744
2025-09-26,2025-09-30,24689.9,0.0014277196639991,9691950.0,-2813100.0,7268550.0,0.4774547765429179,0.0049453420224463
2025-09-29,2025-09-30,24685.0,0.0020337001570942,6130575.0,-3561375.0,7128900.0,0.2907887200685874,0.005031395584363
2025-09-30,2025-09-30,24612.0,3.656886526814951e-05,3831600.0,-2298975.0,4837200.0,0.1740208601579159,0.0067568665691533
2025-10-01,2025-10-28,24967.2,0.0052705113080451,17259900.0,152775.0,5739675.0,0.9354579082151132,0.0050626421865487
2025-10-03,2025-10-28,25006.6,0.0045130903722747,18015450.0,755550.0,4568925.0,0.9359903052218538,0.0052306191165534
2025-10-06,2025-10-28,25185.4,0.0042966545908409,18296400.0,280950.0,5519850.0,0.9337303744076918,0.0051140740270156
2025-10-07,2025-10-28,25225.3,0.0046598136871074,18017475.0,-278925.0,4835025.0,0.9304504434718618,0.0051852703436627
2025-10-08,2025-10-28,25120.4,0.0029645274822678,17699550.0,-317925.0,5525850.0,0.9266986307286942,0.0050675944650562
2025-10-09,2025-10-28,25273.8,0.0036534322407453,17510175.0,-189375.0,5046225.0,0.9256561731821424,0.0051120132310931
2025-10-10,2025-10-28,25411.0,0.0049692806308792,17289075.0,-221100.0,4421850.0,0.9186519164401796,0.0050804769587973
2025-10-13,2025-10-28,25309.3,0.0032484585182352,17247225.0,-41850.0,5403150.0,0.9125878011032184,0.0054011766425781
2025-10-14,2025-10-28,25206.0,0.0024059970968961,17773650.0,526425.0,6856050.0,0.907052582425574,0.0051138617789416
2025-10-15,2025-10-28,25424.8,0.0039982545891077,17931750.0,158100.0,5783925.0,0.8873490868198469,0.0048692615084484
2025-10-16,2025-10-28,25656.1,0.002767213986156,17756925.0,-174825.0,6273900.0,0.8729279119841902,0.0050787142239079
2025-10-17,2025-10-28,25757.8,0.0018650439423022,16718400.0,-1038525.0,7692150.0,0.8547763666482606,0.0052256015653511
2025-10-20,2025-10-28,25915.1,0.0027841033310567,17353425.0,635025.0,5486475.0,0.8421069871379594,0.005062685461372
2025-10-21,2025-10-28,25906.3,0.0014573653000162,17435700.0,82275.0,1228350.0,0.8408055205937243,0.0051261662221158
2025-10-23,2025-10-28,25976.9,0.003302254802753,15719250.0,-1716450.0,8378175.0,0.7775205704068081,0.0051122343312712
2025-10-24,2025-10-28,25814.8,0.0007617711081346,12844650.0,-2874600.0,6874500.0,0.6684229835530681,0.0053147806684537
2025-10-27,2025-10-28,26013.5,0.0018273861446003,8375850.0,-4468800.0,7653000.0,0.4347088200604898,0.0059546004958963
2025-10-28,2025-10-28,25922.4,-0.0005320748606194,4845750.0,-3530100.0,7170975.0,0.2421056181543615,0.0064693083973705
2025-10-29,2025-11-25,26238.7,0.0070929879979579,14784150.0,521775.0,6121725.0,0.938121656341553,0.0065742586332402
2025-10-30,2025-11-25,26031.6,0.0059413745732355,15791250.0,1007100.0,6306750.0,0.9345043598367736,0.0071643694586578
2025-10-31,2025-11-25,25905.5,0.0071300554775854,16902225.0,1110975.0,6597750.0,0.932059337343418,0.0070641369593329
2025-11-03,2025-11-25,25898.9,0.0052613499409044,16784025.0,-118200.0,4866375.0,0.9297830380216656,0.0071933557023657
2025-11-04,2025-11-25,25708.3,0.0043226624319028,17687175.0,903150.0,5716875.0,0.9270503454587194,0.0073750500811022
2025-11-06,2025-11-25,25627.2,0.0046060910163585,17669175.0,-18000.0,4520850.0,0.9244524377881692,0.0070198851220577
2025-11-07,2025-11-25,25589.2,0.0038011477975703,18547500.0,878325.0,6912975.0,0.9204372045705494,0.0074640864114547
2025-11-10,2025-11-25,25694.5,0.0046980666175289,18529950.0,-17550.0,3666675.0,0.9196062010310238,0.0073323084706844
2025-11-11,2025-11-25,25811.4,0.0045320189375732,18523050.0,-6900.0,6566700.0,0.9175470555527347,0.0070821419992717
2025-11-12,2025-11-25,25986.1,0.004262670139667,17753700.0,-769350.0,5277525.0,0.9085995998900696,0.006845967651937
2025-11-13,2025-11-25,25953.8,0.0028845615099413,17577300.0,-176400.0,5180100.0,0.9023222195813464,0.0069777836000894
2025-11-14,2025-11-25,25951.4,0.0015959058357664,18342450.0,765150.0,8090925.0,0.8959231660450422,0.0071826568123491
2025-11-17,2025-11-25,26060.1,0.0017933030797527,18060375.0,-282075.0,4014450.0,0.8856181250784585,0.0069032735868244
2025-11-18,2025-11-25,25948.8,0.0014955586731788,17610000.0,-450375.0,5161425.0,0.8710002183683114,0.0071486928104576
2025-11-19,2025-11-25,26071.0,0.0007043429363231,16795500.0,-814500.0,5064975.0,0.8545643034770497,0.007007786429366
2025-11-20,2025-11-25,26220.8,0.0010938391846411,14612850.0,-2182650.0,6642075.0,0.7385983117146342,0.0072881071515744
2025-11-21,2025-11-25,26077.5,0.0003586752416262,12346875.0,-2265975.0,8618175.0,0.5998644497644268,0.007351164797239
2025-11-24,2025-11-25,25996.4,0.0014214449430844,9271125.0,-3075750.0,7287900.0,0.4420966572106656,0.0067047745072394
2025-11-25,2025-11-25,25886.8,7.726542217834087e-05,6607875.0,-2663250.0,5512575.0,0.3123014995292703,0.0065129718621073
2025-11-26,2025-12-30,26381.2,0.0067123826096249,14001225.0,311775.0,7316775.0,0.9379704096227344,0.0055380346610465
2025-11-27,2025-12-30,26390.9,0.0066887782251374,13814175.0,-187050.0,4886775.0,0.9320415763272264,0.0059793337855094
2025-11-28,2025-12-30,26387.4,0.0070392837447692,13619100.0,-195075.0,3054000.0,0.9277584671218344,0.0061658215663535
2025-12-01,2025-12-30,26334.7,0.0060724143529793,14077275.0,458175.0,4881225.0,0.9270193160921338,0.006394604836964
2025-12-02,2025-12-30,26213.0,0.0069452447353661,14568000.0,490725.0,5082450.0,0.9226092463584548,0.0067027810628315
2025-12-03,2025-12-30,26136.2,0.0057800354036789,15189000.0,621000.0,5513625.0,0.9200642330708242,0.0063666485564082
2025-12-04,2025-12-30,26186.5,0.0058673836846401,15098475.0,-90525.0,4565550.0,0.9178646973339416,0.0062627689840184
2025-12-05,2025-12-30,26333.2,0.0056040433124764,14727075.0,-371400.0,5917050.0,0.9126761689362608,0.0060721826439626
2025-12-08,2025-12-30,26064.7,0.0040118564514235,15977700.0,1250625.0,6610950.0,0.9130012551288714,0.0066027999554953
2025-12-09,2025-12-30,25960.2,0.0046653108691487,16474200.0,496500.0,6816525.0,0.908435710784138,0.0065870062634341
2025-12-10,2025-12-30,25863.9,0.004111344048451,16857150.0,382950.0,4982400.0,0.9059313874728704,0.00651487208039
2025-12-11,2025-12-30,26009.5,0.0042840236229442,16285800.0,-571350.0,5568525.0,0.8979484938667093,0.0061708221995808
2025-12-12,2025-12-30,26145.4,0.0037797131717918,16302825.0,17025.0,4797000.0,0.8960134037965148,0.0059283851078966
2025-12-15,2025-12-30,26108.7,0.0031274853711296,15875025.0,-427800.0,4520850.0,0.8920768527915359,0.0061282254574146
2025-12-16,2025-12-30,25940.7,0.0031167706234702,16142550.0,267525.0,4859250.0,0.8875050615258883,0.0066382171645329
2025-12-17,2025-12-30,25897.8,0.0030694984807435,16414725.0,272175.0,3609300.0,0.8839813593399998,0.0063325842349544
2025-12-18,2025-12-30,25880.6,0.002519799113325,16043025.0,-371700.0,5114175.0,0.8767200131811094,0.0065106682225295
2025-12-19,2025-12-30,26030.0,0.0024493191200936,15160350.0,-882675.0,4671825.0,0.8664975816073559,0.006146753745678
2025-12-22,2025-12-30,26197.9,0.0009743088138649,14458500.0,-701850.0,3584775.0,0.8423227800001573,0.0068516942197656
2025-12-23,2025-12-30,26206.9,0.0011364873563393,13633650.0,-824850.0,3081975.0,0.8132418546971381,0.0070935516982169
2025-12-24,2025-12-30,26173.1,0.0011858266933413,12572700.0,-1060950.0,3309750.0,0.7612770601761097,0.0068314414417858
2025-12-26,2025-12-30,26060.2,0.0006873432838114,10364700.0,-2208000.0,5961375.0,0.6224873066569933,0.0066883600279352
2025-12-29,2025-12-30,25957.2,0.0005820654457426,7395750.0,-2968950.0,6473475.0,0.4157229064825117,0.0063219453562017
2025-12-30,2025-12-30,25936.8,-7.903203110393164e-05,5790000.0,-1605750.0,5378625.0,0.2770718719171866,0.0070170568458713
2025-12-31,2026-01-27,26296.3,0.0063797379217438,14026480.0,67990.0,4741230.0,0.9131463246402078,0.0053885907903392
2026-01-01,2026-01-27,26290.4,0.0055016818662501,14003665.0,-22815.0,2035735.0,0.9105282510111532,0.0055723762285853
2026-01-02,2026-01-27,26455.4,0.0048179637693683,13702000.0,-301665.0,4165915.0,0.9032324409556782,0.0051445073595559
2026-01-05,2026-01-27,26331.3,0.0030856790208111,13845715.0,143715.0,5166525.0,0.9029218398307852,0.0055409341733982
2026-01-06,2026-01-27,26285.1,0.0040643729444165,14064115.0,218400.0,4330495.0,0.899791240414525,0.0054251267828542
2026-01-07,2026-01-27,26235.3,0.0036169581974503,14074125.0,10010.0,3569800.0,0.8960161885016946,0.0055802678071148
2026-01-08,2026-01-27,25985.6,0.0042025980751134,16262220.0,2188095.0,6913790.0,0.8946756734527483,0.0054838064158611
2026-01-09,2026-01-27,25788.3,0.0040882596862552,16876470.0,614250.0,5830435.0,0.8902627193614089,0.0056343380525276
2026-01-12,2026-01-27,25876.0,0.0033248999137271,16816150.0,-58013.0,7919145.0,0.8856473842403993,0.0054683876951615
2026-01-13,2026-01-27,25790.8,0.0022734073518495,17029220.0,213070.0,5686330.0,0.8850347949462875,0.0052925849527738
2026-01-14,2026-01-27,25719.0,0.0020806059472602,17014660.0,-14560.0,4592965.0,0.8823882368011219,0.0057894941482949
2026-01-16,2026-01-27,25751.5,0.0022242243917438,16567915.0,-446745.0,6013995.0,0.8748048007852586,0.0055608411160514
2026-01-19,2026-01-27,25596.0,0.0004103886967228,16401840.0,-166075.0,4856605.0,0.8545449003850492,0.0055399281137678
2026-01-20,2026-01-27,25259.2,0.0010581591201823,16492255.0,90415.0,6389500.0,0.8148284931612431,0.0054910686007474
2026-01-21,2026-01-27,25178.2,0.0008228162575771,14765855.0,-1726400.0,10363145.0,0.7332035839239837,0.0052029136316336
2026-01-22,2026-01-27,25349.8,0.0023685344742365,12272325.0,-2493530.0,10481055.0,0.5850627035502574,0.0045325801386992
2026-01-23,2026-01-27,25079.8,0.0012435799933327,9357075.0,-2915250.0,7055490.0,0.4218993162508389,0.004896370784456
2026-01-27,2026-01-27,25164.2,-0.0004448787308245,7205965.0,-2151110.0,6903260.0,0.2925401097741186,0.0086789963519602
2026-01-28,2026-02-24,25450.4,0.0042477631669808,16587545.0,341835.0,7094555.0,0.9277316484411354,0.007068651180335
2026-01-29,2026-02-24,25536.3,0.0046186105614325,17826445.0,1238900.0,9029150.0,0.9275833378429568,0.006688517913715
2026-01-30,2026-02-24,25416.4,0.003781498500236,18228535.0,402090.0,6958250.0,0.9265564909405686,0.0065469539352542
2026-02-01,2026-02-24,24853.5,0.0011298888841893,18756140.0,527605.0,14454050.0,0.927299078665334,0.0070855211539622
2026-02-02,2026-02-24,25141.8,0.0021284737169369,17403100.0,-1353040.0,9239490.0,0.9196136619679608,0.0061888965786063
2026-02-03,2026-02-24,25817.1,0.0034807045365765,15956460.0,-1446640.0,18162300.0,0.9151894062251849,0.0061819491732224
2026-02-04,2026-02-24,25848.8,0.0028243327126007,15480920.0,-475540.0,4942600.0,0.9087676188005098,0.0063561944848502
2026-02-05,2026-02-24,25725.0,0.0032055781739903,15589145.0,108225.0,4359940.0,0.907375669182604,0.006472303206997
2026-02-06,2026-02-24,25735.1,0.0016112899271025,15948530.0,359385.0,5486455.0,0.9092600278675402,0.0060928459574667
2026-02-09,2026-02-24,25915.4,0.0018594905537108,15276105.0,-672425.0,4135365.0,0.903411187649917,0.0059192603625641
2026-02-10,2026-02-24,25985.6,0.0019452364840764,14998685.0,-277420.0,3842930.0,0.8993643035596662,0.0058917246474972
2026-02-11,2026-02-24,25994.2,0.0015546826386065,15005055.0,6370.0,3451370.0,0.8977448170459009,0.0060321148563911
2026-02-12,2026-02-24,25858.2,0.001976192690412,15296775.0,291720.0,3910010.0,0.8942964305664809,0.0064621667401443
2026-02-13,2026-02-24,25518.8,0.0018727106406868,16172325.0,875550.0,5808530.0,0.8853577299997865,0.0066539178958258
2026-02-16,2026-02-24,25717.2,0.0013413672601259,15585895.0,-586430.0,4216030.0,0.880102331078477,0.0062915091845145
2026-02-17,2026-02-24,25739.4,0.0005442092251237,15441920.0,-143975.0,4085185.0,0.8731613728416115,0.006188955453507
2026-02-18,2026-02-24,25827.8,0.0003272739244017,15080845.0,-361075.0,3778190.0,0.8495688313590509,0.0060477470012931
2026-02-19,2026-02-24,25446.0,-0.0003280382331506,14395420.0,-685425.0,6179940.0,0.7886671913337345,0.0060520317535173
2026-02-20,2026-02-24,25584.7,0.0005259813266853,12334010.0,-2061410.0,6905405.0,0.6653272745122789,0.0061716572795458
2026-02-23,2026-02-24,25705.2,-0.0003033485007583,9304620.0,-3029390.0,8002605.0,0.4698152220289474,0.0060104570281498
2026-02-24,2026-02-24,25421.7,-0.0001160291292112,6647095.0,-2657525.0,5743855.0,0.3177408931034911,0.0070254939677518
2026-02-25,2026-03-30,25628.8,0.0057411949377024,12973155.0,-431340.0,5763030.0,0.933190259776693,0.0063600324634784
2026-02-26,2026-03-30,25635.8,0.0054615232256913,13096200.0,123045.0,3905720.0,0.931161178509532,0.0061320497117312
2026-02-27,2026-03-30,25338.6,0.0063526042897452,14250990.0,1154790.0,5977920.0,0.8847556940162387,0.0063302629190247
2026-03-02,2026-03-30,24982.2,0.0046851687263982,15020070.0,769080.0,9156615.0,0.880776956589685,0.0063245030461689
2026-03-04,2026-03-30,24584.7,0.0042564490104368,15695355.0,675285.0,10549695.0,0.874915304595473,0.0063576126615334
2026-03-05,2026-03-30,24854.3,0.0035694240871519,15464735.0,-230620.0,7632625.0,0.8654274957714203,0.0062645095617257
2026-03-06,2026-03-30,24545.7,0.0038956338226903,15707705.0,242970.0,5861830.0,0.8593104380169404,0.0064491947673115
2026-03-09,2026-03-30,24122.5,0.0039308225178489,17452305.0,1744600.0,11435840.0,0.8619514027332351,0.0067696134314436
2026-03-10,2026-03-30,24393.6,0.0054406964091404,17367675.0,-84630.0,7045025.0,0.8566550712556708,0.0062311425947789
2026-03-11,2026-03-30,23939.1,0.0030272113831528,18077345.0,709670.0,7955350.0,0.8450200534759358,0.0068089443629877
2026-03-12,2026-03-30,23728.5,0.0037797467337021,18280860.0,203515.0,8812115.0,0.8407264031088857,0.0064858714204438
2026-03-13,2026-03-30,23199.3,0.0020819745066109,19964620.0,1683760.0,11655605.0,0.8357450328422863,0.0066122684736178
2026-03-16,2026-03-30,23429.2,0.0008714671405625,18256420.0,-1708200.0,11270870.0,0.8174676861195111,0.0057748450651322
2026-03-17,2026-03-30,23617.4,0.0015372447908605,17790955.0,-465465.0,7557355.0,0.8115896906727393,0.0063512495024855
2026-03-18,2026-03-30,23776.4,-5.887844964624911e-05,17452955.0,-338000.0,6840015.0,0.8085684946563598,0.0061531602765767
2026-03-19,2026-03-30,23054.8,0.0022889164708514,17114240.0,-338715.0,9348170.0,0.7815743931797471,0.0062286378541562
2026-03-20,2026-03-30,23140.5,0.0011248350602435,17163185.0,48945.0,8900580.0,0.7624906872115923,0.0057820703960589
2026-03-23,2026-03-30,22514.9,9.994380936939606e-05,17082585.0,-80600.0,8772270.0,0.7335501158344265,0.0059205237420552
2026-03-24,2026-03-30,22928.4,0.0006983118311481,15513875.0,-1568710.0,10856755.0,0.665696977134665,0.0055607892395457
2026-03-25,2026-03-30,23300.0,-0.0002767474239964,12988040.0,-2525835.0,9284145.0,0.5631379887606883,0.0054592274678111
2026-03-27,2026-03-30,22816.6,-0.0001314659327945,9052485.0,-3935555.0,10742420.0,0.3582353304318301,0.0040365348036079
2026-03-30,2026-03-30,22318.4,-0.000582139946443,6638320.0,-2414165.0,7831460.0,0.2223000990389952,0.0048300953473368
2026-04-01,2026-04-28,22800.1,0.0053220102824589,20817420.0,-130975.0,8795540.0,0.9041627260279772,0.0059078688251368
2026-04-02,2026-04-28,22766.6,0.0023554688703875,21429395.0,611975.0,8772075.0,0.8984142729063851,0.0060439415635185
2026-04-06,2026-04-28,23057.0,0.0038640296931633,21501935.0,72540.0,7712900.0,0.8863259427959006,0.0056121785141172
2026-04-07,2026-04-28,23151.1,0.0011870963277855,21563945.0,62010.0,7273500.0,0.87912562571714,0.0057189507194044
2026-04-08,2026-04-28,24057.8,0.0025190281426907,20142655.0,-1421290.0,8003840.0,0.8757333408692703,0.0051833500985127
2026-04-09,2026-04-28,23861.3,0.0036256419531359,19774820.0,-367835.0,5737680.0,0.870369257793837,0.0053559529447264
2026-04-10,2026-04-28,24101.0,0.0020955818150067,18576935.0,-1197885.0,5383040.0,0.8639213339137164,0.0048089290900792
2026-04-13,2026-04-28,23858.7,0.000673163427723,18687110.0,110175.0,5446480.0,0.8600909471668761,0.0054529375028815
2026-04-15,2026-04-28,24237.7,0.0002641211986149,17909580.0,-777530.0,4232540.0,0.8497831839574633,0.0052026388642485
2026-04-16,2026-04-28,24195.8,-3.926147106536604e-05,17452825.0,-456755.0,4463940.0,0.8398786343233394,0.0054720240702932
2026-04-17,2026-04-28,24368.0,0.0005933426543562,17201665.0,-251160.0,3358875.0,0.8373045880093526,0.0054333552199605
2026-04-20,2026-04-28,24331.8,-0.0013564622807035,16736265.0,-465400.0,4426825.0,0.8286805787996602,0.0057332379848593
2026-04-21,2026-04-28,24584.5,0.0003214439751633,16390010.0,-346255.0,3607240.0,0.823169159150042,0.0053570339034758
2026-04-22,2026-04-28,24381.2,0.0001271633146144,16216525.0,-173485.0,3292445.0,0.7964303727965165,0.0052991649303562
2026-04-23,2026-04-28,24163.0,-0.0004157522530255,14441440.0,-1775085.0,5105165.0,0.7106721087042748,0.0039274924471299
2026-04-24,2026-04-28,23922.8,0.0010398381451128,12326860.0,-2114580.0,5646095.0,0.5831180970654072,0.0043556774290636
2026-04-27,2026-04-28,24120.1,0.00113727394605,8290425.0,-4036435.0,6472635.0,0.3849334375556447,0.0037147441345599
2026-04-28,2026-04-28,23993.8,-7.918085323621593e-05,6282380.0,-2008045.0,3603080.0,0.2860000473451222,0.0031341429869382
2026-04-29,2026-05-26,24252.0,0.0030751541196103,14346475.0,-111020.0,5624385.0,0.9138732009473493,0.005257298367145
2026-04-30,2026-05-26,24098.2,0.0041941781556866,15229760.0,883285.0,6198725.0,0.9115503872953132,0.0046642487820667
2026-05-04,2026-05-26,24206.0,0.003594631684999,15691520.0,461760.0,4780815.0,0.9048716766559092,0.0044121292241592
2026-05-05,2026-05-26,24106.3,0.003058320295596,16049215.0,357695.0,4164745.0,0.8988092854620707,0.0045133429850288
2026-05-06,2026-05-26,24447.4,0.0047860852124557,16343340.0,294125.0,6462690.0,0.8910893194455766,0.0039881541595425
2026-05-07,2026-05-26,24382.8,0.0023081682023622,16814980.0,471640.0,4342975.0,0.891647824408537,0.0044662631034992
2026-05-08,2026-05-26,24234.6,0.00241767196183,17079075.0,264095.0,3892005.0,0.8890644614452817,0.0043161430351645
2026-05-11,2026-05-26,23868.5,0.0022107126136585,17771715.0,692640.0,4745715.0,0.8798281604479413,0.0044451892661876
2026-05-12,2026-05-26,23424.7,0.0019311748942987,19041295.0,1269580.0,5760560.0,0.867614218610244,0.0044269510388608
2026-05-13,2026-05-26,23462.4,0.0021270597883191,18454930.0,-586365.0,4785040.0,0.8459475725956869,0.0046670417348608
2026-05-14,2026-05-26,23700.1,0.0004432324733216,17652960.0,-801970.0,5542160.0,0.8348339301907383,0.0039535698161612
2026-05-15,2026-05-26,23643.9,1.6917968997942623e-05,17040140.0,-612820.0,5147675.0,0.8133332092342154,0.004056014447701
2026-05-18,2026-05-26,23658.0,0.000340381269305,16072355.0,-967785.0,5504200.0,0.7928477067514877,0.0034702848930594
2026-05-19,2026-05-26,23612.0,-0.0002540435261241,15932150.0,-140205.0,3329040.0,0.7829239467211806,0.0037777401321361
2026-05-20,2026-05-26,23668.5,0.0004015385265649,15583295.0,-348855.0,3551730.0,0.7622067921840923,0.00367999661998
2026-05-21,2026-05-26,23631.4,-0.000985005094125,14484340.0,-1098955.0,5029050.0,0.6803757949920463,0.0040370016164932
2026-05-22,2026-05-26,23744.0,0.0010413460768234,11340810.0,-3143530.0,5771870.0,0.5360250202767469,0.0024174528301887
2026-05-25,2026-05-26,24063.0,0.0013024463521098,8368295.0,-2972515.0,4879810.0,0.4016365825809712,0.001803598886257
2026-05-26,2026-05-26,23913.0,-2.927192362545128e-05,6626815.0,-1741480.0,3281525.0,0.3002364762389971,0.0027558231924058
2026-05-27,2026-06-30,23996.7,0.0037457413367967,14782950.0,314600.0,2889965.0,0.9314450237335616,0.0038713656461095
2026-05-29,2026-06-30,23748.8,0.0085379707190706,17205565.0,2422615.0,8726185.0,0.92715535660495,0.0043707471535403
2026-06-01,2026-06-30,23462.0,0.0033956873914791,17705220.0,499655.0,4876365.0,0.9168997727846504,0.0045392549654761
2026-06-02,2026-06-30,23603.1,0.0050907976008738,17458155.0,-247065.0,5756205.0,0.9090807550541716,0.0043468866377722
2026-06-03,2026-06-30,23515.7,0.0047040024609497,19037070.0,1578915.0,8486920.0,0.9081291258794384,0.0042822454785527
2026-06-04,2026-06-30,23511.6,0.004059094956345,19696105.0,659035.0,4290390.0,0.9087547459528194,0.0039725071879412
2026-06-05,2026-06-30,23451.7,0.0036376552957841,19491810.0,-204295.0,5056285.0,0.9038229691606589,0.003863259379917
2026-06-08,2026-06-30,23174.6,0.0022315443497815,19581575.0,89765.0,4881500.0,0.9004082779398402,0.0042201375644024
2026-06-09,2026-06-30,23331.1,0.0038292581135095,19417060.0,-164515.0,3814590.0,0.8976540267982439,0.0040332431818475
2026-06-10,2026-06-30,23240.1,0.001083353614804,19134310.0,-282750.0,3466450.0,0.8958484226927735,0.0045094470333606
2026-06-11,2026-06-30,23200.0,0.0016579165515335,18778175.0,-356135.0,3994900.0,0.8910159731796158,0.0041293103448276
2026-06-12,2026-06-30,23686.6,0.0026965359883839,18200000.0,-578175.0,7153510.0,0.8830467636336112,0.0036011922352723
2026-06-15,2026-06-30,23916.6,0.0026285009998363,17817930.0,-382070.0,4684940.0,0.8754954408265598,0.0039010561701915
2026-06-16,2026-06-30,24001.0,0.0004939733171036,17180800.0,-637130.0,3267225.0,0.8709893202315871,0.0036206824715636
2026-06-17,2026-06-30,24094.0,0.0003446028141178,16807115.0,-373685.0,2506660.0,0.8643263281398855,0.0036648128164689
2026-06-18,2026-06-30,24192.5,0.0010137371731215,16511170.0,-295945.0,2883270.0,0.8588478729806671,0.0035589542213494
2026-06-19,2026-06-30,24056.9,0.0018240043975996,16483480.0,-27690.0,3696420.0,0.8390418210693489,0.0035665443178463
2026-06-22,2026-06-30,24123.8,0.0008671155753041,16090685.0,-392795.0,2096640.0,0.8314239557199042,0.0040209253931802
2026-06-23,2026-06-30,23852.5,0.0011920702146146,15876575.0,-214110.0,3711825.0,0.790955603769308,0.0041043915732104
2026-06-24,2026-06-30,24051.8,0.0012551177791699,13134745.0,-2741830.0,5805670.0,0.6503190883374259,0.0030517466468207
2026-06-25,2026-06-30,24102.3,0.001924675756568,9944155.0,-3190590.0,5698680.0,0.4947961137416233,0.0028296054733365
2026-06-29,2026-06-30,23972.9,0.0011129091193819,6888245.0,-3055910.0,4903730.0,0.3305582242629168,0.0027030521964384
2026-06-30,2026-06-30,23861.8,-0.000165509150142,4780620.0,-2107625.0,4328220.0,0.197301814260306,0.0061730464591942
2026-07-01,2026-07-28,24092.6,0.0036137024933506,17896580.0,-41600.0,2408835.0,0.9178069862561627,0.0042627196732607
2026-07-02,2026-07-28,24265.0,0.00369379169993,17226430.0,-670150.0,2838810.0,0.911248340978015,0.0036678343292808
2026-07-03,2026-07-28,24352.7,0.003372358199239,17053140.0,-173290.0,3201575.0,0.907147055772622,0.0037983467952218
2026-07-06,2026-07-28,24482.9,0.0021510129818034,16629925.0,-423215.0,2658760.0,0.9039948271475816,0.0035984299245594
2026-07-07,2026-07-28,24440.3,0.0017050088734236,16310710.0,-319215.0,2966405.0,0.9016737454095968,0.0036619845091918
2026-07-08,2026-07-28,23912.2,0.0012624544375379,17167930.0,857220.0,6759155.0,0.887375522436199,0.0039812313379781
2026-07-09,2026-07-28,23999.3,0.0015231942844742,16863015.0,-304915.0,3693820.0,0.8815637902033743,0.00381261120116
2026-07-10,2026-07-28,24241.9,0.0014458687399048,16634475.0,-228540.0,2975050.0,0.8771812563625333,0.0035805774299868
2026-07-13,2026-07-28,24242.8,0.0013134525628846,16499145.0,-135330.0,3016325.0,0.8758268034407445,0.0036010691834276
2026-07-14,2026-07-28,24024.2,-0.0011579054592019,16419325.0,-79820.0,3246100.0,0.8756868250914323,0.0039876457904945
2026-07-15,2026-07-28,24067.8,-0.0004443798409369,16324360.0,-94965.0,2912325.0,0.8735473862517783,0.0041466191342789
2026-07-16,2026-07-28,24096.4,0.0009824386495103,15432495.0,-891865.0,3099720.0,0.8639627083735131,0.0039092976544212
2026-07-17,2026-07-28,24321.7,-0.0005177876495316,14630915.0,-801580.0,5343650.0,0.8506261856714207,0.003342693972872
2026-07-20,2026-07-28,24259.5,0.0008663902469212,14105520.0,-525395.0,3024125.0,0.8421281384609415,0.0038335497433994
2026-07-21,2026-07-28,24180.6,-0.0002935376244951,14333150.0,227630.0,2851225.0,0.8359871404091412,0.0039122271573079
2026-07-22,2026-07-28,23988.4,-0.0003271344480907,14449370.0,116220.0,2897960.0,0.8046840781162332,0.0038060062363476
2026-07-23,2026-07-28,23873.6,0.0001675771692863,11808940.0,-2640430.0,5252455.0,0.637992428765074,0.0025383687420414
2026-07-24,2026-07-28,23806.5,0.0016430033512218,10266295.0,-1542645.0,4235530.0,0.5326644520513296,0.0028605632915379
2026-07-27,2026-07-28,24028.0,0.0013356420562635,7729995.0,-2536300.0,3903120.0,0.4111283965982161,0.0030714166805392
2026-07-28,2026-07-28,23973.4,-0.0004982207889397,5709990.0,-2020005.0,4126330.0,0.2820467541474158,0.0052307974671927
2026-07-29,2026-08-25,24311.5,0.0025278142035942,13311155.0,-260260.0,3366090.0,0.9266338161365786,0.0049194825494107
2026-07-30,2026-08-25,24358.0,0.0016798843614485,13179660.0,-131495.0,2579525.0,0.9226316962965322,0.004774612037113
2026-07-31,2026-08-25,24452.6,0.0028297708295739,12620920.0,-558740.0,2337530.0,0.9156449239823444,0.0046988868259407
2026-08-03,2026-08-25,24649.4,-0.0050415147955743,11896885.0,-723905.0,3189095.0,0.9040969354488154,0.0044869246310255
2026-08-04,2026-08-25,24555.6,-0.0024091099293518,11783590.0,-113295.0,4107025.0,0.897286649046219,0.0052085878577596
2026-08-05,2026-08-25,24647.7,0.0009360539134566,12297220.0,513630.0,2950675.0,0.8946539616484998,0.0049619234249036
2026-08-06,2026-08-25,24739.4,0.0041971099204416,11833120.0,-464100.0,2046525.0,0.8917452044595098,0.0049314049653588
2026-08-07,2026-08-25,24655.0,0.0034329576140639,12048595.0,215475.0,1632475.0,0.888660367136974,0.0054633948489151
2026-08-10,2026-08-25,24659.7,0.0030873990188662,12120095.0,71500.0,1132560.0,0.8832044183193524,0.0053204215785269
2026-08-11,2026-08-25,24540.5,0.0028114107315797,12123995.0,3900.0,1668875.0,0.8751524876602294,0.0054440618569302
2026-08-12,2026-08-25,24470.5,0.0014139004213054,12562810.0,438815.0,3054480.0,0.8674814518916153,0.0054105964324391
2026-08-13,2026-08-25,24468.0,0.0029574702254686,12714650.0,151840.0,1409395.0,0.8644523205557667,0.0054765407879679
2026-08-14,2026-08-25,24449.6,0.0034310104243617,12731485.0,16835.0,1637935.0,0.8533853258975252,0.0056197238400628
2026-08-17,2026-08-25,24392.7,0.0043252434879454,12770940.0,39455.0,2262780.0,0.843566856009377,0.005772218737573
2026-08-18,2026-08-25,24230.1,0.0031132399637339,13031720.0,260780.0,2204670.0,0.8280180068558213,0.0053569733513276
2026-08-19,2026-08-25,24117.6,0.001632175028968,12922845.0,-108875.0,2513745.0,0.7931295852299247,0.0050253756592695
2026-08-20,2026-08-25,24293.0,0.0025235382358343,10834655.0,-2088190.0,3658525.0,0.652816887618227,0.0040999464866422
2026-08-21,2026-08-25,24286.0,0.0014019462312386,9257560.0,-1577095.0,2402920.0,0.5562068709653484,0.0043275961459277
2026-08-24,2026-08-25,24209.6,-0.0003901887150817,6193265.0,-3064295.0,4226625.0,0.3600386939287563,0.0047295287819708
2026-08-25,2026-08-25,24288.1,-0.0019088086691556,4309630.0,-1883635.0,4716790.0,0.226144673652041,0.0075592574141247
2026-08-26,2026-09-29,24429.1,0.0091437659427249,14235390.0,625495.0,2732795.0,0.9201623474841182,0.0054402331645455
2026-08-27,2026-09-29,24281.9,0.0079303968104074,15011035.0,775645.0,2558335.0,0.9134305807155908,0.0050490282885604
2026-08-28,2026-09-29,24341.9,0.0068767540893419,15370875.0,359840.0,2163135.0,0.906155997930757,0.0046216605934623
2026-08-31,2026-09-29,24251.4,0.0071012109433397,15728505.0,357630.0,2966340.0,0.9001618213269349,0.0048038463758792
2026-09-01,2026-09-29,24090.3,0.0014341655650611,16051815.0,323310.0,3716115.0,0.8938755565207949,0.0041095378637874
2026-09-02,2026-09-29,24000.3,0.0035898797588904,16563235.0,511420.0,3581500.0,0.8884716498260148,0.00428744640692
2026-09-03,2026-09-29,24000.1,0.0053050564539267,16987945.0,424710.0,2452320.0,0.8856301507265235,0.0043124820313249
2026-09-04,2026-09-29,24048.1,0.0062934926792117,16814460.0,-173485.0,1836380.0,0.8820105765985087,0.0042123909997049
2026-09-07,2026-09-29,23867.7,0.0037238505161034,17516850.0,702390.0,2302235.0,0.8754706438440273,0.0045291335151689
2026-09-08,2026-09-29,23749.6,0.0048444897631065,17789915.0,273065.0,2175290.0,0.86097217241401,0.0042527032034223
2026-09-09,2026-09-29,23552.2,0.0051511853701213,18403970.0,614055.0,3597425.0,0.8521451251260289,0.0045855588862186
2026-09-10,2026-09-29,23484.0,0.0002640792578521,18329740.0,-74230.0,1737775.0,0.8368255965434458,0.0042582183614374
2026-09-11,2026-09-29,23485.2,0.0037225244784833,17933110.0,-396630.0,3284450.0,0.8192624399050953,0.0043176127944406
2026-09-15,2026-09-29,23223.9,0.0045547740780151,18039125.0,106015.0,3790670.0,0.8137012006509023,0.0046546876278315
2026-09-16,2026-09-29,23272.3,0.0023559713320928,17746040.0,-293085.0,2050880.0,0.8017596565263229,0.0042239056732682
2026-09-17,2026-09-29,23333.4,0.0026986841766005,17667000.0,-79040.0,1933165.0,0.7943396722691286,0.0046542724163645
2026-09-18,2026-09-29,23378.5,0.0013749443168966,17421625.0,-245375.0,1508520.0,0.7778919353481177,0.0043544282139571
2026-09-21,2026-09-29,23446.3,0.0013666861704171307,16921060.0,-500565.0,1630070.0,0.7571652114224552,0.004179763971287498
