participants,flow,instruments,thr,dev_exact,dev_cov,dev_sign,val_exact,val_cov,val_sign,conf_exact,conf_cov,conf_sign,conf_sign_n,dev_score
pf_6040,q,c2p2f6,0.0,45.77,100.0,59.25,41.53,100.0,52.55,46.39,100.0,56.62,136,52.510000000000005
pf_6040_c10neg,q,c3p3f4,0.0,45.19,100.0,58.49,43.55,100.0,55.1,47.59,100.0,58.09,136,51.84
v2_p0.53_f0.27_c0.20,q,fut_only,0.0,44.61,100.0,57.74,38.71,100.0,48.98,42.17,100.0,51.47,136,51.175
pf_6040_c10neg,q,c2p2f6,0.0,44.31,100.0,57.36,41.94,100.0,53.06,46.39,100.0,56.62,136,50.835
pf_6040,q,c3p3f4,0.0,44.02,100.0,56.98,41.53,100.0,52.55,46.99,100.0,57.35,136,50.5
pf_6040,q,c2p2f6,0.025,42.57,89.8,57.98,38.71,93.15,51.93,44.58,95.18,56.59,129,50.275
pf_5050,q,c2p2f6,0.025,42.86,90.09,57.5,38.31,93.95,50.0,43.37,92.17,56.0,125,50.18
pf_5050,q,c2p2f6,0.0,43.73,100.0,56.6,39.52,100.0,50.0,46.39,100.0,56.62,136,50.165
pf_4555_c10,q,c3p3f4,0.0,43.73,100.0,56.6,40.73,100.0,51.53,46.39,100.0,56.62,136,50.165
pf_5050,q,c3p3f4,0.0,43.73,100.0,56.6,39.52,100.0,50.0,47.59,100.0,58.09,136,50.165
pf_6040,q,fut_only,0.0,43.73,100.0,56.6,40.32,100.0,51.02,43.98,100.0,53.68,136,50.165
pf_6040_c10neg,q,c2p2f6,0.025,41.98,84.55,58.22,38.31,90.73,53.14,43.37,90.36,56.1,123,50.099999999999994
pf_4555_c10,r,c3p3f4,0.025,44.02,93.88,56.13,38.71,87.9,52.33,44.58,93.98,57.48,127,50.075
pf_5050,r,c3p3f4,0.025,43.73,92.42,56.22,39.11,89.11,52.0,45.78,93.98,57.81,128,49.974999999999994
pf_5050,r,c3p3f4,0.0,43.44,100.0,56.23,39.92,100.0,50.51,48.19,100.0,58.82,136,49.834999999999994
pf_6040,q,c3p3f4,0.025,41.98,90.09,57.56,39.92,88.31,52.0,44.58,88.55,57.85,121,49.769999999999996
pf_6040_c10neg,q,c3p3f4,0.025,41.11,85.71,57.96,41.53,82.26,53.61,44.58,87.35,57.5,120,49.535
v2_p0.53_f0.27_c0.20,q,c3p3f4,0.0,43.15,100.0,55.85,41.53,100.0,52.55,43.98,100.0,53.68,136,49.5
v2_p0.53_f0.27_c0.20,r,fut_only,0.0,43.15,100.0,55.85,39.92,100.0,50.51,43.98,100.0,53.68,136,49.5
pf_5050,q,c3p3f4,0.025,42.57,90.38,56.2,39.52,90.32,51.69,46.39,92.17,57.48,127,49.385000000000005
pf_6040,r,c2p2f6,0.025,42.27,92.13,56.33,39.92,91.53,53.93,44.58,95.78,56.15,130,49.3
pf_4555_c10,q,c3p3f4,0.025,42.57,91.55,55.92,38.71,90.73,51.12,45.78,94.58,56.15,130,49.245000000000005
pf_4555_c10,q,c2p2f6,0.0,42.86,100.0,55.47,40.32,100.0,51.02,45.78,100.0,55.88,136,49.165
v2_p0.53_f0.27_c0.20,q,c2p2f6,0.0,42.86,100.0,55.47,41.13,100.0,52.04,45.18,100.0,55.15,136,49.165
pf_6040,r,c2p2f6,0.05,40.82,82.8,57.27,39.52,85.89,54.17,42.17,88.55,57.14,119,49.045
v2_p0.53_f0.27_c0.20,r,c3p3f4,0.0,42.57,100.0,55.09,42.34,100.0,53.57,45.18,100.0,55.15,136,48.83
pf_4555_c10,r,c3p3f4,0.0,42.57,100.0,55.09,40.73,100.0,51.53,47.59,100.0,58.09,136,48.83
pf_5050,r,c2p2f6,0.0,42.57,100.0,55.09,39.11,100.0,49.49,46.99,100.0,57.35,136,48.83
pf_6040,r,c3p3f4,0.05,40.82,82.51,56.82,39.52,79.03,55.13,44.58,88.55,57.85,121,48.82
v2_p0.53_f0.27_c0.20,q,c3p3f4,0.025,41.69,93.29,55.87,41.13,90.73,52.78,43.37,90.96,54.4,125,48.78
pf_4555_c10,q,c2p2f6,0.025,41.11,92.42,56.38,37.1,94.35,49.73,45.18,93.37,56.25,128,48.745000000000005
pf_6040,q,c3p3f4,0.05,39.36,79.59,57.89,40.73,77.82,54.14,42.77,82.53,57.52,113,48.625
pf_4555_c10,r,c3p3f4,0.05,41.4,86.3,55.84,37.9,82.66,52.47,45.18,89.76,57.72,123,48.620000000000005
pf_6040_c10neg,r,c3p3f4,0.025,40.82,89.5,56.36,42.74,85.08,55.88,46.39,93.98,58.59,128,48.59
pf_6040,q,c2p2f6,0.05,39.07,79.88,57.89,36.29,85.89,52.12,41.57,84.94,56.52,115,48.480000000000004
pf_6040_c10neg,r,c2p2f6,0.025,41.98,90.09,54.96,41.13,90.73,55.37,43.98,91.57,56.0,125,48.47
v2_p0.53_f0.27_c0.20,r,c2p2f6,0.025,41.98,91.84,54.88,39.11,93.15,52.49,43.37,95.18,55.04,129,48.43
pf_6040,r,c3p3f4,0.025,41.98,94.46,54.76,41.53,89.52,54.24,45.18,93.37,58.73,126,48.37
v2_p0.53_f0.27_c0.20,r,c3p3f4,0.05,40.52,85.13,56.19,41.13,85.48,55.03,42.77,89.16,56.2,121,48.355000000000004
v2_p0.53_f0.27_c0.20,q,c2p2f6,0.025,40.23,90.09,56.36,38.71,93.95,51.37,42.77,95.18,55.47,128,48.295
v2_p0.53_f0.27_c0.20,q,c2p2f6,0.05,39.65,83.67,56.82,37.5,85.08,51.81,42.17,88.55,55.83,120,48.235
v2_p0.53_f0.27_c0.20,r,c3p3f4,0.025,41.4,94.75,54.98,41.94,92.34,53.55,43.37,92.77,55.56,126,48.19
pf_4555_c10,q,c45p45f1,0.0,41.98,100.0,54.34,42.74,100.0,54.08,43.37,100.0,52.94,136,48.16
pf_6040,r,c2p2f6,0.0,41.98,100.0,54.34,43.55,100.0,55.1,45.78,100.0,55.88,136,48.16
pf_6040_c10neg,r,c2p2f6,0.0,41.98,100.0,54.34,43.15,100.0,54.59,46.39,100.0,56.62,136,48.16
fii_only,r,opt_only,0.0,41.98,100.0,54.34,45.16,100.0,57.14,43.98,100.0,53.68,136,48.16
pf_6040_c10neg,q,c4p4f2,0.05,39.07,76.68,57.14,39.11,78.63,53.85,39.76,80.12,53.64,110,48.105000000000004
pf_6040,q,fut_only,0.025,41.11,94.17,55.02,39.92,93.95,52.17,42.17,92.77,52.76,127,48.065
pro_only,q,c45p45f1,0.025,41.98,95.34,54.12,43.15,95.56,55.32,41.57,93.37,51.56,128,48.05
v2_p0.53_f0.27_c0.20,q,c3p3f4,0.05,39.65,83.38,56.36,40.73,80.65,53.7,41.57,82.53,57.14,112,48.004999999999995
v2_p0.53_f0.27_c0.20,r,opt_only,0.025,41.98,97.96,54.02,40.32,93.95,54.4,40.36,92.17,52.0,125,48.0
pf_4555_c10,q,c3p3f4,0.05,39.07,81.05,56.81,40.73,81.45,53.05,45.78,89.16,57.72,123,47.94
pf_4555_c10,r,c45p45f1,0.025,41.11,93.88,54.62,43.55,93.95,54.55,43.98,93.98,51.91,131,47.864999999999995
v2_p0.53_f0.27_c0.20,r,fut_only,0.025,41.11,93.88,54.62,38.31,93.55,51.93,40.96,95.18,51.94,129,47.864999999999995
pro_only,r,c45p45f1,0.025,41.4,97.38,54.26,43.95,94.76,56.15,40.96,95.18,50.77,130,47.83
pf_6040_c10neg,q,opt_only,0.0,41.69,100.0,53.96,41.53,100.0,52.55,42.17,100.0,51.47,136,47.825
v2_p0.53_f0.27_c0.20,r,c2p2f6,0.0,41.69,100.0,53.96,41.13,100.0,52.04,44.58,100.0,54.41,136,47.825
pf_5050,q,opt_only,0.0,41.69,100.0,53.96,43.15,100.0,54.59,42.17,100.0,51.47,136,47.825
pf_6040,r,opt_only,0.0,41.69,100.0,53.96,43.15,100.0,54.59,42.77,100.0,52.21,136,47.825
pf_6040_c10neg,r,c3p3f4,0.0,41.69,100.0,53.96,43.55,100.0,55.1,46.99,100.0,57.35,136,47.825
pf_5050,r,c45p45f1,0.0,41.69,100.0,53.96,43.15,100.0,54.59,43.37,100.0,52.94,136,47.825
pf_6040,q,opt_only,0.0,41.69,100.0,53.96,41.53,100.0,52.55,42.17,100.0,51.47,136,47.825
pf_6040,r,c3p3f4,0.0,41.69,100.0,53.96,43.15,100.0,54.59,46.99,100.0,57.35,136,47.825
pf_4555_c10,r,c45p45f1,0.0,41.69,100.0,53.96,43.15,100.0,54.59,43.37,100.0,52.94,136,47.825
pf_4555_c10,q,opt_only,0.0,41.69,100.0,53.96,43.15,100.0,54.59,42.17,100.0,51.47,136,47.825
v2_p0.53_f0.27_c0.20,r,opt_only,0.0,41.69,100.0,53.96,43.15,100.0,54.59,42.77,100.0,52.21,136,47.825
pf_4555_c10,q,c4p4f2,0.0,41.69,100.0,53.96,42.34,100.0,53.57,45.18,100.0,55.15,136,47.825
pf_4555_c10,r,c4p4f2,0.0,41.69,100.0,53.96,42.74,100.0,54.08,45.78,100.0,55.88,136,47.825
pf_5050,r,c3p3f4,0.05,40.23,83.97,55.36,38.71,82.66,52.76,45.18,87.95,57.85,121,47.795
v2_p0.53_f0.27_c0.20,q,c45p45f1,0.05,41.11,87.46,54.47,41.53,87.9,53.71,40.96,87.95,52.07,121,47.79
pf_5050,q,c3p3f4,0.05,38.19,78.13,57.35,39.52,79.84,52.5,45.18,87.35,57.02,121,47.769999999999996
pf_6040,r,opt_only,0.025,41.4,96.79,54.09,39.92,93.15,54.44,42.17,92.17,51.97,127,47.745000000000005
pf_4555_c10,r,c2p2f6,0.05,40.23,85.71,55.26,37.5,86.29,50.0,44.58,86.75,57.98,119,47.745
v2_p0.53_f0.27_c0.20,r,c4p4f2,0.05,40.82,88.34,54.66,42.74,88.71,53.93,43.37,90.36,54.84,124,47.739999999999995
v2_p0.53_f0.27_c0.20,q,fut_only,0.025,40.52,92.42,54.92,36.69,95.16,49.46,39.76,94.58,51.97,127,47.72
pf_6040_c10neg,r,c3p3f4,0.05,38.78,78.43,56.52,37.1,76.21,52.67,44.58,84.34,57.26,117,47.650000000000006
pf_6040_c10neg,r,c3p3f4,0.075,36.73,69.68,58.56,36.29,68.55,54.07,38.55,72.29,55.56,99,47.644999999999996
v2_p0.53_f0.27_c0.20,q,c45p45f1,0.075,39.94,81.05,55.3,40.32,79.84,54.72,40.36,79.52,53.64,110,47.62
pf_4555_c10,r,c2p2f6,0.025,40.23,91.84,54.96,38.71,93.55,49.19,46.39,93.98,56.15,130,47.595
pf_5050,q,c4p4f2,0.025,40.82,90.38,54.36,41.94,91.13,54.44,45.18,91.57,55.12,127,47.59
pf_6040,r,c45p45f1,0.05,40.23,87.76,54.94,43.15,86.69,55.17,43.37,87.95,52.85,123,47.584999999999994
pf_4555_c10,q,c45p45f1,0.025,40.82,92.13,54.29,41.94,92.74,54.1,43.98,92.17,53.12,128,47.555
pro_only,q,c4p4f2,0.05,39.94,87.76,55.17,39.92,90.73,55.43,39.16,88.55,47.97,123,47.555
fii_only,q,c2p2f6,0.05,40.82,93.0,54.25,43.15,91.53,51.61,42.77,93.98,53.91,128,47.535
pro_only,r,c4p4f2,0.05,39.65,87.76,55.41,41.94,91.13,56.18,39.16,89.16,47.58,124,47.53
pf_5050,q,c2p2f6,0.05,38.78,81.92,56.28,37.5,87.5,50.0,42.17,83.73,58.41,113,47.53
v2_p0.53_f0.27_c0.20,q,c3p3f4,0.075,38.48,74.64,56.57,38.71,73.79,54.42,41.57,78.31,57.94,107,47.525
pf_6040_c10neg,q,c2p2f6,0.05,37.9,74.64,57.14,38.71,77.82,53.9,37.35,77.71,54.81,104,47.519999999999996
pro_only,r,c45p45f1,0.0,41.4,100.0,53.58,43.95,100.0,55.61,40.96,100.0,50.0,136,47.489999999999995
pf_6040_c10neg,q,c4p4f2,0.0,41.4,100.0,53.58,43.15,100.0,54.59,45.18,100.0,55.15,136,47.489999999999995
fii_only,q,opt_only,0.0,41.4,100.0,53.58,45.97,100.0,58.16,43.98,100.0,53.68,136,47.489999999999995
pf_5050,q,c45p45f1,0.0,41.4,100.0,53.58,42.74,100.0,54.08,43.37,100.0,52.94,136,47.489999999999995
v2_p0.53_f0.27_c0.20,q,c4p4f2,0.0,41.4,100.0,53.58,43.15,100.0,54.59,42.77,100.0,52.21,136,47.489999999999995
pf_6040_c10neg,q,fut_only,0.0,41.4,100.0,53.58,40.73,100.0,51.53,42.77,100.0,52.21,136,47.489999999999995
pf_5050,q,c4p4f2,0.0,41.4,100.0,53.58,42.34,100.0,53.57,45.18,100.0,55.15,136,47.489999999999995
pf_5050,r,opt_only,0.0,41.4,100.0,53.58,43.95,100.0,55.61,42.17,100.0,51.47,136,47.489999999999995
pf_6040,r,fut_only,0.0,41.4,100.0,53.58,41.13,100.0,52.04,43.98,100.0,53.68,136,47.489999999999995
fii_only,q,c3p3f4,0.0,41.4,100.0,53.58,40.73,100.0,51.53,44.58,100.0,54.41,136,47.489999999999995
pf_6040,r,c45p45f1,0.0,41.4,100.0,53.58,43.55,100.0,55.1,42.77,100.0,52.21,136,47.489999999999995
pf_4555_c10,r,opt_only,0.0,41.4,100.0,53.58,43.95,100.0,55.61,42.17,100.0,51.47,136,47.489999999999995
v2_p0.53_f0.27_c0.20,r,c45p45f1,0.0,41.4,100.0,53.58,43.55,100.0,55.1,42.77,100.0,52.21,136,47.489999999999995
pf_4555_c10,r,fut_only,0.0,41.4,100.0,53.58,40.32,100.0,51.02,42.17,100.0,51.47,136,47.489999999999995
pf_5050,r,c2p2f6,0.025,40.23,92.13,54.73,38.31,92.74,50.0,46.39,92.77,58.27,127,47.48
pf_6040,q,c4p4f2,0.05,39.65,81.34,55.3,40.32,84.68,53.57,42.17,86.14,55.08,118,47.474999999999994
pf_6040,r,c3p3f4,0.075,38.19,76.38,56.72,36.69,73.39,53.47,43.98,81.93,57.02,114,47.455
v2_p0.53_f0.27_c0.20,r,c2p2f6,0.05,40.52,84.84,54.39,40.32,88.71,53.14,42.77,89.76,57.02,121,47.455
v2_p0.53_f0.27_c0.20,r,c45p45f1,0.05,40.23,89.8,54.62,42.74,88.71,54.8,42.17,89.76,51.2,125,47.425
pf_5050,r,c45p45f1,0.025,40.82,93.29,54.03,43.15,93.15,54.59,43.98,92.17,53.12,128,47.425
pf_6040,r,fut_only,0.075,38.78,78.13,56.04,35.48,81.05,52.9,40.36,81.33,53.57,112,47.41
pf_6040_c10neg,q,fut_only,0.025,40.23,91.55,54.55,39.11,91.53,51.96,42.77,88.55,54.1,122,47.39
pf_4555_c10,q,c2p2f6,0.05,39.36,83.97,55.41,38.31,85.89,50.59,42.17,85.54,58.26,115,47.385
pf_4555_c10,r,fut_only,0.025,40.82,95.92,53.94,40.32,95.16,51.06,40.36,94.58,51.56,128,47.379999999999995
v2_p0.53_f0.27_c0.20,q,c4p4f2,0.05,39.65,84.84,55.11,41.53,87.9,53.71,42.17,88.55,54.55,121,47.379999999999995
fii_only,q,c3p3f4,0.05,40.82,90.96,53.91,42.34,87.5,51.69,42.17,93.37,54.76,126,47.364999999999995
pf_6040,q,c4p4f2,0.025,40.82,91.84,53.88,43.55,92.74,54.59,44.58,93.98,55.04,129,47.35
pf_6040_c10neg,q,c2p2f6,0.075,36.15,62.39,58.54,35.48,61.69,53.66,33.73,65.66,53.41,88,47.345
pf_6040,q,c45p45f1,0.05,40.23,84.26,54.42,40.73,85.48,53.53,41.57,86.14,52.94,119,47.325
pro_only,r,c4p4f2,0.1,38.78,80.76,55.87,40.32,79.84,54.72,34.94,75.3,50.0,102,47.325
v2_p0.53_f0.27_c0.20,r,c2p2f6,0.075,39.36,78.43,55.24,36.69,83.47,50.92,42.17,86.14,56.41,117,47.3
pro_only,q,c4p4f2,0.075,38.78,81.63,55.81,39.92,83.06,55.21,36.75,80.72,50.0,110,47.295
pf_4555_c10,q,c4p4f2,0.05,39.65,79.3,54.93,41.13,83.06,54.22,45.78,89.16,55.2,125,47.29
fii_only,q,fut_only,0.075,40.23,92.71,54.29,36.69,90.32,49.43,46.39,93.98,56.15,130,47.26
pro_only,q,c45p45f1,0.075,39.36,84.26,55.16,40.73,81.85,55.56,36.75,80.12,50.46,109,47.26
pf_6040_c10neg,r,c2p2f6,0.05,38.78,79.3,55.71,39.11,82.26,52.76,41.57,81.93,56.25,112,47.245000000000005
pro_only,r,c4p4f2,0.125,37.9,78.43,56.59,39.52,71.37,54.86,34.34,72.89,49.49,99,47.245000000000005
pf_6040,q,c4p4f2,0.075,38.48,75.22,56.0,39.52,77.02,54.9,39.76,76.51,53.77,106,47.239999999999995
pf_4555_c10,q,fut_only,0.025,41.11,94.75,53.36,38.71,93.55,50.82,41.57,93.37,52.76,127,47.235
fii_only,r,fut_only,0.025,40.82,98.83,53.64,38.71,97.58,50.53,46.39,99.4,55.88,136,47.230000000000004
pf_6040_c10neg,q,c45p45f1,0.025,40.52,91.25,53.91,42.34,90.73,53.59,42.17,90.96,52.8,125,47.215
pf_6040_c10neg,r,opt_only,0.025,39.94,93.59,54.47,39.52,91.53,54.24,41.57,89.16,52.03,123,47.205
v2_p0.53_f0.27_c0.20,q,c2p2f6,0.125,36.15,59.48,58.23,39.11,60.48,54.76,37.95,71.69,55.1,98,47.19
pf_5050,r,opt_only,0.025,39.94,94.46,54.44,39.92,92.34,55.06,42.17,93.37,52.34,128,47.19
pf_4555_c10,q,opt_only,0.05,40.23,85.42,54.15,39.11,84.68,55.49,39.76,86.75,52.54,118,47.19
v2_p0.53_f0.27_c0.20,q,c45p45f1,0.025,40.52,93.88,53.82,42.74,93.95,54.3,41.57,96.99,52.67,131,47.17
v2_p0.53_f0.27_c0.20,q,fut_only,0.05,39.07,86.88,55.26,36.69,89.52,50.87,40.96,88.55,52.89,121,47.165
pf_6040_c10neg,r,opt_only,0.0,41.11,100.0,53.21,43.55,100.0,55.1,42.77,100.0,52.21,136,47.16
fii_only,r,c4p4f2,0.0,41.11,100.0,53.21,41.53,100.0,52.55,42.77,100.0,52.21,136,47.16
pro_only,q,c3p3f4,0.0,41.11,100.0,53.21,43.15,100.0,54.59,40.36,100.0,49.26,136,47.16
pf_4555_c10,q,fut_only,0.0,41.11,100.0,53.21,40.32,100.0,51.02,42.77,100.0,52.21,136,47.16
v2_p0.53_f0.27_c0.20,q,opt_only,0.0,41.11,100.0,53.21,41.94,100.0,53.06,42.77,100.0,52.21,136,47.16
fii_only,r,c2p2f6,0.0,41.11,100.0,53.21,40.32,100.0,51.02,45.78,100.0,55.88,136,47.16
pf_6040,q,c4p4f2,0.0,41.11,100.0,53.21,42.74,100.0,54.08,43.98,100.0,53.68,136,47.16
pf_5050,r,fut_only,0.0,41.11,100.0,53.21,40.73,100.0,51.53,42.77,100.0,52.21,136,47.16
v2_p0.53_f0.27_c0.20,q,opt_only,0.025,40.52,94.75,53.78,40.73,92.74,54.14,39.76,93.37,51.59,126,47.150000000000006
fii_only,r,c3p3f4,0.125,39.36,79.59,54.93,41.53,73.79,50.0,41.57,82.53,55.75,113,47.144999999999996
pf_6040,r,c4p4f2,0.05,40.23,88.05,54.04,42.74,85.48,54.65,42.77,87.35,55.0,120,47.135
v2_p0.53_f0.27_c0.20,q,c45p45f1,0.1,38.48,74.64,55.78,39.11,73.79,54.05,39.76,75.3,54.81,104,47.129999999999995
pf_6040_c10neg,q,c3p3f4,0.05,37.32,74.64,56.92,37.1,71.77,53.52,41.57,78.92,57.41,108,47.120000000000005
v2_p0.53_f0.27_c0.20,q,c4p4f2,0.025,40.52,91.55,53.69,43.95,92.74,54.3,43.98,93.98,54.26,129,47.105000000000004
pro_only,q,c45p45f1,0.05,40.23,89.8,53.97,41.53,88.71,55.75,39.16,87.95,50.83,120,47.099999999999994
fii_only,q,fut_only,0.025,40.52,98.25,53.67,39.11,97.18,50.53,45.18,97.59,55.64,133,47.095
v2_p0.53_f0.27_c0.20,r,opt_only,0.05,39.36,91.25,54.81,39.92,87.9,54.07,40.36,87.35,52.94,119,47.085
pf_4555_c10,r,opt_only,0.025,39.94,94.75,54.22,39.92,92.74,54.75,41.57,94.58,51.94,129,47.08
pf_5050,r,c2p2f6,0.05,39.36,82.22,54.79,37.9,85.89,50.89,43.98,86.14,57.63,118,47.075
v2_p0.53_f0.27_c0.20,q,c4p4f2,0.1,37.9,72.3,56.25,37.5,72.58,54.55,37.95,72.29,53.0,100,47.075
pro_only,q,c45p45f1,0.1,38.48,80.47,55.66,39.92,77.02,54.55,36.14,74.7,50.98,102,47.06999999999999
pf_4555_c10,q,c4p4f2,0.025,39.94,90.67,54.17,41.94,93.15,53.8,45.78,91.57,54.69,128,47.055
pf_5050,q,opt_only,0.05,39.65,83.97,54.46,39.11,83.87,55.21,38.55,84.94,52.17,115,47.055
pf_6040,q,fut_only,0.05,39.36,88.05,54.74,36.29,85.89,50.3,40.96,88.55,52.89,121,47.05
pro_only,r,c4p4f2,0.025,40.23,93.29,53.85,43.55,95.16,56.99,39.76,95.78,48.85,131,47.04
pf_6040,r,fut_only,0.025,40.23,93.29,53.85,39.11,93.55,52.2,42.17,93.98,53.12,128,47.04
pf_6040,q,opt_only,0.025,40.23,94.17,53.82,40.73,91.94,54.75,40.96,91.57,52.0,125,47.025
fii_only,r,fut_only,0.05,40.52,96.79,53.52,39.11,93.95,50.27,45.78,96.39,56.06,132,47.02
fii_only,r,c3p3f4,0.1,39.07,83.97,54.95,41.94,78.23,50.92,43.37,89.76,55.28,123,47.010000000000005
pf_4555_c10,q,opt_only,0.025,39.94,93.29,54.07,40.32,92.34,53.89,40.96,93.98,51.56,128,47.004999999999995
fii_only,q,c2p2f6,0.1,39.65,86.59,54.35,41.53,79.44,51.22,45.18,86.14,56.67,120,47.0
fii_only,r,c3p3f4,0.15,38.48,74.93,55.5,41.94,68.15,51.37,41.57,75.9,57.14,105,46.989999999999995
v2_p0.53_f0.27_c0.20,r,c3p3f4,0.075,38.48,79.01,55.5,38.71,75.81,54.67,41.57,81.93,56.25,112,46.989999999999995
fii_only,r,c3p3f4,0.075,39.94,89.21,54.01,42.74,83.06,51.16,42.17,93.37,54.76,126,46.974999999999994
pf_4555_c10,r,c4p4f2,0.025,40.23,91.84,53.69,42.34,93.55,54.05,45.18,93.98,54.62,130,46.959999999999994
pf_4555_c10,r,c2p2f6,0.1,38.19,71.72,55.73,37.1,77.02,50.98,40.96,76.51,57.14,105,46.959999999999994
fii_only,q,c2p2f6,0.075,39.94,90.09,53.97,41.53,86.29,51.43,43.98,90.36,55.65,124,46.955
v2_p0.53_f0.27_c0.20,q,c4p4f2,0.075,38.78,77.55,55.07,39.52,81.45,54.04,39.76,80.72,53.15,111,46.925
fii_only,q,c3p3f4,0.125,39.65,74.34,54.19,39.92,68.95,51.39,43.37,78.92,57.27,110,46.92
fii_only,q,c3p3f4,0.075,39.65,85.13,54.19,41.13,82.26,52.1,41.57,90.96,54.47,123,46.92
fii_only,r,c3p3f4,0.025,40.52,97.08,53.31,41.53,93.95,50.26,43.98,96.99,55.73,131,46.915000000000006
fii_only,q,fut_only,0.05,40.23,94.46,53.6,38.71,93.15,50.27,45.78,95.78,56.49,131,46.915
pf_6040_c10neg,q,opt_only,0.025,39.94,92.71,53.88,39.52,89.92,53.71,39.76,87.95,51.67,120,46.91
fii_only,r,c2p2f6,0.1,39.65,90.96,54.17,41.13,83.06,50.59,44.58,88.55,56.56,122,46.91
fii_only,r,c3p3f4,0.05,39.94,93.59,53.85,43.15,89.52,50.54,43.37,94.58,55.47,128,46.894999999999996
pf_6040_c10neg,q,c3p3f4,0.075,35.86,62.39,57.93,35.89,62.9,54.4,34.94,68.07,53.26,92,46.894999999999996
pro_only,r,c4p4f2,0.075,38.78,83.38,55.0,41.13,85.89,56.55,37.95,84.34,49.14,116,46.89
fii_only,r,fut_only,0.075,39.94,94.46,53.82,37.9,91.94,50.0,46.99,94.58,56.49,131,46.879999999999995
pf_6040_c10neg,q,c45p45f1,0.05,38.78,79.3,54.98,41.13,80.65,54.32,39.76,80.72,53.15,111,46.879999999999995
pro_only,q,c4p4f2,0.1,37.32,77.55,56.44,39.92,77.42,56.21,36.14,74.7,50.98,102,46.879999999999995
v2_p0.53_f0.27_c0.20,q,opt_only,0.075,39.65,81.92,54.09,41.53,83.47,56.36,39.76,81.33,52.68,112,46.870000000000005
v2_p0.53_f0.27_c0.20,q,c2p2f6,0.075,37.03,74.34,56.7,36.69,78.63,51.95,40.96,82.53,54.87,113,46.865
pro_only,q,c3p3f4,0.2,35.28,53.06,58.45,29.03,41.53,50.0,30.12,51.2,50.0,70,46.865
pf_6040,r,c4p4f2,0.1,37.61,71.14,56.08,38.31,69.35,55.8,38.55,69.28,53.61,97,46.845
v2_p0.53_f0.27_c0.20,r,c4p4f2,0.125,37.9,71.14,55.79,37.9,68.55,53.62,38.55,68.67,54.17,96,46.845
pf_6040,r,c45p45f1,0.025,40.52,95.63,53.15,41.94,93.55,53.51,43.98,93.98,53.08,130,46.835
pro_only,q,c4p4f2,0.125,36.44,72.01,57.22,39.11,67.74,54.35,34.34,68.67,50.0,94,46.83
pro_only,r,c45p45f1,0.075,39.07,86.88,54.59,40.73,83.47,55.15,37.35,83.73,50.0,114,46.83
pf_4555_c10,r,c2p2f6,0.0,40.82,100.0,52.83,39.11,100.0,49.49,46.99,100.0,57.35,136,46.825
pro_only,q,c45p45f1,0.0,40.82,100.0,52.83,43.55,100.0,55.1,40.36,100.0,49.26,136,46.825
fii_only,q,c45p45f1,0.0,40.82,100.0,52.83,42.34,100.0,53.57,42.17,100.0,51.47,136,46.825
fii_only,q,c2p2f6,0.0,40.82,100.0,52.83,39.92,100.0,50.51,45.18,100.0,55.15,136,46.825
pro_only,r,c3p3f4,0.0,40.82,100.0,52.83,42.74,100.0,54.08,41.57,100.0,50.74,136,46.825
fii_only,r,c3p3f4,0.0,40.82,100.0,52.83,39.92,100.0,50.51,45.78,100.0,55.88,136,46.825
pf_6040_c10neg,r,fut_only,0.0,40.82,100.0,52.83,39.92,100.0,50.51,42.77,100.0,52.21,136,46.825
pf_6040_c10neg,r,c45p45f1,0.0,40.82,100.0,52.83,43.55,100.0,55.1,43.98,100.0,53.68,136,46.825
v2_p0.53_f0.27_c0.20,q,c45p45f1,0.0,40.82,100.0,52.83,43.55,100.0,55.1,43.37,100.0,52.94,136,46.825
fii_only,q,fut_only,0.0,40.82,100.0,52.83,39.52,100.0,50.0,45.78,100.0,55.88,136,46.825
fii_only,r,fut_only,0.0,40.82,100.0,52.83,39.52,100.0,50.0,45.78,100.0,55.88,136,46.825
pf_6040,q,c2p2f6,0.075,36.73,68.8,56.91,37.9,74.19,52.7,38.55,77.11,55.77,104,46.81999999999999
pro_only,r,c45p45f1,0.05,39.65,91.25,53.94,42.34,90.32,56.5,39.76,90.36,51.22,123,46.795
fii_only,r,c45p45f1,0.1,36.44,56.85,57.14,34.68,59.68,55.56,35.54,72.89,53.06,98,46.79
pf_6040_c10neg,r,c45p45f1,0.05,39.07,83.67,54.5,42.74,82.26,55.42,40.36,81.93,53.1,113,46.785
v2_p0.53_f0.27_c0.20,r,c4p4f2,0.075,39.07,83.67,54.5,40.32,81.85,53.99,40.36,83.73,54.39,114,46.785
fii_only,r,c2p2f6,0.15,39.07,84.55,54.46,40.73,76.61,49.38,44.58,86.75,56.67,120,46.765
pf_5050,q,c2p2f6,0.075,36.44,73.76,57.07,37.1,76.61,50.33,41.57,74.7,58.25,103,46.754999999999995
fii_only,r,fut_only,0.1,39.36,92.13,54.13,38.71,90.73,50.28,46.99,94.58,56.49,131,46.745000000000005
pf_4555_c10,r,c3p3f4,0.15,34.99,53.35,58.45,36.29,57.26,53.85,35.54,63.86,53.41,88,46.72
pf_6040,q,opt_only,0.05,39.07,87.17,54.35,40.32,86.29,55.03,38.55,84.94,52.17,115,46.71
v2_p0.53_f0.27_c0.20,r,c3p3f4,0.1,37.61,71.43,55.79,37.9,69.35,55.07,42.77,78.92,56.36,110,46.7
fii_only,r,c2p2f6,0.05,40.23,95.04,53.17,41.53,93.15,50.8,42.77,95.18,54.26,129,46.7
fii_only,q,c3p3f4,0.025,40.23,95.92,53.15,41.94,91.94,51.35,43.98,96.39,54.96,131,46.69
pf_6040,q,c3p3f4,0.1,36.15,62.68,57.23,36.29,62.5,55.65,37.95,72.29,54.55,99,46.69
pf_4555_c10,r,c4p4f2,0.05,39.36,83.97,54.02,42.34,85.08,54.39,45.78,89.16,55.2,125,46.69
pf_5050,q,c45p45f1,0.025,39.65,91.55,53.72,41.94,93.15,53.8,43.98,92.17,53.12,128,46.685
pro_only,r,opt_only,0.025,40.23,96.79,53.12,40.73,91.94,53.89,42.17,95.18,52.31,130,46.675
pf_5050,r,c4p4f2,0.025,39.65,92.42,53.69,42.34,92.34,54.1,45.78,93.98,55.38,130,46.67
fii_only,r,c2p2f6,0.075,39.65,92.42,53.69,42.34,89.11,51.38,42.77,92.17,55.2,125,46.67
pf_6040,q,c45p45f1,0.025,39.65,93.29,53.66,41.53,92.74,53.55,42.77,92.77,53.54,127,46.655
pf_5050,q,opt_only,0.025,39.36,92.42,53.91,39.92,91.53,53.93,41.57,92.77,51.97,127,46.635
pf_6040_c10neg,q,c4p4f2,0.025,39.36,87.46,53.88,41.94,91.13,53.59,43.98,92.17,55.56,126,46.620000000000005
v2_p0.53_f0.27_c0.20,r,c4p4f2,0.1,37.9,74.05,55.33,38.31,73.39,54.11,39.76,75.3,54.81,104,46.614999999999995
v2_p0.53_f0.27_c0.20,r,fut_only,0.05,39.07,86.59,54.15,36.29,88.71,51.76,38.55,87.95,52.54,118,46.61
v2_p0.53_f0.27_c0.20,q,opt_only,0.1,37.9,74.93,55.28,39.52,75.81,53.95,37.95,77.11,51.89,106,46.59
pro_only,q,c45p45f1,0.125,37.9,74.93,55.28,39.11,74.19,53.69,33.73,71.08,50.0,96,46.59
fii_only,q,c2p2f6,0.025,40.23,96.21,52.94,41.13,95.56,51.05,43.37,95.78,54.62,130,46.584999999999994
pf_5050,r,c4p4f2,0.05,39.07,83.38,54.05,41.53,83.47,54.49,43.98,87.95,54.92,122,46.56
pf_4555_c10,q,c45p45f1,0.05,38.78,82.51,54.34,40.32,84.68,54.49,42.77,89.16,52.42,124,46.56
v2_p0.53_f0.27_c0.20,r,c4p4f2,0.025,40.52,93.88,52.59,44.35,93.95,54.79,42.77,95.18,53.08,130,46.55500000000001
pf_6040,r,fut_only,0.05,39.07,84.26,54.02,36.69,86.29,51.5,40.36,88.55,53.33,120,46.545
pf_6040,r,c3p3f4,0.1,36.73,68.51,56.35,37.1,66.13,55.73,40.96,75.3,55.24,105,46.54
pro_only,q,opt_only,0.075,39.65,87.76,53.42,40.32,84.27,54.82,37.35,84.94,50.43,115,46.535
pf_5050,r,fut_only,0.05,38.19,86.59,54.87,36.29,87.5,50.89,38.55,81.93,51.79,112,46.53
pf_6040_c10neg,r,c2p2f6,0.075,37.32,68.51,55.74,38.71,67.34,55.15,38.55,71.08,56.7,97,46.53
pro_only,r,opt_only,0.05,39.36,93.59,53.66,41.94,87.9,55.17,40.36,89.76,51.22,123,46.51
pf_5050,q,c3p3f4,0.075,35.86,70.26,57.14,39.52,69.35,54.61,41.57,76.51,56.6,106,46.5
v2_p0.53_f0.27_c0.20,r,c45p45f1,0.025,40.23,95.63,52.76,43.15,93.95,54.01,42.17,96.99,53.44,131,46.495
pf_5050,r,fut_only,0.025,38.78,90.96,54.2,38.71,92.34,50.83,37.35,89.16,50.0,120,46.49
pro_only,q,opt_only,0.0,40.52,100.0,52.45,42.74,100.0,54.08,43.98,100.0,53.68,136,46.485
pro_only,r,opt_only,0.0,40.52,100.0,52.45,42.34,100.0,53.57,43.37,100.0,52.94,136,46.485
pf_6040_c10neg,q,c45p45f1,0.0,40.52,100.0,52.45,43.15,100.0,54.59,44.58,100.0,54.41,136,46.485
pro_only,q,c4p4f2,0.0,40.52,100.0,52.45,45.16,100.0,57.14,39.16,100.0,47.79,136,46.485
pf_5050,r,c4p4f2,0.0,40.52,100.0,52.45,43.15,100.0,54.59,45.78,100.0,55.88,136,46.485
pf_5050,q,fut_only,0.0,40.52,100.0,52.45,39.11,100.0,49.49,43.37,100.0,52.94,136,46.485
pf_6040,q,c45p45f1,0.0,40.52,100.0,52.45,42.74,100.0,54.08,43.37,100.0,52.94,136,46.485
fii_only,q,c4p4f2,0.125,36.15,57.43,56.77,37.1,58.87,53.72,36.14,69.88,53.68,95,46.46
pro_only,q,c2p2f6,0.05,39.94,88.05,52.97,35.89,88.71,49.42,38.55,90.36,47.2,125,46.455
v2_p0.53_f0.27_c0.20,q,c3p3f4,0.1,37.03,67.06,55.87,38.71,66.53,55.97,39.76,74.1,55.88,102,46.45
pf_6040,r,c2p2f6,0.1,37.03,67.06,55.87,36.69,69.35,52.9,39.76,72.29,56.0,100,46.45
pf_5050,q,fut_only,0.025,39.36,91.25,53.53,35.89,89.92,50.29,40.36,89.76,52.46,122,46.445
fii_only,r,fut_only,0.15,39.07,89.5,53.81,37.9,85.08,50.6,44.58,92.17,55.12,127,46.44
pf_6040,q,fut_only,0.075,37.9,80.17,54.98,34.27,77.42,51.01,37.95,80.12,52.29,109,46.44
v2_p0.53_f0.27_c0.20,r,c2p2f6,0.1,37.9,71.14,54.97,35.48,73.39,52.45,42.77,81.93,55.26,114,46.435
pf_4555_c10,q,fut_only,0.125,37.32,72.01,55.5,33.47,67.74,50.76,36.75,72.29,52.53,99,46.41
pf_6040_c10neg,r,c4p4f2,0.075,37.03,72.01,55.79,36.29,66.94,54.55,39.16,72.89,54.46,101,46.41
v2_p0.53_f0.27_c0.20,q,fut_only,0.1,37.03,76.09,55.78,34.68,72.58,50.7,36.75,73.49,53.0,100,46.405
pf_4555_c10,r,opt_only,0.05,38.48,88.63,54.31,38.71,85.89,54.82,41.57,88.55,53.72,121,46.394999999999996
v2_p0.53_f0.27_c0.20,r,c45p45f1,0.1,38.78,79.59,53.99,39.92,75.4,53.95,39.76,78.31,53.7,108,46.385000000000005
fii_only,q,c3p3f4,0.1,38.48,78.72,54.29,41.53,74.6,51.28,43.98,83.13,57.39,115,46.385
fii_only,q,c4p4f2,0.075,37.9,72.89,54.87,41.53,77.82,53.46,39.76,80.72,54.55,110,46.385
pf_4555_c10,r,fut_only,0.05,39.65,90.67,53.11,39.11,91.94,50.83,39.16,90.36,52.89,121,46.379999999999995
fii_only,r,fut_only,0.125,38.78,91.25,53.97,39.11,87.5,50.57,45.18,92.77,55.47,128,46.375
pro_only,r,opt_only,0.075,39.07,88.05,53.65,41.94,86.29,55.56,39.16,84.94,50.43,117,46.36
pf_6040_c10neg,r,c2p2f6,0.1,33.82,56.56,58.9,33.06,56.85,52.68,34.34,62.05,54.76,84,46.36
v2_p0.53_f0.27_c0.20,r,c4p4f2,0.15,36.15,66.47,56.57,36.69,61.29,56.56,34.94,64.46,51.69,89,46.36
v2_p0.53_f0.27_c0.20,q,c3p3f4,0.15,33.82,54.23,58.87,36.69,53.23,58.33,35.54,63.86,51.69,89,46.345
pf_6040,r,c2p2f6,0.075,37.61,74.64,55.05,39.52,79.84,53.46,42.17,80.72,58.18,110,46.33
v2_p0.53_f0.27_c0.20,q,opt_only,0.05,39.07,89.8,53.59,40.32,87.9,54.65,38.55,86.14,52.59,116,46.33
fii_only,r,c4p4f2,0.1,37.32,70.55,55.32,40.32,68.95,53.15,37.95,79.52,52.78,108,46.32
pf_6040_c10neg,r,c45p45f1,0.025,39.36,93.29,53.25,42.74,91.53,54.4,42.77,92.77,52.34,128,46.305
pro_only,q,opt_only,0.05,39.36,93.29,53.25,41.94,87.5,54.6,37.95,89.16,50.83,120,46.305
pf_5050,r,c2p2f6,0.125,35.28,59.48,57.32,38.31,62.5,53.49,37.95,66.27,55.43,92,46.3
pf_5050,r,c2p2f6,0.075,37.32,75.51,55.28,38.31,79.44,51.9,42.17,80.72,56.76,111,46.3
v2_p0.53_f0.27_c0.20,r,c45p45f1,0.075,38.78,83.97,53.81,40.32,83.06,53.01,40.96,82.53,53.51,114,46.295
fii_only,r,c2p2f6,0.025,39.65,97.67,52.92,40.32,96.37,51.05,43.37,96.99,54.96,131,46.285
pf_5050,q,c4p4f2,0.05,38.48,78.13,54.07,40.73,83.87,53.89,45.18,86.75,56.2,121,46.275
pf_6040,q,c45p45f1,0.075,37.9,77.26,54.63,39.92,77.42,55.19,40.36,76.51,54.72,106,46.265
pf_6040_c10neg,q,fut_only,0.05,37.9,82.22,54.63,37.1,80.65,50.94,39.76,80.12,53.64,110,46.265
pro_only,r,c3p3f4,0.025,39.07,95.04,53.41,41.53,93.15,54.95,43.37,92.77,49.62,131,46.239999999999995
pf_4555_c10,q,c2p2f6,0.1,36.44,69.1,56.04,39.52,68.95,50.69,40.36,71.08,56.57,99,46.239999999999995
pro_only,q,c3p3f4,0.125,36.15,65.89,56.32,36.69,63.71,55.12,33.73,71.08,46.94,98,46.235
v2_p0.53_f0.27_c0.20,r,opt_only,0.075,38.48,85.71,53.98,41.53,84.68,55.36,40.36,83.13,53.51,114,46.23
pro_only,q,c3p3f4,0.075,37.9,79.01,54.55,37.9,76.21,52.98,39.76,80.72,50.44,113,46.224999999999994
pf_6040_c10neg,q,opt_only,0.05,38.48,80.76,53.95,41.53,81.85,55.83,39.16,80.12,52.73,110,46.215
pro_only,q,opt_only,0.025,39.65,96.21,52.76,41.53,91.94,54.14,41.57,93.98,52.34,128,46.205
fii_only,q,c4p4f2,0.025,39.07,90.96,53.33,43.15,92.34,54.35,43.98,94.58,55.04,129,46.2
v2_p0.53_f0.27_c0.20,r,fut_only,0.1,36.73,74.05,55.67,34.27,77.82,51.68,36.75,74.7,53.47,101,46.2
pf_5050,r,c4p4f2,0.075,37.9,74.93,54.5,39.92,77.02,54.55,40.96,79.52,54.55,110,46.2
fii_only,q,c4p4f2,0.1,37.9,65.01,54.49,39.92,66.13,54.01,37.95,73.49,53.47,101,46.195
pf_4555_c10,r,c3p3f4,0.075,37.9,75.8,54.46,38.31,76.21,52.63,43.98,83.73,56.9,116,46.18
pro_only,r,c4p4f2,0.15,36.15,74.93,56.19,39.92,66.53,55.88,31.93,65.66,50.0,88,46.17
pf_6040,r,opt_only,0.05,38.48,89.21,53.85,40.32,87.5,54.97,40.96,85.54,53.85,117,46.165
pf_5050,q,c45p45f1,0.05,38.19,82.51,54.13,40.32,82.66,54.27,42.17,87.95,53.72,121,46.16
pf_6040_c10neg,r,c4p4f2,0.0,40.23,100.0,52.08,42.74,100.0,54.08,45.18,100.0,55.15,136,46.155
pro_only,r,c4p4f2,0.0,40.23,100.0,52.08,45.16,100.0,57.14,39.76,100.0,48.53,136,46.155
pro_only,r,c2p2f6,0.0,40.23,100.0,52.08,39.11,100.0,49.49,38.55,100.0,47.06,136,46.155
fii_only,q,c4p4f2,0.0,40.23,100.0,52.08,41.94,100.0,53.06,44.58,100.0,54.41,136,46.155
pf_6040,r,c4p4f2,0.0,40.23,100.0,52.08,43.15,100.0,54.59,44.58,100.0,54.41,136,46.155
pro_only,q,c2p2f6,0.0,40.23,100.0,52.08,37.9,100.0,47.96,39.16,100.0,47.79,136,46.155
pf_6040,q,opt_only,0.075,38.19,77.55,54.11,41.13,78.63,55.06,39.16,79.52,53.21,109,46.15
pro_only,q,opt_only,0.15,37.03,71.72,55.26,35.89,70.56,51.43,34.94,69.28,52.13,94,46.144999999999996
pf_6040,q,fut_only,0.1,36.73,71.72,55.56,33.87,70.56,51.09,34.34,71.69,52.08,96,46.144999999999996
pro_only,r,c45p45f1,0.1,38.19,83.38,54.09,41.94,77.42,55.41,36.75,78.31,50.47,107,46.14
pf_6040_c10neg,r,c4p4f2,0.05,37.61,81.63,54.67,41.53,80.24,56.25,39.16,80.12,54.13,109,46.14
pro_only,q,c2p2f6,0.025,39.65,93.88,52.61,36.69,95.56,47.59,39.76,93.98,47.69,130,46.129999999999995
pro_only,r,c3p3f4,0.05,37.9,88.34,54.35,41.13,86.29,54.39,40.96,89.16,48.8,125,46.125
pro_only,q,c4p4f2,0.025,38.78,94.46,53.44,43.55,97.58,56.84,40.36,93.98,48.46,130,46.11
pf_4555_c10,r,c2p2f6,0.075,37.61,78.43,54.59,37.5,81.45,50.93,43.37,82.53,57.02,114,46.1
pf_6040,r,c4p4f2,0.075,37.32,78.43,54.85,39.11,79.03,53.5,39.76,77.11,54.72,106,46.085
pro_only,q,c3p3f4,0.05,38.19,86.88,53.95,39.11,83.47,53.66,42.17,87.35,50.41,123,46.07
pf_6040_c10neg,r,fut_only,0.025,39.07,93.0,53.06,39.52,93.95,50.81,41.57,90.96,53.23,124,46.065
fii_only,q,c45p45f1,0.025,38.78,84.55,53.33,41.53,90.32,55.37,40.36,96.99,51.15,131,46.055
fii_only,r,c2p2f6,0.2,36.73,74.34,55.38,39.11,68.95,48.97,42.77,78.31,56.88,109,46.055
fii_only,q,fut_only,0.1,38.48,89.5,53.62,36.69,88.31,49.13,45.78,93.37,55.81,129,46.05
pf_4555_c10,r,opt_only,0.075,37.9,81.92,54.17,41.13,79.44,54.37,38.55,81.93,51.79,112,46.035
pf_6040,q,c3p3f4,0.075,36.44,71.14,55.61,37.5,68.15,54.41,41.57,77.11,57.55,106,46.025
fii_only,q,c2p2f6,0.15,37.61,78.72,54.33,40.32,70.97,50.34,43.37,80.12,57.66,111,45.97
pro_only,q,c4p4f2,0.15,35.28,66.47,56.65,37.1,62.9,54.33,32.53,61.45,53.66,82,45.965
pf_6040,r,c45p45f1,0.075,38.19,81.34,53.7,41.53,80.24,54.32,40.36,80.12,53.15,111,45.945
fii_only,r,c4p4f2,0.025,39.07,94.17,52.82,41.94,93.15,52.97,43.37,94.58,53.08,130,45.945
fii_only,r,c2p2f6,0.125,38.19,88.05,53.68,39.92,79.44,49.69,44.58,87.35,56.2,121,45.935
pro_only,q,c3p3f4,0.025,38.78,92.42,53.09,39.11,90.32,54.6,41.57,93.98,51.16,129,45.935
v2_p0.53_f0.27_c0.20,q,c2p2f6,0.1,35.86,66.47,56.0,37.5,68.95,51.43,40.36,76.51,56.19,105,45.93
fii_only,q,c2p2f6,0.125,38.19,83.09,53.64,40.32,75.81,50.32,44.58,84.34,55.93,118,45.915
pro_only,r,opt_only,0.125,37.03,81.34,54.72,39.52,76.21,54.61,37.35,73.49,52.48,101,45.875
pro_only,r,c2p2f6,0.1,39.65,81.05,52.04,38.31,82.26,52.47,37.35,84.94,47.86,117,45.845
pf_6040_c10neg,q,opt_only,0.075,37.03,73.18,54.64,39.52,73.79,55.78,36.14,72.89,51.0,100,45.835
pro_only,r,opt_only,0.1,37.32,83.97,54.34,40.73,82.66,55.83,36.75,78.92,50.0,108,45.83
v2_p0.53_f0.27_c0.20,q,c4p4f2,0.125,34.99,66.76,56.65,36.69,64.92,53.85,36.14,65.66,54.44,90,45.82
pf_6040,r,c4p4f2,0.125,35.57,65.89,56.07,35.08,60.48,54.17,36.75,66.27,53.26,92,45.82
v2_p0.53_f0.27_c0.20,r,fut_only,0.075,37.9,80.76,53.74,35.08,82.66,52.87,37.35,80.12,54.21,107,45.82
fii_only,r,c45p45f1,0.075,38.48,69.1,53.16,37.1,72.58,56.03,39.16,84.34,52.17,115,45.81999999999999
fii_only,r,c4p4f2,0.05,38.48,86.01,53.07,42.34,87.1,53.71,41.57,89.16,54.55,121,45.775
v2_p0.53_f0.27_c0.20,q,c4p4f2,0.15,34.11,59.77,57.42,34.68,56.85,54.87,34.34,60.84,52.38,84,45.765
fii_only,r,c4p4f2,0.075,37.61,76.68,53.92,41.13,77.82,52.83,38.55,83.73,53.1,113,45.765
pf_6040_c10neg,q,c4p4f2,0.075,35.57,67.64,55.93,35.08,66.53,53.85,36.14,66.87,53.26,92,45.75
pro_only,q,opt_only,0.125,37.32,77.55,54.15,38.71,75.0,54.36,36.75,72.29,52.53,99,45.735
v2_p0.53_f0.27_c0.20,q,c2p2f6,0.15,32.94,52.19,58.52,36.29,49.6,56.31,35.54,65.06,55.68,88,45.730000000000004
fii_only,q,c45p45f1,0.05,37.61,72.59,53.85,40.73,80.65,54.66,38.55,89.76,51.24,121,45.730000000000004
pro_only,r,c2p2f6,0.025,39.65,95.92,51.76,38.71,97.58,49.74,37.95,94.58,48.44,128,45.705
fii_only,r,c4p4f2,0.125,36.44,63.56,54.97,40.32,64.11,53.33,34.94,74.1,51.0,100,45.705
v2_p0.53_f0.27_c0.20,r,c2p2f6,0.15,34.11,58.31,57.24,36.69,56.85,55.17,37.35,68.67,55.32,94,45.675
pf_6040,q,c45p45f1,0.1,35.86,69.39,55.49,38.31,70.97,54.23,34.94,70.48,51.04,96,45.675
pf_4555_c10,q,fut_only,0.05,38.78,88.05,52.56,35.89,83.06,50.0,40.96,89.16,53.72,121,45.67
pf_4555_c10,r,c2p2f6,0.125,36.15,65.31,55.17,39.52,68.55,51.05,39.16,70.48,56.7,97,45.66
pf_5050,q,fut_only,0.075,37.03,80.17,54.29,33.06,77.42,50.0,37.95,78.92,53.27,107,45.66
pf_4555_c10,r,c45p45f1,0.05,38.48,87.17,52.81,41.53,85.48,54.71,43.37,89.16,53.23,124,45.644999999999996
pf_6040,r,c4p4f2,0.025,39.07,94.17,52.21,44.76,94.35,55.03,43.37,93.98,54.69,128,45.64
pf_4555_c10,q,c3p3f4,0.125,34.4,58.31,56.86,38.31,60.08,53.6,36.75,64.46,53.33,90,45.629999999999995
fii_only,q,c45p45f1,0.075,37.32,65.31,53.93,37.5,67.74,57.14,38.55,81.33,53.64,110,45.625
pro_only,q,fut_only,0.05,39.65,93.59,51.6,41.13,90.73,51.93,40.96,93.98,50.39,129,45.625
pf_4555_c10,r,c4p4f2,0.075,37.61,77.84,53.62,39.92,77.42,54.19,42.77,81.93,55.26,114,45.614999999999995
v2_p0.53_f0.27_c0.20,q,c3p3f4,0.125,34.4,59.18,56.77,37.5,60.08,57.02,37.95,71.08,54.08,98,45.585
pf_5050,r,c3p3f4,0.125,34.4,59.18,56.77,36.69,60.08,52.85,39.76,69.88,55.1,98,45.585
pf_5050,r,c2p2f6,0.1,36.15,67.93,55.0,38.31,73.79,51.68,41.57,74.7,56.73,104,45.575
pf_4555_c10,q,c2p2f6,0.075,35.86,76.97,55.28,38.71,78.23,51.59,41.57,78.31,57.94,107,45.57
pf_4555_c10,q,fut_only,0.1,37.03,78.72,54.11,35.48,74.6,50.34,37.95,76.51,53.85,104,45.57
v2_p0.53_f0.27_c0.20,r,c45p45f1,0.125,37.32,73.76,53.81,37.5,70.56,53.19,36.14,68.07,52.13,94,45.565
pro_only,q,c2p2f6,0.075,38.78,81.63,52.27,36.69,81.85,49.38,36.14,83.73,46.96,115,45.525000000000006
fii_only,r,c45p45f1,0.025,38.48,88.34,52.56,41.13,93.55,54.95,39.76,96.39,50.77,130,45.519999999999996
pro_only,r,fut_only,0.05,39.65,94.75,51.38,41.53,94.35,52.41,40.96,95.78,49.24,132,45.515
pf_4555_c10,q,c4p4f2,0.1,35.28,66.47,55.75,36.69,68.15,54.07,37.35,68.67,52.08,96,45.515
pf_6040_c10neg,r,c4p4f2,0.1,34.69,64.14,56.29,36.69,58.87,54.17,33.73,62.65,51.16,86,45.489999999999995
v2_p0.53_f0.27_c0.20,r,c4p4f2,0.0,39.65,100.0,51.32,43.55,100.0,55.1,43.37,100.0,52.94,136,45.485
v2_p0.53_f0.27_c0.20,r,c3p3f4,0.15,34.11,58.6,56.86,36.29,56.45,54.78,35.54,67.47,53.26,92,45.485
fii_only,r,c45p45f1,0.0,39.65,100.0,51.32,42.34,100.0,53.57,42.77,100.0,52.21,136,45.485
pf_4555_c10,q,c3p3f4,0.075,35.28,71.43,55.68,39.52,71.77,53.42,41.57,78.31,56.48,108,45.480000000000004
pf_4555_c10,r,c4p4f2,0.1,37.03,71.43,53.93,39.52,72.18,55.17,39.16,74.7,52.88,104,45.480000000000004
pro_only,q,c2p2f6,0.2,34.4,54.52,56.55,30.24,49.6,50.52,33.13,56.02,49.37,79,45.474999999999994
pf_6040,q,opt_only,0.1,36.44,71.43,54.5,39.11,73.39,55.48,36.14,72.29,51.52,99,45.47
v2_p0.53_f0.27_c0.20,q,fut_only,0.075,36.44,81.34,54.5,35.08,80.24,50.0,37.35,82.53,50.89,112,45.47
pro_only,r,c2p2f6,0.2,36.15,62.39,54.76,32.66,58.47,52.63,32.53,59.64,48.19,83,45.455
pro_only,q,fut_only,0.075,38.78,88.63,52.12,39.11,84.68,52.69,38.55,87.95,48.76,121,45.45
pf_6040,r,fut_only,0.1,36.15,72.3,54.74,35.48,75.81,53.42,37.35,77.71,51.89,106,45.445
pf_5050,r,opt_only,0.05,37.61,87.46,53.28,38.71,85.08,54.55,39.76,86.75,52.54,118,45.445
v2_p0.53_f0.27_c0.20,r,c3p3f4,0.125,35.57,64.14,55.29,37.5,63.71,56.69,40.36,73.49,55.88,102,45.43
pf_5050,r,c45p45f1,0.05,38.19,86.01,52.63,41.53,83.47,54.49,43.37,88.55,53.66,123,45.41
pro_only,q,c3p3f4,0.15,34.99,61.81,55.83,34.27,55.65,54.05,31.33,61.45,45.88,85,45.41
pf_6040_c10neg,r,c4p4f2,0.025,38.78,93.0,52.03,43.95,91.53,55.19,43.98,92.17,55.56,126,45.405
pf_4555_c10,q,c4p4f2,0.125,33.82,58.02,56.95,35.48,60.89,55.83,34.94,60.84,53.57,84,45.385000000000005
pf_4555_c10,r,c45p45f1,0.075,37.9,78.43,52.86,38.31,79.03,52.23,41.57,81.93,54.87,113,45.379999999999995
pro_only,r,c45p45f1,0.15,35.86,74.93,54.87,39.52,71.37,53.79,33.73,65.66,50.0,90,45.364999999999995
pf_5050,r,c45p45f1,0.075,37.03,76.68,53.69,39.11,78.23,53.21,40.96,79.52,54.55,110,45.36
pf_4555_c10,r,fut_only,0.075,37.61,86.01,53.1,38.31,87.9,50.87,39.76,86.14,52.99,117,45.355000000000004
pf_5050,q,c3p3f4,0.1,33.82,62.1,56.88,38.71,62.1,53.49,39.16,67.47,56.38,94,45.35
pro_only,r,c3p3f4,0.15,36.15,66.76,54.49,36.29,60.48,55.37,31.93,66.27,46.15,91,45.32
v2_p0.53_f0.27_c0.20,q,c45p45f1,0.125,35.57,67.64,55.06,36.69,68.95,53.28,35.54,69.88,51.04,96,45.315
pf_5050,q,fut_only,0.125,34.99,64.43,55.62,33.06,64.92,51.59,36.14,67.47,54.35,92,45.305
pf_6040_c10neg,r,opt_only,0.05,36.73,84.26,53.88,40.73,83.87,54.82,39.16,81.33,53.15,111,45.305
pro_only,q,opt_only,0.1,37.61,81.92,53.0,39.92,80.65,55.35,35.54,76.51,50.0,104,45.305
v2_p0.53_f0.27_c0.20,r,opt_only,0.1,37.32,81.05,53.27,39.52,78.23,52.87,37.95,78.31,52.34,107,45.295
pf_5050,q,c4p4f2,0.125,33.24,55.1,57.34,35.08,58.06,55.65,34.34,60.24,53.01,83,45.290000000000006
pf_6040_c10neg,q,fut_only,0.1,34.99,61.22,55.56,31.45,60.48,51.72,33.13,66.27,51.69,89,45.275000000000006
pro_only,q,c2p2f6,0.1,37.32,76.09,53.2,36.29,79.03,50.0,37.35,78.31,48.62,109,45.260000000000005
pf_4555_c10,q,c45p45f1,0.075,37.32,76.09,53.2,37.9,75.81,54.36,39.76,78.92,54.63,108,45.260000000000005
v2_p0.53_f0.27_c0.20,r,c2p2f6,0.125,35.86,64.43,54.65,36.29,64.92,53.08,40.96,74.1,56.31,103,45.254999999999995
pro_only,r,fut_only,0.025,39.36,97.96,51.15,40.73,97.18,52.63,40.96,98.19,48.89,135,45.254999999999995
pro_only,r,c3p3f4,0.075,37.03,84.55,53.39,40.32,80.65,55.97,39.16,83.13,49.14,116,45.21
pf_6040,q,c4p4f2,0.1,34.99,67.06,55.43,36.69,67.74,54.48,36.14,66.87,53.26,92,45.21
fii_only,r,fut_only,0.2,37.03,84.55,53.39,36.69,79.44,49.37,43.98,88.55,55.74,122,45.21
fii_only,q,c4p4f2,0.05,37.9,82.22,52.51,42.34,84.68,53.8,41.57,89.16,54.55,121,45.205
pf_6040_c10neg,r,c3p3f4,0.1,33.53,59.18,56.86,35.89,56.85,53.45,33.73,62.05,53.57,84,45.195
pf_5050,q,fut_only,0.05,37.03,86.3,53.33,34.68,84.27,49.08,37.95,80.72,53.21,109,45.18
fii_only,r,opt_only,0.025,37.61,82.22,52.75,40.32,81.85,57.86,40.36,93.37,52.38,126,45.18
pf_4555_c10,q,c3p3f4,0.1,34.4,64.72,55.95,38.31,65.73,53.73,39.76,69.88,55.1,98,45.175
pf_5050,q,fut_only,0.1,36.44,72.89,53.89,33.06,70.56,49.64,36.14,72.29,53.06,98,45.165
pro_only,r,c45p45f1,0.125,36.44,78.72,53.88,39.52,74.19,54.36,34.34,73.49,49.0,100,45.16
pf_4555_c10,r,c45p45f1,0.1,36.73,73.76,53.57,37.5,71.77,54.23,40.96,74.1,54.81,104,45.15
pf_4555_c10,q,c4p4f2,0.15,32.94,52.19,57.35,35.08,52.82,55.14,33.73,57.23,53.16,79,45.144999999999996
pf_5050,r,c4p4f2,0.15,32.94,55.39,57.34,35.89,53.63,54.55,34.34,60.24,53.01,83,45.14
v2_p0.53_f0.27_c0.20,r,fut_only,0.125,35.28,69.68,54.95,34.68,71.37,51.8,34.94,71.69,51.55,97,45.115
pf_5050,q,opt_only,0.075,36.73,75.51,53.5,39.11,74.6,55.41,36.75,80.12,51.85,108,45.114999999999995
pf_6040_c10neg,r,c45p45f1,0.075,36.73,76.38,53.47,39.52,74.19,54.36,36.14,71.08,54.17,96,45.099999999999994
fii_only,q,fut_only,0.125,37.32,87.46,52.84,38.31,83.87,50.3,45.18,91.57,55.12,127,45.08
pf_6040_c10neg,q,c45p45f1,0.075,35.57,71.43,54.55,37.9,69.76,54.68,36.14,71.08,52.58,97,45.06
pf_5050,q,c4p4f2,0.075,36.15,71.43,53.97,37.1,73.79,52.74,40.36,78.31,54.63,108,45.06
pro_only,r,c2p2f6,0.15,37.03,72.3,53.09,35.48,71.77,51.77,37.35,73.49,48.08,104,45.06
pf_6040,r,c2p2f6,0.125,33.82,57.73,56.29,33.87,58.47,52.59,37.35,66.87,55.43,92,45.055
pro_only,r,c3p3f4,0.1,36.73,79.01,53.37,39.11,76.21,54.97,34.34,74.1,47.06,102,45.05
fii_only,r,c45p45f1,0.05,38.19,77.55,51.9,41.13,83.47,54.82,37.35,91.57,49.59,123,45.045
pro_only,q,fut_only,0.025,39.07,95.92,50.98,40.73,96.37,52.38,40.96,96.39,48.87,133,45.025
pf_6040,r,c3p3f4,0.125,33.24,60.35,56.77,35.89,57.66,53.85,34.34,65.66,52.81,89,45.005
pf_5050,r,c3p3f4,0.075,36.44,74.05,53.57,39.11,73.79,53.02,43.37,81.33,58.04,112,45.004999999999995
pf_5050,q,c4p4f2,0.1,33.82,62.68,56.17,36.29,65.73,54.62,36.75,66.87,52.69,93,44.995000000000005
pro_only,r,fut_only,0.075,38.78,93.29,51.21,41.53,90.73,53.33,39.76,92.17,48.82,127,44.995000000000005
fii_only,q,c3p3f4,0.15,36.44,68.22,53.55,39.92,64.92,51.82,43.98,72.29,58.25,103,44.995
pf_6040_c10neg,q,c2p2f6,0.1,31.49,51.31,58.46,32.26,48.79,52.04,31.33,60.84,51.85,81,44.975
pro_only,q,c2p2f6,0.125,36.73,69.97,53.19,37.1,71.77,53.52,35.54,72.89,48.51,101,44.959999999999994
pf_5050,r,c2p2f6,0.15,32.65,53.35,57.25,37.5,58.47,52.46,36.14,62.65,55.81,86,44.95
pf_4555_c10,r,c2p2f6,0.15,33.53,58.02,56.29,38.71,61.69,51.54,37.95,65.66,56.04,91,44.91
pro_only,r,c2p2f6,0.125,37.61,76.09,52.2,36.69,77.82,52.63,37.35,78.92,46.85,111,44.905
pf_6040,q,c4p4f2,0.125,32.94,59.77,56.86,35.48,58.47,54.7,34.94,61.45,52.94,85,44.9
pf_5050,q,c2p2f6,0.125,33.24,55.69,56.55,36.69,58.47,52.07,36.75,65.06,54.44,90,44.894999999999996
pf_6040,r,fut_only,0.125,34.99,68.51,54.75,34.27,69.35,51.85,31.93,68.67,48.91,92,44.870000000000005
pf_4555_c10,r,fut_only,0.1,36.73,82.8,53.0,35.89,81.45,50.31,39.76,79.52,54.13,109,44.864999999999995
fii_only,q,fut_only,0.15,37.03,85.42,52.68,38.71,81.45,50.92,45.18,89.16,55.65,124,44.855000000000004
pf_5050,r,fut_only,0.075,36.15,81.05,53.55,36.29,82.66,51.88,38.55,78.92,52.78,108,44.849999999999994
fii_only,q,c3p3f4,0.2,33.53,55.69,56.16,39.11,54.03,52.99,39.76,66.27,55.32,94,44.845
pf_6040_c10neg,q,c3p3f4,0.1,31.2,51.6,58.46,36.29,53.23,55.96,33.73,60.24,51.81,83,44.83
pf_4555_c10,q,opt_only,0.1,35.86,69.39,53.8,37.9,72.58,55.24,38.55,71.69,53.0,100,44.83
pro_only,r,fut_only,0.0,39.07,100.0,50.57,41.53,100.0,52.55,40.36,100.0,49.26,136,44.82
pro_only,q,fut_only,0.0,39.07,100.0,50.57,41.53,100.0,52.55,40.36,100.0,49.26,136,44.82
pro_only,r,c2p2f6,0.075,37.61,83.97,52.02,37.9,85.89,50.89,37.35,89.16,47.54,122,44.815
pf_6040,r,c2p2f6,0.15,31.49,50.73,58.14,33.47,49.6,52.48,32.53,60.24,53.09,81,44.815
pro_only,q,c45p45f1,0.15,35.57,70.26,54.05,37.5,69.35,53.24,31.33,66.27,50.0,88,44.81
pf_4555_c10,r,c4p4f2,0.15,34.11,58.89,55.48,35.89,57.26,54.31,36.14,62.65,54.02,87,44.795
pf_4555_c10,q,fut_only,0.075,37.32,83.97,52.25,35.08,79.03,50.0,40.36,83.73,54.39,114,44.785
pro_only,r,c3p3f4,0.125,36.15,72.89,53.37,38.31,68.95,55.07,33.13,70.48,46.39,97,44.76
pf_4555_c10,q,c45p45f1,0.125,33.53,61.52,55.97,36.69,64.11,55.91,35.54,64.46,52.81,89,44.75
pf_6040,q,c3p3f4,0.125,32.36,54.52,57.14,36.29,53.23,55.96,34.94,63.25,52.87,87,44.75
pro_only,q,c2p2f6,0.15,35.57,62.97,53.85,33.06,62.5,51.64,34.34,69.28,46.39,97,44.71
pf_5050,r,c4p4f2,0.1,36.15,69.68,53.23,38.71,68.95,55.8,39.16,72.89,54.46,101,44.69
v2_p0.53_f0.27_c0.20,r,opt_only,0.2,34.69,60.64,54.66,35.48,60.48,55.0,34.94,60.24,50.59,85,44.675
pf_5050,q,c45p45f1,0.1,34.69,65.6,54.65,36.69,68.15,54.07,36.75,69.28,52.08,96,44.67
pro_only,r,opt_only,0.2,35.28,70.55,54.05,34.68,62.5,52.42,34.94,62.05,50.57,87,44.665
pro_only,q,c45p45f1,0.2,33.53,60.06,55.77,34.27,56.05,53.57,32.53,53.61,52.7,74,44.650000000000006
fii_only,r,c4p4f2,0.15,35.28,54.81,54.0,37.5,58.06,54.17,36.75,66.27,54.95,91,44.64
pro_only,r,fut_only,0.15,37.03,84.26,52.25,37.9,80.65,52.2,37.35,80.12,48.65,111,44.64
pf_5050,r,c45p45f1,0.1,36.15,72.3,53.12,37.5,68.95,54.74,39.16,71.08,54.55,99,44.635
pf_6040,r,opt_only,0.075,36.44,83.38,52.75,41.53,81.05,54.6,39.16,80.72,53.64,110,44.595
pf_6040,r,c45p45f1,0.1,36.44,75.8,52.74,38.31,72.58,52.74,34.94,69.88,53.19,94,44.59
pf_6040,r,c45p45f1,0.125,34.69,68.22,54.49,35.89,65.73,55.04,35.54,65.06,52.22,90,44.59
pro_only,r,fut_only,0.125,37.9,88.05,51.28,39.52,84.68,53.29,38.55,83.73,49.14,116,44.59
v2_p0.53_f0.27_c0.20,r,c45p45f1,0.15,35.28,68.22,53.89,37.1,64.52,55.04,35.54,65.06,52.22,90,44.585
pro_only,r,c3p3f4,0.2,34.99,58.31,54.14,33.06,49.6,54.55,30.72,55.42,48.68,76,44.565
pro_only,q,fut_only,0.1,37.32,83.67,51.8,38.71,80.65,53.46,39.16,82.53,49.57,115,44.56
v2_p0.53_f0.27_c0.20,q,opt_only,0.125,35.57,69.1,53.55,37.1,71.37,52.82,36.14,71.08,51.02,98,44.56
fii_only,q,opt_only,0.025,37.03,81.92,52.07,41.53,82.66,58.02,40.96,92.77,53.6,125,44.55
pf_6040_c10neg,q,fut_only,0.125,32.65,53.94,56.43,30.24,52.42,51.49,28.92,60.24,49.37,79,44.54
pf_6040_c10neg,r,fut_only,0.125,33.82,57.73,55.26,32.66,60.89,52.54,33.13,63.86,54.12,85,44.54
pf_4555_c10,r,c4p4f2,0.125,35.28,65.01,53.76,35.89,65.73,53.85,35.54,68.07,52.69,93,44.519999999999996
pf_6040,q,c2p2f6,0.125,31.78,54.23,57.25,34.68,51.61,52.83,31.93,61.45,52.44,82,44.515
pf_5050,q,c45p45f1,0.075,36.15,72.59,52.85,37.9,75.0,54.05,39.16,77.11,53.77,106,44.5
pro_only,q,c3p3f4,0.1,34.99,71.72,54.01,36.69,70.56,53.96,36.14,74.1,48.54,103,44.5
pf_5050,r,c4p4f2,0.125,34.4,62.68,54.55,35.08,60.48,52.89,36.14,64.46,53.93,89,44.474999999999994
pf_6040,r,c4p4f2,0.15,33.53,60.35,55.41,36.29,55.24,56.25,32.53,60.84,50.6,83,44.47
pf_6040,q,c2p2f6,0.1,33.24,61.22,55.7,35.48,64.92,52.71,36.14,69.88,55.32,94,44.47
pf_6040_c10neg,r,fut_only,0.05,36.44,84.55,52.49,37.9,83.87,52.44,38.55,83.13,53.57,112,44.465
pf_4555_c10,q,c45p45f1,0.1,34.99,67.64,53.93,37.1,69.76,54.35,39.76,72.89,53.92,102,44.46
pro_only,r,c45p45f1,0.2,34.4,68.51,54.49,36.69,60.48,53.66,32.53,58.43,51.25,80,44.445
pf_4555_c10,q,opt_only,0.075,35.86,76.09,53.0,39.52,75.81,54.97,37.95,81.33,52.73,110,44.43
pf_6040_c10neg,r,c3p3f4,0.125,31.49,50.44,57.36,34.68,50.0,53.4,30.12,54.82,50.0,74,44.425
pf_4555_c10,r,c3p3f4,0.1,34.4,69.39,54.44,39.11,70.16,53.15,42.17,76.51,56.07,107,44.42
pro_only,r,opt_only,0.15,34.99,76.97,53.77,37.1,72.18,53.15,36.14,69.88,52.08,96,44.38
pf_6040_c10neg,r,c45p45f1,0.125,33.24,59.77,55.48,35.89,56.45,56.64,33.13,59.04,50.0,82,44.36
pf_5050,r,opt_only,0.075,35.86,80.47,52.86,39.92,77.82,53.85,36.75,79.52,50.93,108,44.36
pf_4555_c10,r,c3p3f4,0.125,34.11,62.1,54.6,38.31,63.31,52.67,38.55,68.67,54.17,96,44.355000000000004
pf_6040_c10neg,r,c45p45f1,0.1,34.11,67.06,54.6,36.69,62.9,56.0,36.14,64.46,52.22,90,44.355000000000004
pf_5050,q,c2p2f6,0.1,32.94,64.72,55.76,39.52,68.15,51.41,39.16,69.88,55.67,97,44.349999999999994
pf_6040_c10neg,q,c4p4f2,0.1,31.78,57.73,56.85,35.89,55.24,53.98,33.73,59.64,52.44,82,44.315
pf_4555_c10,r,opt_only,0.1,35.86,75.51,52.76,38.31,72.98,54.48,38.55,74.1,52.43,103,44.31
pf_4555_c10,q,c2p2f6,0.125,33.53,60.64,55.06,38.31,62.1,51.54,38.55,68.67,55.79,95,44.295
fii_only,q,c45p45f1,0.1,33.24,53.35,55.32,33.87,55.65,57.41,34.34,67.47,52.75,91,44.28
v2_p0.53_f0.27_c0.20,r,c45p45f1,0.2,33.53,57.43,54.97,34.68,55.24,58.33,33.13,60.24,50.6,83,44.25
pf_4555_c10,q,c4p4f2,0.075,36.15,73.18,52.31,38.31,77.02,52.94,42.17,81.93,55.75,113,44.230000000000004
v2_p0.53_f0.27_c0.20,q,fut_only,0.125,34.11,68.22,54.24,35.08,65.32,52.71,33.13,69.28,50.54,93,44.175
pro_only,q,opt_only,0.2,34.11,63.27,54.22,33.47,60.48,50.83,33.73,59.64,50.6,83,44.165
pf_4555_c10,q,c2p2f6,0.15,31.78,53.94,56.52,36.29,55.24,52.17,36.14,63.25,53.41,88,44.150000000000006
pf_5050,r,c3p3f4,0.1,33.82,65.01,54.44,37.9,66.53,53.33,40.96,73.49,55.34,103,44.129999999999995
fii_only,r,c3p3f4,0.2,34.4,64.14,53.85,40.32,58.87,52.76,37.95,68.67,54.74,95,44.125
pro_only,r,fut_only,0.1,37.61,90.96,50.62,40.73,87.1,53.18,38.55,87.35,49.17,120,44.114999999999995
pf_6040_c10neg,r,fut_only,0.1,34.4,65.01,53.8,33.06,68.15,51.91,35.54,70.48,52.08,96,44.099999999999994
pf_4555_c10,q,fut_only,0.15,34.11,65.89,54.07,33.87,62.1,51.22,36.14,69.88,52.08,96,44.09
fii_only,q,c2p2f6,0.2,34.69,65.89,53.45,39.11,62.9,50.0,41.57,72.89,56.86,102,44.07
pf_5050,r,opt_only,0.1,35.28,74.34,52.82,37.5,71.77,54.23,37.95,72.89,52.48,101,44.05
pf_6040,q,fut_only,0.125,33.53,63.56,54.55,32.66,61.29,52.1,32.53,66.87,50.0,90,44.04
pf_4555_c10,r,fut_only,0.125,35.28,75.22,52.79,34.68,74.6,52.08,38.55,74.7,53.4,103,44.035
pf_5050,q,opt_only,0.15,32.65,53.94,55.32,33.87,56.85,54.46,32.53,59.04,50.62,81,43.985
pro_only,r,c2p2f6,0.05,37.32,90.38,50.63,37.9,92.34,49.72,37.95,92.77,48.41,126,43.975
fii_only,q,fut_only,0.2,34.99,78.72,52.94,37.9,74.6,49.34,40.96,81.33,54.46,112,43.965
pf_5050,r,c45p45f1,0.125,34.4,65.31,53.49,35.89,63.71,54.76,34.94,66.27,51.65,91,43.945
v2_p0.53_f0.27_c0.20,r,fut_only,0.15,33.82,67.06,54.02,36.29,66.94,53.38,33.13,66.87,49.45,91,43.92
pro_only,q,c4p4f2,0.2,33.53,57.14,54.3,34.27,49.19,55.0,31.93,50.6,55.07,69,43.915
pro_only,r,fut_only,0.2,35.57,77.26,52.22,36.69,74.6,52.38,37.35,74.7,48.57,105,43.894999999999996
pf_5050,r,c45p45f1,0.15,33.53,58.02,54.25,37.1,59.27,57.14,33.73,62.65,51.16,86,43.89
pro_only,q,fut_only,0.125,35.86,79.88,51.9,37.5,76.21,54.36,37.95,79.52,48.65,111,43.879999999999995
v2_p0.53_f0.27_c0.20,r,c4p4f2,0.2,32.36,53.35,55.4,35.08,50.81,56.31,32.53,56.02,51.95,77,43.879999999999995
pf_6040,r,opt_only,0.15,34.11,65.6,53.49,35.08,64.52,53.54,34.34,63.86,49.44,89,43.8
pf_5050,r,fut_only,0.125,33.53,66.47,54.07,31.45,70.16,50.38,37.35,68.67,56.99,93,43.8
pf_6040_c10neg,q,fut_only,0.075,34.11,73.18,53.44,33.06,70.16,51.11,37.95,74.1,54.46,101,43.775
pf_6040,r,c3p3f4,0.15,32.07,52.77,55.47,35.08,52.42,52.78,32.53,59.04,50.62,81,43.769999999999996
pf_4555_c10,r,c45p45f1,0.15,34.11,61.52,53.37,37.1,60.48,57.02,34.34,63.86,51.14,88,43.739999999999995
pf_5050,q,c3p3f4,0.125,32.07,53.64,55.4,35.48,55.24,53.1,35.54,62.65,52.87,87,43.735
pf_6040,r,opt_only,0.1,34.99,78.43,52.45,39.52,73.79,54.73,36.75,75.9,50.96,104,43.72
pf_6040,q,c45p45f1,0.125,32.65,61.81,54.72,35.48,65.73,54.26,33.13,62.65,51.76,85,43.685
pf_6040,r,fut_only,0.15,34.11,64.14,53.25,32.26,62.9,50.82,31.33,65.66,48.86,88,43.68
pf_6040_c10neg,r,fut_only,0.15,32.65,52.77,54.68,32.26,52.82,55.88,28.31,56.02,50.68,73,43.665
pf_6040,r,c45p45f1,0.15,32.94,61.81,54.37,36.69,59.27,57.63,34.34,63.25,51.72,87,43.655
pf_6040_c10neg,q,c45p45f1,0.1,32.36,59.48,54.9,35.89,62.1,55.28,33.73,60.84,51.19,84,43.629999999999995
pf_5050,q,opt_only,0.1,34.11,66.76,53.14,37.5,72.18,54.93,37.95,70.48,53.06,98,43.625
pf_4555_c10,q,c45p45f1,0.15,32.94,52.77,54.29,36.29,59.27,55.46,33.13,59.64,51.22,82,43.614999999999995
pf_6040,q,opt_only,0.125,33.24,63.56,53.94,35.48,67.74,53.38,33.73,66.87,48.91,92,43.59
pf_4555_c10,r,c45p45f1,0.125,34.69,68.51,52.49,37.1,65.73,54.96,36.14,67.47,52.69,93,43.59
pf_4555_c10,r,fut_only,0.15,33.82,69.39,53.33,34.68,66.94,51.52,37.95,71.08,54.08,98,43.575
pf_6040_c10neg,r,opt_only,0.1,34.4,70.26,52.72,36.69,67.34,53.73,35.54,68.67,50.53,95,43.56
pf_4555_c10,r,opt_only,0.15,34.11,63.56,52.98,34.27,63.31,53.23,35.54,66.27,51.09,92,43.545
pf_5050,r,opt_only,0.15,33.53,61.22,53.42,34.68,60.89,54.17,35.54,63.86,51.69,89,43.475
pf_5050,q,c45p45f1,0.125,32.65,58.02,54.3,36.29,64.52,54.69,34.34,61.45,51.76,85,43.474999999999994
pf_6040,q,fut_only,0.15,32.65,58.02,54.3,29.84,54.84,49.06,30.12,60.84,49.38,81,43.474999999999994
pf_6040,q,c4p4f2,0.15,31.2,51.02,55.73,35.48,52.82,56.07,31.33,57.23,50.0,78,43.464999999999996
pro_only,q,fut_only,0.2,34.69,68.8,52.2,35.08,67.34,53.03,34.94,65.06,49.45,91,43.445
pf_6040,q,c45p45f1,0.15,31.49,54.23,55.4,34.68,58.06,54.78,31.93,58.43,50.0,80,43.445
pf_6040_c10neg,r,c4p4f2,0.125,31.78,57.43,55.1,35.89,52.42,54.63,32.53,59.04,50.62,81,43.44
pf_4555_c10,r,opt_only,0.125,34.11,69.68,52.75,37.1,69.35,54.74,37.35,69.88,52.58,97,43.43
fii_only,r,opt_only,0.075,34.11,53.64,52.74,35.48,63.31,58.2,34.34,80.72,49.07,108,43.425
v2_p0.53_f0.27_c0.20,q,fut_only,0.15,32.94,64.72,53.89,33.87,60.89,52.5,33.73,62.05,51.76,85,43.415
pf_6040_c10neg,r,opt_only,0.075,34.11,79.01,52.71,40.32,75.0,54.97,37.35,75.3,50.96,104,43.41
pf_6040_c10neg,r,fut_only,0.075,34.69,74.93,52.04,35.48,77.02,52.35,36.14,75.3,53.47,101,43.364999999999995
pf_5050,q,fut_only,0.15,31.78,59.48,54.61,32.26,58.06,50.88,36.14,63.25,55.17,87,43.195
pf_6040,r,opt_only,0.125,34.4,71.14,51.87,36.29,69.35,53.28,36.14,70.48,50.0,98,43.135
v2_p0.53_f0.27_c0.20,r,opt_only,0.125,34.69,76.38,51.5,38.71,72.98,54.11,36.75,74.7,50.49,103,43.095
pf_6040_c10neg,q,opt_only,0.1,32.36,62.1,53.75,35.89,66.94,53.79,34.34,65.06,50.0,90,43.055
v2_p0.53_f0.27_c0.20,r,opt_only,0.15,34.4,69.68,51.63,35.48,66.53,53.44,34.94,70.48,49.48,97,43.015
pf_6040_c10neg,r,opt_only,0.125,32.94,63.85,53.01,35.48,61.69,54.92,34.34,61.45,51.76,85,42.974999999999994
pro_only,q,fut_only,0.15,34.4,76.68,51.5,35.89,72.58,53.9,36.75,75.3,48.57,105,42.95
pf_5050,r,opt_only,0.125,34.11,67.35,51.69,35.48,66.53,53.44,37.35,68.07,52.63,95,42.9
pf_4555_c10,q,fut_only,0.2,31.2,52.77,54.41,29.84,52.82,47.12,30.72,56.63,51.32,76,42.805
fii_only,r,opt_only,0.05,34.4,65.89,51.14,37.5,71.77,56.43,36.14,86.14,50.43,115,42.769999999999996
fii_only,q,opt_only,0.075,31.49,50.44,53.79,37.1,62.1,60.33,33.73,75.9,49.02,102,42.64
v2_p0.53_f0.27_c0.20,q,fut_only,0.2,30.9,53.94,54.35,32.26,50.0,52.0,28.31,52.41,48.57,70,42.625
v2_p0.53_f0.27_c0.20,r,fut_only,0.2,31.49,60.64,53.55,32.26,56.45,52.73,31.33,56.63,50.65,77,42.519999999999996
pf_6040,q,opt_only,0.15,31.49,57.43,53.38,33.47,62.1,52.89,33.13,60.24,48.81,84,42.435
pf_6040_c10neg,q,c45p45f1,0.125,30.03,51.31,54.62,33.87,52.02,54.81,31.93,53.61,49.33,75,42.325
fii_only,q,opt_only,0.05,32.07,61.81,52.5,37.1,71.37,57.25,35.54,83.13,50.45,111,42.285
pf_5050,r,fut_only,0.1,32.94,72.89,51.6,33.06,75.4,50.69,39.76,74.1,55.88,102,42.269999999999996
v2_p0.53_f0.27_c0.20,q,opt_only,0.15,32.65,62.68,51.83,34.27,65.32,52.34,33.13,67.47,48.91,92,42.239999999999995
pro_only,r,c4p4f2,0.2,32.36,64.43,52.1,35.89,54.03,55.45,30.72,56.02,52.0,75,42.230000000000004
pf_5050,r,fut_only,0.15,31.78,59.48,52.6,32.26,64.11,50.81,36.75,65.06,57.95,88,42.19
v2_p0.53_f0.27_c0.20,q,c45p45f1,0.15,31.78,61.22,52.53,36.29,62.5,55.65,33.73,63.25,52.33,86,42.155
pf_4555_c10,q,opt_only,0.15,31.49,55.39,52.78,33.47,60.08,53.85,33.13,61.45,49.41,85,42.135
pf_4555_c10,q,opt_only,0.125,32.07,62.1,52.17,34.68,66.94,52.67,35.54,66.87,50.54,93,42.120000000000005
pf_4555_c10,r,fut_only,0.2,30.61,55.98,53.15,31.85,57.66,50.44,34.34,60.84,56.1,82,41.879999999999995
pf_6040,r,opt_only,0.2,31.49,53.35,52.14,35.08,53.63,57.01,31.93,56.63,50.0,78,41.815
v2_p0.53_f0.27_c0.20,q,opt_only,0.2,30.32,55.39,53.19,34.68,56.05,55.86,33.13,55.42,51.95,77,41.754999999999995
pf_5050,q,opt_only,0.125,31.2,59.18,51.63,34.68,64.11,53.17,34.94,63.86,50.56,89,41.415
pf_4555_c10,r,opt_only,0.2,31.49,52.48,51.08,35.48,52.42,58.1,32.53,58.43,49.38,81,41.285
pf_6040,r,c45p45f1,0.2,30.61,50.15,51.91,33.87,48.39,56.7,31.33,55.42,50.0,76,41.26
pf_6040_c10neg,q,opt_only,0.125,30.03,55.39,52.48,32.66,58.06,51.75,31.93,55.42,51.32,76,41.254999999999995
pf_6040_c10neg,r,opt_only,0.15,30.61,54.52,51.77,33.87,54.44,56.07,31.93,56.63,50.0,78,41.19
pf_6040_c10neg,r,c45p45f1,0.15,29.15,52.19,51.13,33.47,50.0,55.0,29.52,53.61,47.95,73,40.14
