protocol,block,model,period,n,exact,baseline,cov,sign,sign_n
walkforward,F1_index_q,logreg,dev2023_24,91,32.97,36.26,74.73,46.0,50
walkforward,F1_index_q,logreg,val2025,248,34.68,39.52,64.52,53.97,126
walkforward,F1_index_q,logreg,confirm2026,166,34.94,42.77,65.66,53.93,89
walkforward,F1_index_q,gbt,dev2023_24,91,34.07,36.26,82.42,50.0,54
walkforward,F1_index_q,gbt,val2025,248,40.32,39.52,87.1,54.39,171
walkforward,F1_index_q,gbt,confirm2026,166,42.77,42.77,93.37,55.56,126
walkforward,F1_index_q,ridge,dev2023_24,91,31.87,36.26,91.21,47.46,59
walkforward,F1_index_q,ridge,val2025,248,41.13,39.52,91.13,53.33,180
walkforward,F1_index_q,ridge,confirm2026,166,34.34,42.77,89.16,45.83,120
walkforward,F2_+fresh+sums,logreg,dev2023_24,91,31.87,36.26,71.43,43.75,48
walkforward,F2_+fresh+sums,logreg,val2025,248,33.06,39.52,58.06,52.63,114
walkforward,F2_+fresh+sums,logreg,confirm2026,166,36.75,42.77,66.87,52.69,93
walkforward,F2_+fresh+sums,gbt,dev2023_24,91,27.47,36.26,89.01,37.29,59
walkforward,F2_+fresh+sums,gbt,val2025,248,39.52,39.52,91.13,54.55,176
walkforward,F2_+fresh+sums,gbt,confirm2026,166,34.34,42.77,89.76,46.67,120
walkforward,F2_+fresh+sums,ridge,dev2023_24,91,36.26,36.26,97.8,49.23,65
walkforward,F2_+fresh+sums,ridge,val2025,248,41.53,39.52,93.55,52.97,185
walkforward,F2_+fresh+sums,ridge,confirm2026,166,43.98,42.77,88.55,57.02,121
walkforward,F3_+stock,logreg,dev2023_24,91,37.36,36.26,57.14,64.86,37
walkforward,F3_+stock,logreg,val2025,248,30.24,39.52,55.65,49.07,108
walkforward,F3_+stock,logreg,confirm2026,166,31.33,42.77,73.49,45.45,99
walkforward,F3_+stock,gbt,dev2023_24,91,29.67,36.26,81.32,40.74,54
walkforward,F3_+stock,gbt,val2025,248,38.31,39.52,89.52,50.57,176
walkforward,F3_+stock,gbt,confirm2026,166,33.13,42.77,98.8,41.04,134
walkforward,F3_+stock,ridge,dev2023_24,91,43.96,36.26,98.9,61.54,65
walkforward,F3_+stock,ridge,val2025,248,38.71,39.52,96.37,49.74,189
walkforward,F3_+stock,ridge,confirm2026,166,38.55,42.77,95.18,48.84,129
walkforward,F4_+price,logreg,dev2023_24,91,37.36,36.26,61.54,58.54,41
walkforward,F4_+price,logreg,val2025,248,37.1,39.52,70.56,56.93,137
walkforward,F4_+price,logreg,confirm2026,166,39.76,42.77,80.12,57.94,107
walkforward,F4_+price,gbt,dev2023_24,91,27.47,36.26,84.62,42.59,54
walkforward,F4_+price,gbt,val2025,248,38.71,39.52,89.11,52.3,174
walkforward,F4_+price,gbt,confirm2026,166,36.75,42.77,96.39,46.92,130
walkforward,F4_+price,ridge,dev2023_24,91,34.07,36.26,98.9,47.69,65
walkforward,F4_+price,ridge,val2025,248,43.95,39.52,98.79,55.67,194
walkforward,F4_+price,ridge,confirm2026,166,43.98,42.77,98.19,53.73,134
walkforward,F5_+vol,logreg,dev2023_24,91,34.07,36.26,59.34,46.34,41
walkforward,F5_+vol,logreg,val2025,248,35.48,39.52,62.1,55.74,122
walkforward,F5_+vol,logreg,confirm2026,166,41.57,42.77,85.54,52.1,119
walkforward,F5_+vol,gbt,dev2023_24,91,24.18,36.26,81.32,39.22,51
walkforward,F5_+vol,gbt,val2025,248,39.92,39.52,88.31,53.76,173
walkforward,F5_+vol,gbt,confirm2026,166,36.14,42.77,96.39,46.15,130
walkforward,F5_+vol,ridge,dev2023_24,91,35.16,36.26,97.8,50.0,64
walkforward,F5_+vol,ridge,val2025,248,44.76,39.52,97.98,58.12,191
walkforward,F5_+vol,ridge,confirm2026,166,43.37,42.77,96.39,54.2,131
frozen_dev,F1_index_q,logreg,dev2023_24,343,37.03,45.48,65.89,54.49,178
frozen_dev,F1_index_q,logreg,val2025,248,36.29,39.52,64.11,52.71,129
frozen_dev,F1_index_q,logreg,confirm2026,166,36.14,42.77,72.29,56.25,96
frozen_dev,F1_index_q,gbt,dev2023_24,343,78.72,45.48,86.3,87.69,260
frozen_dev,F1_index_q,gbt,val2025,248,41.13,39.52,89.11,54.86,175
frozen_dev,F1_index_q,gbt,confirm2026,166,39.16,42.77,87.95,52.1,119
frozen_dev,F1_index_q,ridge,dev2023_24,343,39.36,45.48,88.63,54.94,233
frozen_dev,F1_index_q,ridge,val2025,248,36.69,39.52,88.31,50.88,171
frozen_dev,F1_index_q,ridge,confirm2026,166,35.54,42.77,88.55,44.26,122
frozen_dev,F2_+fresh+sums,logreg,dev2023_24,343,48.69,45.48,66.76,65.62,192
frozen_dev,F2_+fresh+sums,logreg,val2025,248,26.61,39.52,47.98,47.78,90
frozen_dev,F2_+fresh+sums,logreg,confirm2026,166,25.3,42.77,34.94,48.94,47
frozen_dev,F2_+fresh+sums,gbt,dev2023_24,343,98.83,45.48,78.13,99.62,265
frozen_dev,F2_+fresh+sums,gbt,val2025,248,37.9,39.52,83.87,51.52,165
frozen_dev,F2_+fresh+sums,gbt,confirm2026,166,32.53,42.77,80.72,44.95,109
frozen_dev,F2_+fresh+sums,ridge,dev2023_24,343,47.52,45.48,96.5,63.14,255
frozen_dev,F2_+fresh+sums,ridge,val2025,248,39.11,39.52,91.13,52.25,178
frozen_dev,F2_+fresh+sums,ridge,confirm2026,166,40.36,42.77,93.37,48.84,129
frozen_dev,F3_+stock,logreg,dev2023_24,343,68.22,45.48,69.97,80.82,219
frozen_dev,F3_+stock,logreg,val2025,248,31.05,39.52,51.61,48.54,103
frozen_dev,F3_+stock,logreg,confirm2026,166,30.12,42.77,71.69,44.79,96
frozen_dev,F3_+stock,gbt,dev2023_24,343,100.0,45.48,77.26,100.0,265
frozen_dev,F3_+stock,gbt,val2025,248,39.11,39.52,85.08,54.22,166
frozen_dev,F3_+stock,gbt,confirm2026,166,37.35,42.77,98.19,46.62,133
frozen_dev,F3_+stock,ridge,dev2023_24,343,51.02,45.48,95.63,67.32,254
frozen_dev,F3_+stock,ridge,val2025,248,35.48,39.52,99.6,45.13,195
frozen_dev,F3_+stock,ridge,confirm2026,166,44.58,42.77,98.8,55.22,134
frozen_dev,F4_+price,logreg,dev2023_24,343,71.14,45.48,69.39,81.98,222
frozen_dev,F4_+price,logreg,val2025,248,33.87,39.52,51.21,52.88,104
frozen_dev,F4_+price,logreg,confirm2026,166,29.52,42.77,56.02,45.45,77
frozen_dev,F4_+price,gbt,dev2023_24,343,99.71,45.48,77.26,99.62,265
frozen_dev,F4_+price,gbt,val2025,248,35.48,39.52,86.29,49.7,167
frozen_dev,F4_+price,gbt,confirm2026,166,36.75,42.77,94.58,48.03,127
frozen_dev,F4_+price,ridge,dev2023_24,343,52.48,45.48,98.25,68.85,260
frozen_dev,F4_+price,ridge,val2025,248,39.11,39.52,97.58,48.7,193
frozen_dev,F4_+price,ridge,confirm2026,166,48.8,42.77,98.8,60.45,134
frozen_dev,F5_+vol,logreg,dev2023_24,343,77.84,45.48,73.47,85.29,238
frozen_dev,F5_+vol,logreg,val2025,248,31.85,39.52,51.61,49.04,104
frozen_dev,F5_+vol,logreg,confirm2026,166,30.72,42.77,81.33,41.82,110
frozen_dev,F5_+vol,gbt,dev2023_24,343,99.71,45.48,77.26,99.62,265
frozen_dev,F5_+vol,gbt,val2025,248,37.9,39.52,83.47,51.83,164
frozen_dev,F5_+vol,gbt,confirm2026,166,39.16,42.77,93.37,52.0,125
frozen_dev,F5_+vol,ridge,dev2023_24,343,56.27,45.48,96.21,73.15,257
frozen_dev,F5_+vol,ridge,val2025,248,41.13,39.52,97.58,52.88,191
frozen_dev,F5_+vol,ridge,confirm2026,166,45.18,42.77,98.8,55.97,134
