variant,max_bars,touch_pts,close_buffer_pts,institutional_only,calls,unique_signal_days,post_entry_hit_rate,post_entry_avg_signed_ret_pct,post_entry_median_signed_ret_pct,oc_direction_n,oc_direction_hit_rate,cc_direction_n,cc_direction_hit_rate,first15_direction_n,first15_direction_hit_rate,train_jul_aug_calls,confirm_sep_calls,train_jul_aug_post_hit_rate,confirm_sep_post_hit_rate
first1_bars_touch5_buf10_all,1,5.0,10.0,False,13,13,69.23076923076923,0.22988184816006235,0.20773312797829502,12,91.66666666666666,12,75.0,9,88.88888888888889,6,7,50.0,85.71428571428571
first1_bars_touch0_buf10_all,1,0.0,10.0,False,12,12,66.66666666666666,0.21107551840475677,0.18286117799274126,11,90.9090909090909,11,72.72727272727273,8,87.5,5,7,40.0,85.71428571428571
first1_bars_touch5_buf0_all,1,5.0,0.0,False,20,20,60.0,0.17821543529452105,0.11888357003112524,16,87.5,18,66.66666666666666,12,91.66666666666666,11,9,45.45454545454545,77.77777777777779
first2_bars_touch5_buf0_all,2,5.0,0.0,False,22,22,59.09090909090909,0.16772869162760107,0.1096529093319196,17,82.35294117647058,19,63.1578947368421,14,78.57142857142857,13,9,46.15384615384615,77.77777777777779
first4_bars_touch5_buf0_all,4,5.0,0.0,False,22,22,59.09090909090909,0.16772869162760107,0.1096529093319196,17,82.35294117647058,19,63.1578947368421,14,78.57142857142857,13,9,46.15384615384615,77.77777777777779
first8_bars_touch5_buf0_all,8,5.0,0.0,False,24,24,58.333333333333336,0.149052475173461,0.08979975594091094,18,83.33333333333334,21,61.904761904761905,14,78.57142857142857,15,9,46.666666666666664,77.77777777777779
first25_bars_touch5_buf0_all,25,5.0,0.0,False,24,24,58.333333333333336,0.149052475173461,0.08979975594091094,18,83.33333333333334,21,61.904761904761905,14,78.57142857142857,15,9,46.666666666666664,77.77777777777779
first1_bars_touch0_buf0_all,1,0.0,0.0,False,19,19,57.89473684210527,0.1636184684561417,0.07977791205506299,15,86.66666666666667,17,64.70588235294117,11,90.9090909090909,10,9,40.0,77.77777777777779
first2_bars_touch0_buf0_all,2,0.0,0.0,False,19,19,57.89473684210527,0.1636184684561417,0.07977791205506299,15,86.66666666666667,17,64.70588235294117,11,90.9090909090909,10,9,40.0,77.77777777777779
first8_bars_touch0_buf10_all,8,0.0,10.0,False,23,23,56.52173913043478,0.055574515113604055,0.08632457627642788,18,77.77777777777779,20,60.0,14,71.42857142857143,14,9,42.857142857142854,77.77777777777779
first8_bars_touch5_buf10_all,8,5.0,10.0,False,23,23,56.52173913043478,0.06048375431509514,0.08632457627642788,18,77.77777777777779,20,60.0,14,71.42857142857143,14,9,42.857142857142854,77.77777777777779
first4_bars_touch0_buf0_all,4,0.0,0.0,False,20,20,55.00000000000001,0.14925723866090984,0.06876303916764798,16,87.5,17,64.70588235294117,12,91.66666666666666,11,9,36.36363636363637,77.77777777777779
first4_bars_touch5_buf10_all,4,5.0,10.0,False,22,22,54.54545454545454,0.058695670428201334,0.08305124416574544,17,76.47058823529412,19,57.89473684210527,14,71.42857142857143,13,9,38.46153846153847,77.77777777777779
first8_bars_touch0_buf0_all,8,0.0,0.0,False,24,24,54.166666666666664,0.11096525644603288,0.06876303916764798,18,83.33333333333334,21,57.14285714285714,14,78.57142857142857,15,9,40.0,77.77777777777779
first25_bars_touch0_buf0_all,25,0.0,0.0,False,24,24,54.166666666666664,0.11096525644603288,0.06876303916764798,18,83.33333333333334,21,57.14285714285714,14,78.57142857142857,15,9,40.0,77.77777777777779
first25_bars_touch0_buf10_all,25,0.0,10.0,False,24,24,54.166666666666664,0.037480725001504574,0.08305124416574544,18,77.77777777777779,21,61.904761904761905,14,71.42857142857143,15,9,40.0,77.77777777777779
first25_bars_touch5_buf10_all,25,5.0,10.0,False,24,24,54.166666666666664,0.047045511176342404,0.08305124416574544,18,77.77777777777779,21,57.14285714285714,14,71.42857142857143,15,9,40.0,77.77777777777779
first4_bars_touch0_buf10_all,4,0.0,10.0,False,20,20,50.0,0.03619168219020984,0.04679356078968097,16,75.0,17,58.82352941176471,12,75.0,11,9,27.27272727272727,77.77777777777779
first1_bars_touch10_buf10_all,1,10.0,10.0,False,16,16,62.5,0.14979281079494397,0.1638409192105304,14,78.57142857142857,15,66.66666666666666,10,80.0,8,8,50.0,75.0
first1_bars_touch5_buf5_all,1,5.0,5.0,False,17,17,58.82352941176471,0.1764378531505149,0.15798922800718748,14,85.71428571428571,15,66.66666666666666,11,90.9090909090909,9,8,44.44444444444444,75.0
first1_bars_touch15_buf10_all,1,15.0,10.0,False,17,17,58.82352941176471,0.1417579336466893,0.15798922800718748,15,73.33333333333333,15,66.66666666666666,11,72.72727272727273,9,8,44.44444444444444,75.0
first1_bars_touch0_buf5_all,1,0.0,5.0,False,16,16,56.25,0.158992856145939,0.11888357003112524,13,84.61538461538461,14,64.28571428571429,10,90.0,8,8,37.5,75.0
first2_bars_touch5_buf10_all,2,5.0,10.0,False,21,21,52.38095238095239,0.04986411194576757,0.07977791205506299,16,75.0,18,55.55555555555556,14,71.42857142857143,13,8,38.46153846153847,75.0
first2_bars_touch0_buf10_all,2,0.0,10.0,False,18,18,50.0,0.025881446428921526,0.004722923569074347,14,78.57142857142857,16,56.25,11,81.81818181818183,10,8,30.0,75.0
first1_bars_touch10_buf0_inst,1,10.0,0.0,True,11,11,63.63636363636363,0.1503145967938211,0.16969261041387335,9,88.88888888888889,10,70.0,7,71.42857142857143,7,4,57.14285714285714,75.0
first1_bars_touch15_buf0_inst,1,15.0,0.0,True,11,11,63.63636363636363,0.1503145967938211,0.16969261041387335,9,88.88888888888889,10,70.0,7,71.42857142857143,7,4,57.14285714285714,75.0
first8_bars_touch10_buf0_inst,8,10.0,0.0,True,13,13,61.53846153846154,0.09561912188771365,0.15798922800718748,11,81.81818181818183,12,66.66666666666666,8,62.5,9,4,55.55555555555556,75.0
first1_bars_touch0_buf0_inst,1,0.0,0.0,True,10,10,60.0,0.14837679543181587,0.18286117799274126,9,88.88888888888889,9,66.66666666666666,6,83.33333333333334,6,4,50.0,75.0
first1_bars_touch5_buf0_inst,1,5.0,0.0,True,10,10,60.0,0.14837679543181587,0.18286117799274126,9,88.88888888888889,9,66.66666666666666,6,83.33333333333334,6,4,50.0,75.0
first2_bars_touch0_buf0_inst,2,0.0,0.0,True,10,10,60.0,0.14837679543181587,0.18286117799274126,9,88.88888888888889,9,66.66666666666666,6,83.33333333333334,6,4,50.0,75.0
first2_bars_touch5_buf0_inst,2,5.0,0.0,True,10,10,60.0,0.14837679543181587,0.18286117799274126,9,88.88888888888889,9,66.66666666666666,6,83.33333333333334,6,4,50.0,75.0
first4_bars_touch0_buf0_inst,4,0.0,0.0,True,10,10,60.0,0.14837679543181587,0.18286117799274126,9,88.88888888888889,9,66.66666666666666,6,83.33333333333334,6,4,50.0,75.0
first2_bars_touch10_buf0_inst,2,10.0,0.0,True,12,12,58.333333333333336,0.09526891539279324,0.1638409192105304,10,80.0,11,63.63636363636363,8,62.5,8,4,50.0,75.0
first2_bars_touch15_buf0_inst,2,15.0,0.0,True,12,12,58.333333333333336,0.09526891539279324,0.1638409192105304,10,80.0,11,63.63636363636363,8,62.5,8,4,50.0,75.0
first4_bars_touch10_buf0_inst,4,10.0,0.0,True,12,12,58.333333333333336,0.09526891539279324,0.1638409192105304,10,80.0,11,63.63636363636363,8,62.5,8,4,50.0,75.0
first8_bars_touch0_buf0_inst,8,0.0,0.0,True,12,12,58.333333333333336,0.10038304005344544,0.1289054139169732,11,81.81818181818183,11,63.63636363636363,7,71.42857142857143,8,4,50.0,75.0
first8_bars_touch0_buf5_inst,8,0.0,5.0,True,12,12,58.333333333333336,0.04225540411568677,0.11719872674806281,11,81.81818181818183,11,63.63636363636363,7,85.71428571428571,8,4,50.0,75.0
first8_bars_touch5_buf0_inst,8,5.0,0.0,True,12,12,58.333333333333336,0.10002259511851808,0.1289054139169732,11,81.81818181818183,11,63.63636363636363,7,71.42857142857143,8,4,50.0,75.0
first8_bars_touch5_buf5_inst,8,5.0,5.0,True,12,12,58.333333333333336,0.04225540411568677,0.11719872674806281,11,81.81818181818183,11,63.63636363636363,7,85.71428571428571,8,4,50.0,75.0
first4_bars_touch5_buf0_inst,4,5.0,0.0,True,11,11,54.54545454545454,0.1000408674177689,0.15798922800718748,10,80.0,10,60.0,7,71.42857142857143,7,4,42.857142857142854,75.0
first4_bars_touch15_buf0_inst,4,15.0,0.0,True,13,13,53.84615384615385,0.07221908341251118,0.15798922800718748,11,72.72727272727273,12,58.333333333333336,8,62.5,9,4,44.44444444444444,75.0
first8_bars_touch10_buf5_inst,8,10.0,5.0,True,13,13,53.84615384615385,-0.012095124948550529,0.09982159982675891,11,72.72727272727273,12,58.333333333333336,8,62.5,9,4,44.44444444444444,75.0
first8_bars_touch15_buf0_inst,8,15.0,0.0,True,13,13,53.84615384615385,0.07221908341251118,0.15798922800718748,11,72.72727272727273,12,58.333333333333336,8,62.5,9,4,44.44444444444444,75.0
first4_bars_touch10_buf5_inst,4,10.0,5.0,True,12,12,50.0,-0.021421518679826317,0.0321218943762262,10,70.0,11,54.54545454545454,8,62.5,8,4,37.5,75.0
first8_bars_touch0_buf10_inst,8,0.0,10.0,True,12,12,50.0,-0.06609217626743918,0.014744767454922307,11,72.72727272727273,11,54.54545454545454,7,85.71428571428571,8,4,37.5,75.0
first8_bars_touch5_buf10_inst,8,5.0,10.0,True,12,12,50.0,-0.06609217626743918,0.014744767454922307,11,72.72727272727273,11,54.54545454545454,7,85.71428571428571,8,4,37.5,75.0
first4_bars_touch0_buf5_inst,4,0.0,5.0,True,10,10,50.0,0.008348274544672418,0.0321218943762262,9,77.77777777777779,9,55.55555555555556,6,83.33333333333334,6,4,33.33333333333333,75.0
first4_bars_touch5_buf5_inst,4,5.0,5.0,True,10,10,50.0,0.008348274544672418,0.0321218943762262,9,77.77777777777779,9,55.55555555555556,6,83.33333333333334,6,4,33.33333333333333,75.0
first4_bars_touch15_buf5_inst,4,15.0,5.0,True,13,13,46.15384615384615,-0.035495163423752994,-0.0703320649169143,11,63.63636363636363,12,50.0,8,62.5,9,4,33.33333333333333,75.0
first8_bars_touch10_buf10_inst,8,10.0,10.0,True,13,13,46.15384615384615,-0.1091091863201173,-0.0703320649169143,11,63.63636363636363,12,50.0,8,62.5,9,4,33.33333333333333,75.0
first8_bars_touch15_buf5_inst,8,15.0,5.0,True,13,13,46.15384615384615,-0.035495163423752994,-0.0703320649169143,11,63.63636363636363,12,50.0,8,62.5,9,4,33.33333333333333,75.0
first4_bars_touch10_buf10_inst,4,10.0,10.0,True,12,12,41.66666666666667,-0.1265200851656903,-0.07819202262101269,10,60.0,11,45.45454545454545,8,62.5,8,4,25.0,75.0
first4_bars_touch0_buf10_inst,4,0.0,10.0,True,10,10,40.0,-0.11777000523836437,-0.07819202262101269,9,66.66666666666666,9,44.44444444444444,6,83.33333333333334,6,4,16.666666666666664,75.0
first4_bars_touch5_buf10_inst,4,5.0,10.0,True,10,10,40.0,-0.11777000523836437,-0.07819202262101269,9,66.66666666666666,9,44.44444444444444,6,83.33333333333334,6,4,16.666666666666664,75.0
first4_bars_touch15_buf10_inst,4,15.0,10.0,True,13,13,38.46153846153847,-0.13250922479531976,-0.08605198032511108,11,54.54545454545454,12,41.66666666666667,8,62.5,9,4,22.22222222222222,75.0
first8_bars_touch15_buf10_inst,8,15.0,10.0,True,13,13,38.46153846153847,-0.13250922479531976,-0.08605198032511108,11,54.54545454545454,12,41.66666666666667,8,62.5,9,4,22.22222222222222,75.0
first8_bars_touch10_buf0_all,8,10.0,0.0,False,26,26,61.53846153846154,0.16488328934890184,0.1280805250182461,20,80.0,23,60.86956521739131,14,78.57142857142857,16,10,56.25,70.0
first25_bars_touch10_buf0_all,25,10.0,0.0,False,26,26,61.53846153846154,0.16488328934890184,0.1280805250182461,20,80.0,23,60.86956521739131,14,78.57142857142857,16,10,56.25,70.0
first1_bars_touch10_buf0_all,1,10.0,0.0,False,22,22,59.09090909090909,0.16480862081351605,0.11888357003112524,17,82.35294117647058,20,60.0,13,84.61538461538461,12,10,50.0,70.0
first4_bars_touch10_buf0_all,4,10.0,0.0,False,24,24,58.333333333333336,0.1570134879756297,0.11805868113239815,18,77.77777777777779,21,57.14285714285714,14,78.57142857142857,14,10,50.0,70.0
first1_bars_touch15_buf0_all,1,15.0,0.0,False,23,23,56.52173913043478,0.15821693726834643,0.07977791205506299,18,77.77777777777779,20,60.0,14,78.57142857142857,13,10,46.15384615384615,70.0
first2_bars_touch10_buf0_all,2,10.0,0.0,False,23,23,56.52173913043478,0.15704279396545126,0.07977791205506299,18,77.77777777777779,20,60.0,14,78.57142857142857,13,10,46.15384615384615,70.0
first2_bars_touch15_buf0_all,2,15.0,0.0,False,23,23,56.52173913043478,0.15821693726834643,0.07977791205506299,18,77.77777777777779,20,60.0,14,78.57142857142857,13,10,46.15384615384615,70.0
first4_bars_touch15_buf0_all,4,15.0,0.0,False,25,25,56.00000000000001,0.14363800428123316,0.07977791205506299,19,73.68421052631578,22,54.54545454545454,14,78.57142857142857,15,10,46.666666666666664,70.0
first8_bars_touch15_buf0_all,8,15.0,0.0,False,27,27,55.55555555555556,0.1476212399934566,0.07977791205506299,21,71.42857142857143,24,54.166666666666664,15,73.33333333333333,17,10,47.05882352941176,70.0
first25_bars_touch15_buf0_all,25,15.0,0.0,False,27,27,55.55555555555556,0.1476212399934566,0.07977791205506299,21,71.42857142857143,24,54.166666666666664,15,73.33333333333333,17,10,47.05882352941176,70.0
first1_bars_touch10_buf5_all,1,10.0,5.0,False,19,19,57.89473684210527,0.16110128713503605,0.15798922800718748,15,80.0,17,58.82352941176471,12,83.33333333333334,10,9,50.0,66.66666666666666
first1_bars_touch15_buf5_all,1,15.0,5.0,False,20,20,55.00000000000001,0.153706217742015,0.11888357003112524,16,75.0,17,58.82352941176471,13,76.92307692307693,11,9,45.45454545454545,66.66666666666666
first8_bars_touch0_buf5_all,8,0.0,5.0,False,24,24,50.0,0.06024731741378627,0.004722923569074347,18,83.33333333333334,21,52.38095238095239,14,85.71428571428571,15,9,40.0,66.66666666666666
first8_bars_touch5_buf5_all,8,5.0,5.0,False,24,24,50.0,0.06905313707378397,0.03298625768154426,18,77.77777777777779,21,52.38095238095239,14,78.57142857142857,15,9,40.0,66.66666666666666
first25_bars_touch0_buf5_all,25,0.0,5.0,False,24,24,50.0,0.06024731741378627,0.004722923569074347,18,83.33333333333334,21,52.38095238095239,14,85.71428571428571,15,9,40.0,66.66666666666666
first25_bars_touch5_buf5_all,25,5.0,5.0,False,24,24,50.0,0.06905313707378397,0.03298625768154426,18,77.77777777777779,21,52.38095238095239,14,78.57142857142857,15,9,40.0,66.66666666666666
first2_bars_touch5_buf5_all,2,5.0,5.0,False,22,22,50.0,0.08045668642795337,0.03298625768154426,17,76.47058823529412,19,52.63157894736842,14,78.57142857142857,13,9,38.46153846153847,66.66666666666666
first4_bars_touch5_buf5_all,4,5.0,5.0,False,22,22,50.0,0.08045668642795337,0.03298625768154426,17,76.47058823529412,19,52.63157894736842,14,78.57142857142857,13,9,38.46153846153847,66.66666666666666
first2_bars_touch0_buf5_all,2,0.0,5.0,False,19,19,47.368421052631575,0.06256667296181279,-0.0703320649169143,15,80.0,17,52.94117647058824,11,90.9090909090909,10,9,30.0,66.66666666666666
first4_bars_touch0_buf5_all,4,0.0,5.0,False,20,20,45.0,0.053258032941297405,-0.07359352529886481,16,81.25,17,52.94117647058824,12,91.66666666666666,11,9,27.27272727272727,66.66666666666666
first25_bars_touch15_buf0_inst,25,15.0,0.0,True,15,15,53.333333333333336,0.08822207314404622,0.15798922800718748,13,69.23076923076923,14,57.14285714285714,8,62.5,9,6,44.44444444444444,66.66666666666666
first25_bars_touch15_buf5_inst,25,15.0,5.0,True,15,15,46.666666666666664,-0.005130274114049404,-0.0703320649169143,13,61.53846153846154,14,50.0,8,62.5,9,6,33.33333333333333,66.66666666666666
first25_bars_touch15_buf10_inst,25,15.0,10.0,True,15,15,40.0,-0.08920912730274061,-0.08605198032511108,13,53.84615384615385,14,42.857142857142854,8,62.5,9,6,22.22222222222222,66.66666666666666
first1_bars_touch10_buf5_inst,1,10.0,5.0,True,9,9,55.55555555555556,0.0958388305523364,0.16969261041387335,7,85.71428571428571,8,62.5,6,66.66666666666666,6,3,50.0,66.66666666666666
first1_bars_touch15_buf5_inst,1,15.0,5.0,True,9,9,55.55555555555556,0.0958388305523364,0.16969261041387335,7,85.71428571428571,8,62.5,6,66.66666666666666,6,3,50.0,66.66666666666666
first1_bars_touch0_buf5_inst,1,0.0,5.0,True,8,8,50.0,0.08660710806964428,0.06870053153069036,7,85.71428571428571,7,57.14285714285714,5,80.0,5,3,40.0,66.66666666666666
first1_bars_touch5_buf5_inst,1,5.0,5.0,True,8,8,50.0,0.08660710806964428,0.06870053153069036,7,85.71428571428571,7,57.14285714285714,5,80.0,5,3,40.0,66.66666666666666
first1_bars_touch10_buf10_inst,1,10.0,10.0,True,8,8,50.0,0.034208197802981545,0.049680272748479526,6,83.33333333333334,7,57.14285714285714,6,66.66666666666666,5,3,40.0,66.66666666666666
first1_bars_touch15_buf10_inst,1,15.0,10.0,True,8,8,50.0,0.034208197802981545,0.049680272748479526,6,83.33333333333334,7,57.14285714285714,6,66.66666666666666,5,3,40.0,66.66666666666666
first2_bars_touch10_buf5_inst,2,10.0,5.0,True,11,11,45.45454545454545,-0.03560309798429841,-0.0703320649169143,9,66.66666666666666,10,50.0,7,57.14285714285714,8,3,37.5,66.66666666666666
first2_bars_touch15_buf5_inst,2,15.0,5.0,True,11,11,45.45454545454545,-0.03560309798429841,-0.0703320649169143,9,66.66666666666666,10,50.0,7,57.14285714285714,8,3,37.5,66.66666666666666
first2_bars_touch0_buf5_inst,2,0.0,5.0,True,9,9,44.44444444444444,-0.0056770120247380505,-0.0703320649169143,8,75.0,8,50.0,5,80.0,6,3,33.33333333333333,66.66666666666666
first2_bars_touch5_buf5_inst,2,5.0,5.0,True,9,9,44.44444444444444,-0.0056770120247380505,-0.0703320649169143,8,75.0,8,50.0,5,80.0,6,3,33.33333333333333,66.66666666666666
first1_bars_touch0_buf10_inst,1,0.0,10.0,True,7,7,42.857142857142854,0.014853281715711288,-0.0703320649169143,6,83.33333333333334,6,50.0,5,80.0,4,3,25.0,66.66666666666666
first1_bars_touch5_buf10_inst,1,5.0,10.0,True,7,7,42.857142857142854,0.014853281715711288,-0.0703320649169143,6,83.33333333333334,6,50.0,5,80.0,4,3,25.0,66.66666666666666
first2_bars_touch10_buf10_inst,2,10.0,10.0,True,11,11,36.36363636363637,-0.15025607960524093,-0.08605198032511108,9,55.55555555555556,10,40.0,7,57.14285714285714,8,3,25.0,66.66666666666666
first2_bars_touch15_buf10_inst,2,15.0,10.0,True,11,11,36.36363636363637,-0.15025607960524093,-0.08605198032511108,9,55.55555555555556,10,40.0,7,57.14285714285714,8,3,25.0,66.66666666666666
first2_bars_touch0_buf10_inst,2,0.0,10.0,True,9,9,33.33333333333333,-0.14580843400589003,-0.08605198032511108,8,62.5,8,37.5,5,80.0,6,3,16.666666666666664,66.66666666666666
first2_bars_touch5_buf10_inst,2,5.0,10.0,True,9,9,33.33333333333333,-0.14580843400589003,-0.08605198032511108,8,62.5,8,37.5,5,80.0,6,3,16.666666666666664,66.66666666666666
first8_bars_touch10_buf5_all,8,10.0,5.0,False,26,26,53.84615384615385,0.09103774648766147,0.08979975594091094,20,75.0,23,52.17391304347826,14,78.57142857142857,16,10,50.0,60.0
first8_bars_touch10_buf10_all,8,10.0,10.0,False,26,26,53.84615384615385,0.050652621039141005,0.08979975594091094,20,70.0,23,52.17391304347826,14,71.42857142857143,16,10,50.0,60.0
first25_bars_touch10_buf5_all,25,10.0,5.0,False,26,26,53.84615384615385,0.09103774648766147,0.08979975594091094,20,75.0,23,52.17391304347826,14,78.57142857142857,16,10,50.0,60.0
first25_bars_touch10_buf10_all,25,10.0,10.0,False,26,26,53.84615384615385,0.050652621039141005,0.08979975594091094,20,70.0,23,52.17391304347826,14,71.42857142857143,16,10,50.0,60.0
first4_bars_touch10_buf5_all,4,10.0,5.0,False,24,24,50.0,0.07701414987595263,0.03298625768154426,18,72.22222222222221,21,47.61904761904761,14,78.57142857142857,14,10,42.857142857142854,60.0
first4_bars_touch10_buf10_all,4,10.0,10.0,False,24,24,50.0,0.033263597306722126,0.03298625768154426,18,66.66666666666666,21,47.61904761904761,14,71.42857142857143,14,10,42.857142857142854,60.0
first8_bars_touch15_buf5_all,8,15.0,5.0,False,27,27,48.148148148148145,0.0765107172381881,0.013199899274614766,21,66.66666666666666,24,45.83333333333333,15,73.33333333333333,17,10,41.17647058823529,60.0
first8_bars_touch15_buf10_all,8,15.0,10.0,False,27,27,48.148148148148145,0.03762133717664985,0.013199899274614766,21,61.904761904761905,24,45.83333333333333,15,66.66666666666666,17,10,41.17647058823529,60.0
first25_bars_touch15_buf5_all,25,15.0,5.0,False,27,27,48.148148148148145,0.0765107172381881,0.013199899274614766,21,66.66666666666666,24,45.83333333333333,15,73.33333333333333,17,10,41.17647058823529,60.0
first25_bars_touch15_buf10_all,25,15.0,10.0,False,27,27,48.148148148148145,0.03762133717664985,0.013199899274614766,21,61.904761904761905,24,45.83333333333333,15,66.66666666666666,17,10,41.17647058823529,60.0
first4_bars_touch15_buf5_all,4,15.0,5.0,False,25,25,48.0,0.06683863970554318,0.013199899274614766,19,68.42105263157895,22,45.45454545454545,14,78.57142857142857,15,10,40.0,60.0
first4_bars_touch15_buf10_all,4,15.0,10.0,False,25,25,48.0,0.024838109239081873,0.013199899274614766,19,63.1578947368421,22,45.45454545454545,14,71.42857142857143,15,10,40.0,60.0
first2_bars_touch10_buf5_all,2,10.0,5.0,False,23,23,47.82608695652174,0.0735652237744839,-0.013805396691974465,18,72.22222222222221,20,50.0,14,78.57142857142857,13,10,38.46153846153847,60.0
first2_bars_touch10_buf10_all,2,10.0,10.0,False,23,23,47.82608695652174,0.027912473267460762,-0.013805396691974465,18,66.66666666666666,20,50.0,14,71.42857142857143,13,10,38.46153846153847,60.0
first2_bars_touch15_buf5_all,2,15.0,5.0,False,23,23,47.82608695652174,0.07473936707737909,0.013199899274614766,18,72.22222222222221,20,50.0,14,78.57142857142857,13,10,38.46153846153847,60.0
first2_bars_touch15_buf10_all,2,15.0,10.0,False,23,23,47.82608695652174,0.029086616570355953,0.013199899274614766,18,66.66666666666666,20,50.0,14,71.42857142857143,13,10,38.46153846153847,60.0
first8_bars_touch25_buf0_all,8,25.0,0.0,False,28,28,46.42857142857143,0.12090589662673394,0.023533994131252588,22,63.63636363636363,25,52.0,15,60.0,18,10,38.88888888888889,60.0
first25_bars_touch25_buf0_all,25,25.0,0.0,False,28,28,46.42857142857143,0.12090589662673394,0.023533994131252588,22,63.63636363636363,25,52.0,15,60.0,18,10,38.88888888888889,60.0
first1_bars_touch25_buf0_all,1,25.0,0.0,False,26,26,46.15384615384615,0.11456554277460304,0.023533994131252588,20,65.0,23,52.17391304347826,14,64.28571428571429,16,10,37.5,60.0
first2_bars_touch25_buf0_all,2,25.0,0.0,False,26,26,46.15384615384615,0.11456554277460304,0.023533994131252588,20,65.0,23,52.17391304347826,14,64.28571428571429,16,10,37.5,60.0
first4_bars_touch25_buf0_all,4,25.0,0.0,False,26,26,46.15384615384615,0.11456554277460304,0.023533994131252588,20,65.0,23,52.17391304347826,14,64.28571428571429,16,10,37.5,60.0
first25_bars_touch0_buf10_inst,25,0.0,10.0,True,13,13,46.15384615384615,-0.07080701432804799,-0.0703320649169143,12,66.66666666666666,12,50.0,7,85.71428571428571,8,5,37.5,60.0
first25_bars_touch5_buf10_inst,25,5.0,10.0,True,14,14,42.857142857142854,-0.06542513658997094,-0.0328963954559416,12,66.66666666666666,13,46.15384615384615,8,87.5,9,5,33.33333333333333,60.0
first1_bars_touch25_buf10_all,1,25.0,10.0,False,21,21,42.857142857142854,0.08056434574672358,0.013199899274614766,17,58.82352941176471,19,52.63157894736842,11,54.54545454545454,12,9,33.33333333333333,55.55555555555556
first1_bars_touch25_buf5_all,1,25.0,5.0,False,24,24,41.66666666666667,0.09817044764699073,-0.0222741335028091,18,61.111111111111114,21,47.61904761904761,13,61.53846153846154,14,10,35.714285714285715,50.0
first8_bars_touch25_buf5_all,8,25.0,5.0,False,28,28,39.285714285714285,0.06520185645226224,-0.040872502658654886,22,59.09090909090909,25,44.0,15,60.0,18,10,33.33333333333333,50.0
first8_bars_touch25_buf10_all,8,25.0,10.0,False,28,28,39.285714285714285,0.02770138282149323,-0.040872502658654886,22,54.54545454545454,25,44.0,15,53.333333333333336,18,10,33.33333333333333,50.0
first25_bars_touch25_buf5_all,25,25.0,5.0,False,28,28,39.285714285714285,0.06520185645226224,-0.040872502658654886,22,59.09090909090909,25,44.0,15,60.0,18,10,33.33333333333333,50.0
first25_bars_touch25_buf10_all,25,25.0,10.0,False,28,28,39.285714285714285,0.02770138282149323,-0.040872502658654886,22,54.54545454545454,25,44.0,15,53.333333333333336,18,10,33.33333333333333,50.0
first2_bars_touch25_buf5_all,2,25.0,5.0,False,26,26,38.46153846153847,0.05457657643286426,-0.06404011559857363,20,60.0,23,43.47826086956522,14,64.28571428571429,16,10,31.25,50.0
first2_bars_touch25_buf10_all,2,25.0,10.0,False,26,26,38.46153846153847,0.014191450984343794,-0.06404011559857363,20,55.00000000000001,23,43.47826086956522,14,57.14285714285714,16,10,31.25,50.0
first4_bars_touch25_buf5_all,4,25.0,5.0,False,26,26,38.46153846153847,0.05457657643286426,-0.06404011559857363,20,60.0,23,43.47826086956522,14,64.28571428571429,16,10,31.25,50.0
first4_bars_touch25_buf10_all,4,25.0,10.0,False,26,26,38.46153846153847,0.014191450984343794,-0.06404011559857363,20,55.00000000000001,23,43.47826086956522,14,57.14285714285714,16,10,31.25,50.0
first25_bars_touch0_buf0_inst,25,0.0,0.0,True,15,15,53.333333333333336,0.07522383717611476,0.05114614805573056,13,76.92307692307693,14,57.14285714285714,8,75.0,9,6,55.55555555555556,50.0
first25_bars_touch0_buf5_inst,25,0.0,5.0,True,15,15,53.333333333333336,0.02872172842590787,0.05114614805573056,13,76.92307692307693,14,57.14285714285714,8,87.5,9,6,55.55555555555556,50.0
first25_bars_touch5_buf0_inst,25,5.0,0.0,True,15,15,53.333333333333336,0.07493548122817288,0.05114614805573056,13,76.92307692307693,14,57.14285714285714,8,75.0,9,6,55.55555555555556,50.0
first25_bars_touch5_buf5_inst,25,5.0,5.0,True,15,15,53.333333333333336,0.02872172842590787,0.05114614805573056,13,76.92307692307693,14,57.14285714285714,8,87.5,9,6,55.55555555555556,50.0
first25_bars_touch10_buf0_inst,25,10.0,0.0,True,15,15,53.333333333333336,0.06559756211012378,0.09982159982675891,13,69.23076923076923,14,57.14285714285714,8,62.5,9,6,55.55555555555556,50.0
first25_bars_touch10_buf5_inst,25,10.0,5.0,True,15,15,46.666666666666664,-0.02775478514797183,-0.0703320649169143,13,61.53846153846154,14,50.0,8,62.5,9,6,44.44444444444444,50.0
first25_bars_touch25_buf0_inst,25,25.0,0.0,True,15,15,46.666666666666664,0.06199623796441836,-0.0703320649169143,13,61.53846153846154,14,50.0,8,50.0,9,6,44.44444444444444,50.0
first25_bars_touch10_buf10_inst,25,10.0,10.0,True,15,15,40.0,-0.11183363833666303,-0.08605198032511108,13,53.84615384615385,14,42.857142857142854,8,62.5,9,6,33.33333333333333,50.0
first25_bars_touch25_buf5_inst,25,25.0,5.0,True,15,15,40.0,-0.031356109293677256,-0.08605198032511108,13,53.84615384615385,14,42.857142857142854,8,50.0,9,6,33.33333333333333,50.0
first25_bars_touch25_buf10_inst,25,25.0,10.0,True,15,15,33.33333333333333,-0.11543496248236847,-0.08749195239117458,13,46.15384615384615,14,35.714285714285715,8,50.0,9,6,22.22222222222222,50.0
first1_bars_touch25_buf0_inst,1,25.0,0.0,True,13,13,46.15384615384615,0.03861856270381584,-0.0703320649169143,11,63.63636363636363,12,50.0,8,50.0,9,4,44.44444444444444,50.0
first2_bars_touch25_buf0_inst,2,25.0,0.0,True,13,13,46.15384615384615,0.03861856270381584,-0.0703320649169143,11,63.63636363636363,12,50.0,8,50.0,9,4,44.44444444444444,50.0
first4_bars_touch25_buf0_inst,4,25.0,0.0,True,13,13,46.15384615384615,0.03861856270381584,-0.0703320649169143,11,63.63636363636363,12,50.0,8,50.0,9,4,44.44444444444444,50.0
first8_bars_touch25_buf0_inst,8,25.0,0.0,True,13,13,46.15384615384615,0.03861856270381584,-0.0703320649169143,11,63.63636363636363,12,50.0,8,50.0,9,4,44.44444444444444,50.0
first4_bars_touch25_buf5_inst,4,25.0,5.0,True,13,13,38.46153846153847,-0.06909568413244835,-0.08605198032511108,11,54.54545454545454,12,41.66666666666667,8,50.0,9,4,33.33333333333333,50.0
first8_bars_touch25_buf5_inst,8,25.0,5.0,True,13,13,38.46153846153847,-0.06909568413244835,-0.08605198032511108,11,54.54545454545454,12,41.66666666666667,8,50.0,9,4,33.33333333333333,50.0
first4_bars_touch25_buf10_inst,4,25.0,10.0,True,13,13,30.76923076923077,-0.16610974550401514,-0.08749195239117458,11,45.45454545454545,12,33.33333333333333,8,50.0,9,4,22.22222222222222,50.0
first8_bars_touch25_buf10_inst,8,25.0,10.0,True,13,13,30.76923076923077,-0.16610974550401514,-0.08749195239117458,11,45.45454545454545,12,33.33333333333333,8,50.0,9,4,22.22222222222222,50.0
first1_bars_touch25_buf5_inst,1,25.0,5.0,True,11,11,36.36363636363637,-0.026260888601036217,-0.08605198032511108,9,55.55555555555556,10,40.0,7,42.857142857142854,8,3,37.5,33.33333333333333
first2_bars_touch25_buf5_inst,2,25.0,5.0,True,12,12,33.33333333333333,-0.08606831228259959,-0.08677196635814283,10,50.0,11,36.36363636363637,7,42.857142857142854,9,3,33.33333333333333,33.33333333333333
first1_bars_touch25_buf10_inst,1,25.0,10.0,True,10,10,30.0,-0.08777536671585737,-0.08677196635814283,8,50.0,9,33.33333333333333,7,42.857142857142854,7,3,28.57142857142857,33.33333333333333
first2_bars_touch25_buf10_inst,2,25.0,10.0,True,12,12,25.0,-0.19116687876846358,-0.1476125401847348,10,40.0,11,27.27272727272727,7,42.857142857142854,9,3,22.22222222222222,33.33333333333333
