date,year,open,high,low,close,prev_close,gap_pct,gap_abs_pct,gap_side,fade_direction,gap_fill_prev_close
2017-04-06,2017,9248.05,9267.95,9218.85,9256.35,9256.9,-0.09560435999092963,0.09560435999092963,DOWN,UP,1.0
2017-04-11,2017,9183.47,9242.65,9172.85,9235.6,9176.95,0.07104757027115347,0.07104757027115347,UP,DOWN,1.0
2017-04-12,2017,9243.08,9246.4,9161.8,9200.95,9235.6,0.08099094807050504,0.08099094807050504,UP,DOWN,1.0
2017-04-13,2017,9207.0,9207.43,9144.95,9146.95,9200.95,0.06575407974175788,0.06575407974175788,UP,DOWN,1.0
2017-04-17,2017,9140.89,9160.0,9120.25,9139.55,9146.95,-0.06625159206075587,0.06625159206075587,DOWN,UP,1.0
2017-04-20,2017,9109.71,9143.9,9101.55,9136.6,9113.35,-0.039941404642653215,0.039941404642653215,DOWN,UP,1.0
2017-05-17,2017,9517.18,9532.6,9486.1,9517.5,9510.05,0.07497331770075888,0.07497331770075888,UP,DOWN,1.0
2017-05-23,2017,9447.29,9448.05,9370.0,9379.45,9439.3,0.0846461072325448,0.0846461072325448,UP,DOWN,1.0
2017-05-26,2017,9507.14,9604.95,9495.4,9581.25,9500.85,0.06620460274606013,0.06620460274606013,UP,DOWN,1.0
2017-05-30,2017,9591.93,9635.25,9581.2,9625.75,9598.4,-0.06740706784463395,0.06740706784463395,DOWN,UP,1.0
2017-06-09,2017,9637.34,9676.25,9608.15,9666.8,9642.35,-0.051958288176639694,0.051958288176639694,DOWN,UP,1.0
2017-06-13,2017,9613.62,9654.1,9595.4,9596.8,9618.05,-0.046059232380768166,0.046059232380768166,DOWN,UP,1.0
2017-06-15,2017,9618.02,9621.4,9560.8,9574.1,9615.25,0.028808403317650985,0.028808403317650985,UP,DOWN,1.0
2017-06-21,2017,9648.38,9650.45,9608.6,9636.65,9651.05,-0.027665383559302596,0.027665383559302596,DOWN,UP,0.0
2017-07-05,2017,9619.15,9643.65,9607.35,9641.25,9610.9,0.08584003579269371,0.08584003579269371,UP,DOWN,1.0
2017-08-04,2017,10007.2,10075.2,9988.35,10070.1,10004.6,0.025988045499074065,0.025988045499074065,UP,DOWN,1.0
2017-08-07,2017,10075.7999,10088.1,10046.2999,10050.2999,10070.1,0.05660221844867098,0.05660221844867098,UP,DOWN,1.0
2017-09-20,2017,10158.2,10171.0,10134.2,10139.6,10148.8999,0.09163653294087948,0.09163653294087948,UP,DOWN,1.0
2017-09-26,2017,9877.36,9891.35,9813.0,9854.95,9874.5,0.028963491822376647,0.028963491822376647,UP,DOWN,1.0
2017-10-05,2017,9927.57,9945.95,9881.85,9887.55,9923.65,0.039501594675347,0.039501594675347,UP,DOWN,1.0
2017-10-17,2017,10229.2999,10251.7999,10212.6,10238.3999,10232.5,-0.03127388223796746,0.03127388223796746,DOWN,UP,1.0
2017-10-26,2017,10299.1,10355.6,10271.7999,10334.3999,10292.6,0.0631521675767056,0.0631521675767056,UP,DOWN,1.0
2017-10-31,2017,10367.7,10368.0,10323.8999,10339.6,10364.8999,0.027015215072172416,0.027015215072172416,UP,DOWN,1.0
2017-11-15,2017,10172.0,10175.3999,10094.0,10129.6,10181.2,-0.0903626291596347,0.0903626291596347,DOWN,UP,0.0
2017-11-23,2017,10356.5,10374.2999,10307.2999,10351.5,10346.7,0.09471618970299005,0.09471618970299005,UP,DOWN,1.0
2017-12-13,2017,10236.5,10296.5,10169.7999,10201.6,10241.3999,-0.04784404522667202,0.04784404522667202,DOWN,UP,1.0
2017-12-27,2017,10530.8999,10552.3999,10469.2,10475.2,10525.7999,0.048452374626657725,0.048452374626657725,UP,DOWN,1.0
2018-01-01,2018,10534.5,10537.7999,10423.1,10435.0,10527.8999,0.06269151552247999,0.06269151552247999,UP,DOWN,1.0
2018-01-17,2018,10702.1,10803.0,10666.7,10793.8999,10711.2,-0.08495780118007658,0.08495780118007658,DOWN,UP,1.0
2018-01-19,2018,10828.0,10906.7999,10793.8999,10900.1,10822.3999,0.05174545435157738,0.05174545435157738,UP,DOWN,1.0
2018-01-22,2018,10903.7999,10975.1,10881.2999,10958.0,10900.1,0.03394372528692045,0.03394372528692045,UP,DOWN,1.0
2018-02-20,2018,10391.3999,10429.2999,10347.6,10357.3999,10387.3999,0.0385081929886997,0.0385081929886997,UP,DOWN,1.0
2018-03-01,2018,10481.2999,10525.5,10447.1,10450.2,10488.5,-0.06864756638222835,0.06864756638222835,DOWN,UP,1.0
2018-03-15,2018,10406.2999,10420.0,10346.1,10351.7999,10416.7,-0.09984064050995754,0.09984064050995754,DOWN,UP,1.0
2018-03-16,2018,10348.5,10348.6,10180.2,10220.1,10351.7999,-0.03187754817401348,0.03187754817401348,DOWN,UP,0.0
2018-03-19,2018,10213.8999,10224.5,10075.2999,10093.7,10220.1,-0.0606657469105001,0.0606657469105001,DOWN,UP,1.0
2018-04-06,2018,10324.2,10350.3999,10290.7999,10321.8999,10327.6,-0.032921491924548164,0.032921491924548164,DOWN,UP,1.0
2018-04-12,2018,10418.6,10469.8999,10395.2,10453.3999,10413.7999,0.04609364541372054,0.04609364541372054,UP,DOWN,1.0
2018-04-20,2018,10559.0,10582.2999,10527.3999,10577.5,10567.8999,-0.08421635409321339,0.08421635409321339,DOWN,UP,1.0
2018-04-24,2018,10578.7,10636.7999,10568.8999,10620.0,10582.7999,-0.03874116527516742,0.03874116527516742,DOWN,UP,1.0
2018-05-03,2018,10720.2,10720.6,10647.3999,10668.2999,10716.1,0.03826018794151197,0.03826018794151197,UP,DOWN,1.0
2018-05-18,2018,10670.6,10674.8999,10589.0,10605.5,10677.7999,-0.06742868444275318,0.06742868444275318,DOWN,UP,0.0
2018-05-21,2018,10609.5,10621.7,10505.7,10520.7999,10605.5,0.03771627928904814,0.03771627928904814,UP,DOWN,1.0
2018-05-22,2018,10517.2999,10558.6,10490.5,10543.2,10520.7999,-0.03326743245064474,0.03326743245064474,DOWN,UP,1.0
2018-05-25,2018,10531.2,10628.0,10524.0,10612.3999,10533.6,-0.022784233310545646,0.022784233310545646,DOWN,UP,1.0
2018-05-29,2018,10688.3999,10717.2,10616.1,10631.0,10682.5,0.055229581090571904,0.055229581090571904,UP,DOWN,1.0
2018-06-01,2018,10739.2999,10764.7,10681.5,10685.2999,10731.0,0.0773450750163077,0.0773450750163077,UP,DOWN,1.0
2018-06-05,2018,10630.0,10633.1,10550.8999,10605.1,10624.3999,0.052709800578945226,0.052709800578945226,UP,DOWN,1.0
2018-06-15,2018,10816.1,10834.0,10755.3999,10814.5,10810.1,0.05550364936494574,0.05550364936494574,UP,DOWN,1.0
2018-06-22,2018,10743.6,10836.8999,10710.3999,10823.8999,10741.2,0.02234387219304767,0.02234387219304767,UP,DOWN,1.0
2018-06-25,2018,10828.2999,10831.0,10753.0,10757.0,10823.8999,0.04065078244117572,0.04065078244117572,UP,DOWN,1.0
2018-06-28,2018,10661.2,10674.2,10557.7,10593.1,10667.0,-0.0543733008343421,0.0543733008343421,DOWN,UP,1.0
2018-07-11,2018,10954.8999,10976.6,10923.0,10944.1,10947.1,0.07125083355409176,0.07125083355409176,UP,DOWN,1.0
2018-07-17,2018,10936.0,11018.3999,10925.6,11014.7,10940.7999,-0.04387156372359922,0.04387156372359922,DOWN,UP,1.0
2018-07-20,2018,10964.7,11030.2,10946.2,11011.6,10967.2999,-0.02370592601374247,0.02370592601374247,DOWN,UP,1.0
2018-07-23,2018,11020.3999,11093.3999,11010.8999,11076.2,11011.6,0.079914817101965,0.079914817101965,UP,DOWN,1.0
2018-07-31,2018,11315.1,11366.0,11267.7,11357.1,11312.0,0.02740452616690562,0.02740452616690562,UP,DOWN,1.0
2018-08-01,2018,11361.5,11390.5,11313.5,11322.7999,11357.1,0.03874228456207691,0.03874228456207691,UP,DOWN,1.0
2018-08-02,2018,11330.0,11332.2,11234.8999,11239.7,11322.7999,0.0635893954109356,0.0635893954109356,UP,DOWN,1.0
2018-08-10,2018,11474.8999,11478.7,11419.6,11421.7999,11471.2,0.03225381825789469,0.03225381825789469,UP,DOWN,1.0
2018-08-29,2018,11747.6,11753.2,11678.7999,11688.8999,11743.6,0.03406110562348854,0.03406110562348854,UP,DOWN,1.0
2018-08-30,2018,11693.5,11698.7999,11639.7,11680.5,11688.8999,0.03935443060813324,0.03935443060813324,UP,DOWN,1.0
2018-09-05,2018,11516.0,11542.6,11393.7999,11470.5,11522.2999,-0.05467571626043147,0.05467571626043147,DOWN,UP,1.0
2018-09-18,2018,11381.7,11411.3999,11268.8999,11282.7,11370.6,0.09762017835470743,0.09762017835470743,UP,DOWN,1.0
2018-09-24,2018,11165.5,11170.1,10943.6,10974.8999,11161.2999,0.03763092146641468,0.03763092146641468,UP,DOWN,1.0
2018-09-25,2018,10972.0,11080.6,10882.7999,11078.0,10974.8999,-0.026423020040486595,0.026423020040486595,DOWN,UP,1.0
2018-10-01,2018,10931.7999,11035.6,10821.5,11014.8999,10934.0,-0.020121638924456012,0.020121638924456012,DOWN,UP,1.0
2018-11-05,2018,10560.1,10560.1,10477.0,10528.5,10557.0,0.02936440276594074,0.02936440276594074,UP,DOWN,1.0
2018-11-15,2018,10578.2,10646.5,10557.3999,10601.6,10567.8999,0.09746591184120114,0.09746591184120114,UP,DOWN,1.0
2018-11-22,2018,10614.5,10646.2,10512.0,10522.0,10605.6,0.08391793015010594,0.08391793015010594,UP,DOWN,1.0
2019-02-05,2019,10913.1,10956.7,10886.7,10936.2999,10910.3999,0.02474794713986625,0.02474794713986625,UP,DOWN,1.0
2019-02-07,2019,11072.7999,11118.0,11043.5,11054.0,11068.7999,0.03613761235307904,0.03613761235307904,UP,DOWN,1.0
2019-02-19,2019,10634.2,10722.7999,10585.6,10604.0,10631.6,0.02445539711802893,0.02445539711802893,UP,DOWN,1.0
2019-02-21,2019,10746.0,10808.7999,10721.5,10791.2,10742.3999,0.03351299554580589,0.03351299554580589,UP,DOWN,1.0
2019-02-22,2019,10783.3999,10801.5,10758.3999,10791.5,10791.2,-0.07228204462896048,0.07228204462896048,DOWN,UP,1.0
2019-04-11,2019,11593.2999,11606.7,11550.5,11603.3999,11582.7,0.09151493175165766,0.09151493175165766,UP,DOWN,1.0
2019-04-12,2019,11613.7999,11657.2999,11578.7,11631.6,11603.3999,0.08962890264602219,0.08962890264602219,UP,DOWN,1.0
2019-04-30,2019,11750.0,11756.2,11655.8999,11739.3999,11746.1,0.03320250976919689,0.03320250976919689,UP,DOWN,1.0
2019-05-02,2019,11730.2999,11789.2999,11699.5,11720.2,11739.3999,-0.07751673916483894,0.07751673916483894,DOWN,UP,1.0
2019-05-03,2019,11726.3999,11770.8999,11699.2999,11709.7999,11720.2,0.05289926793057811,0.05289926793057811,UP,DOWN,1.0
2019-05-08,2019,11487.3999,11487.3999,11346.8999,11363.5,11495.5,-0.07046322474011271,0.07046322474011271,DOWN,UP,0.0
2019-05-13,2019,11259.8999,11300.2,11125.6,11153.3999,11257.0,0.025760859909392763,0.025760859909392763,UP,DOWN,1.0
2019-05-14,2019,11151.1,11294.7,11108.2999,11238.8999,11153.3999,-0.020620618113047124,0.020620618113047124,DOWN,UP,1.0
2019-05-27,2019,11856.1,11957.1,11812.2999,11919.7999,11845.5,0.08948545861297846,0.08948545861297846,UP,DOWN,1.0
2019-05-30,2019,11869.2,11968.5,11859.3999,11946.5,11862.7999,0.05395100696253629,0.05395100696253629,UP,DOWN,1.0
2019-06-14,2019,11914.1,11914.2,11797.6,11810.7999,11905.5,0.0722355213976764,0.0722355213976764,UP,DOWN,1.0
2019-06-18,2019,11679.7,11727.2,11641.1,11699.5,11675.6,0.03511596834424238,0.03511596834424238,UP,DOWN,1.0
2019-06-24,2019,11725.3999,11754.0,11670.2,11702.2,11732.2999,-0.05881199814879977,0.05881199814879977,DOWN,UP,1.0
2019-06-26,2019,11768.0,11871.7999,11757.5,11840.8999,11776.2999,-0.07047969286176195,0.07047969286176195,DOWN,UP,1.0
2019-07-16,2019,11597.7,11670.0,11573.8999,11661.2999,11587.6,0.08716213883807142,0.08716213883807142,UP,DOWN,1.0
2019-07-17,2019,11672.3999,11706.6,11651.1,11686.6,11661.2999,0.09518664381490063,0.09518664381490063,UP,DOWN,1.0
2019-07-18,2019,11678.3999,11678.3999,11582.3999,11601.3999,11686.6,-0.0701666866325537,0.0701666866325537,DOWN,UP,0.0
2019-07-24,2019,11324.0,11359.7,11229.7,11267.3999,11328.5,-0.03972282296861897,0.03972282296861897,DOWN,UP,1.0
2019-08-20,2019,11062.7,11076.2999,10985.2,11023.3999,11054.2999,0.07598943466334533,0.07598943466334533,UP,DOWN,1.0
2019-08-21,2019,11017.0,11034.2,10906.6,10919.1,11023.3999,-0.05805740568298119,0.05805740568298119,DOWN,UP,1.0
2019-09-13,2019,10988.2999,11084.3999,10945.7,11080.8999,10980.7,0.0692114346079872,0.0692114346079872,UP,DOWN,1.0
2019-09-17,2019,11000.3999,11001.2,10796.5,10827.2,10994.1,0.05730255318761862,0.05730255318761862,UP,DOWN,1.0
2019-09-19,2019,10844.7999,10845.2,10670.2,10698.1,10847.5,-0.024891449642775017,0.024891449642775017,DOWN,UP,0.0
2019-11-01,2019,11886.6,11918.2999,11843.2999,11899.3999,11881.5,0.042923873248330295,0.042923873248330295,UP,DOWN,1.0
2019-11-06,2019,11914.0,12002.8999,11850.2,11960.7,11917.7,-0.031046258925805544,0.031046258925805544,DOWN,UP,1.0
2019-11-13,2019,11908.7,11946.7999,11823.2,11835.1,11913.1,-0.03693413133441032,0.03693413133441032,DOWN,UP,1.0
2019-11-22,2019,11971.2999,11973.0,11883.5,11916.7999,11964.3999,0.05767109138503165,0.05767109138503165,UP,DOWN,1.0
2019-11-25,2019,11921.2999,12084.5,11919.7,12078.7999,11916.7999,0.03776181556929558,0.03776181556929558,UP,DOWN,0.0
2019-11-29,2019,12146.2999,12147.3999,12017.3999,12047.5,12153.6,-0.06006533043707531,0.06006533043707531,DOWN,UP,0.0
2019-12-11,2019,11866.1,11923.2,11832.2,11913.2999,11860.8999,0.04384237320812412,0.04384237320812412,UP,DOWN,1.0
2019-12-19,2019,12223.6,12268.2999,12191.1,12260.7,12227.1,-0.02862493968316281,0.02862493968316281,DOWN,UP,1.0
2019-12-20,2019,12269.7,12293.7999,12252.7,12267.2,12260.7,0.07340527049842178,0.07340527049842178,UP,DOWN,1.0
2019-12-24,2019,12270.8999,12283.7,12202.1,12212.0,12266.0,0.03994700798956745,0.03994700798956745,UP,DOWN,1.0
2019-12-31,2019,12253.8999,12254.0,12151.7999,12177.1,12258.6,-0.03834124614556328,0.03834124614556328,DOWN,UP,0.0
2020-01-02,2020,12196.1,12289.8999,12195.2,12283.2,12187.3999,0.07138602221463186,0.07138602221463186,UP,DOWN,0.0
2020-01-14,2020,12334.2999,12374.2,12308.7,12360.2,12329.7999,0.03649694266327875,0.03649694266327875,UP,DOWN,1.0
2020-01-15,2020,12354.2999,12355.1,12278.7,12340.1,12360.2,-0.0477346644876357,0.0477346644876357,DOWN,UP,0.0
2020-01-16,2020,12348.6,12389.0,12315.7999,12353.6,12340.1,0.06888112738146368,0.06888112738146368,UP,DOWN,1.0
2020-01-23,2020,12119.3999,12189.0,12094.1,12179.6,12110.2999,0.07514264778860152,0.07514264778860152,UP,DOWN,1.0
2020-01-24,2020,12171.1,12272.1,12149.6,12252.8999,12179.6,-0.0697888272192847,0.0697888272192847,DOWN,UP,1.0
2020-04-13,2020,9107.98,9112.0,8912.4,9006.3,9100.15,0.08604253776036579,0.08604253776036579,UP,DOWN,1.0
2020-04-29,2020,9410.08,9599.8,9392.35,9535.4,9403.15,0.07369870734807263,0.07369870734807263,UP,DOWN,1.0
2020-05-06,2020,9225.41,9346.85,9116.45,9287.6,9221.35,0.04402826050415059,0.04402826050415059,UP,DOWN,1.0
2020-05-21,2020,9082.91,9178.55,9056.1,9102.85,9085.5,-0.028506961642178696,0.028506961642178696,DOWN,UP,1.0
2020-06-09,2020,10181.8999,10291.1,10021.3999,10027.2,10174.7999,0.06978024206648392,0.06978024206648392,UP,DOWN,1.0
2020-07-23,2020,11135.7999,11239.7999,11103.1,11235.8999,11143.8999,-0.07268550572677311,0.07268550572677311,DOWN,UP,1.0
2020-09-08,2020,11379.1,11437.2,11290.3999,11295.7999,11376.0,0.027250351617443425,0.027250351617443425,UP,DOWN,1.0
2020-09-11,2020,11455.8999,11493.5,11419.8999,11454.2999,11452.2,0.03230732959605679,0.03230732959605679,UP,DOWN,1.0
2020-10-13,2020,11944.1,11988.2,11888.8999,11923.2,11936.5,0.0636702550999067,0.0636702550999067,UP,DOWN,1.0
2020-10-14,2020,11918.3999,11997.2,11822.1,11966.0,11923.2,-0.04025848765432421,0.04025848765432421,DOWN,UP,1.0
2020-10-30,2020,11678.1,11748.8999,11535.3999,11646.2999,11670.7999,0.06255012563449386,0.06255012563449386,UP,DOWN,1.0
2020-12-07,2020,13267.4,13366.6,13241.9,13354.9,13271.7,-0.0323997679272519,0.0323997679272519,DOWN,UP,1.0
2020-12-21,2020,13748.7,13777.3999,13131.3999,13280.1,13743.6,0.03710818126255394,0.03710818126255394,UP,DOWN,1.0
2020-12-31,2020,13969.6,14024.7999,13936.3999,13967.1,13974.2999,-0.033632454102402766,0.033632454102402766,DOWN,UP,1.0
2021-01-12,2021,14470.7,14590.6,14432.7999,14573.2999,14482.5,-0.08147764543413963,0.08147764543413963,DOWN,UP,1.0
2021-01-14,2021,14551.2,14617.7999,14471.5,14599.0,14559.2,-0.054948074070003836,0.054948074070003836,DOWN,UP,1.0
2021-01-27,2021,14259.2,14260.2,13929.2999,13966.3999,14251.7,0.05262530084130314,0.05262530084130314,UP,DOWN,1.0
2021-02-10,2021,15117.2999,15168.2,14977.1,15137.5,15108.7,0.0569201850589346,0.0569201850589346,UP,DOWN,1.0
2021-02-12,2021,15188.1,15243.5,15080.8999,15165.7999,15176.6,0.07577454765889592,0.07577454765889592,UP,DOWN,1.0
2021-03-22,2021,14743.1,14763.8999,14597.7999,14745.1,14738.3999,0.03189016468470244,0.03189016468470244,UP,DOWN,1.0
2021-03-25,2021,14575.2999,14576.3999,14264.3999,14346.2999,14564.2999,0.0755271456611519,0.0755271456611519,UP,DOWN,1.0
2021-04-13,2021,14363.1,14528.8999,14274.8999,14524.2999,14356.2999,0.047366661656325415,0.047366661656325415,UP,DOWN,1.0
2021-04-15,2021,14532.2,14597.5,14353.2,14589.7,14524.2999,0.05439229466750922,0.05439229466750922,UP,DOWN,1.0
2021-04-16,2021,14598.7999,14697.7,14558.8999,14590.7999,14589.7,0.06237208441571281,0.06237208441571281,UP,DOWN,1.0
2021-04-27,2021,14492.7,14667.5,14484.7999,14658.7999,14488.8999,0.02622766411686221,0.02622766411686221,UP,DOWN,1.0
2021-05-31,2021,15447.3999,15606.2999,15374.0,15577.2,15454.7,-0.04723546882178486,0.04723546882178486,DOWN,UP,1.0
2021-06-29,2021,15818.5,15835.8999,15724.0,15749.2999,15824.7,-0.039179257742647425,0.039179257742647425,DOWN,UP,1.0
2021-06-30,2021,15764.2999,15839.1,15708.7,15729.7999,15749.2999,0.0952423288352011,0.0952423288352011,UP,DOWN,1.0
2021-07-02,2021,15708.3999,15738.2999,15635.8999,15729.5,15693.0,0.09813228828140154,0.09813228828140154,UP,DOWN,1.0
2021-07-14,2021,15802.0,15877.2999,15764.2,15845.7,15808.3999,-0.040484173227426666,0.040484173227426666,DOWN,UP,1.0
2021-07-26,2021,15862.7999,15893.2999,15797.0,15820.3999,15849.7,0.08265077572445695,0.08265077572445695,UP,DOWN,1.0
2021-08-07,2021,16238.2002,17886.8496,15580.2998,16848.4492,16252.7,-0.08921471509350086,0.08921471509350086,DOWN,UP,1.0
2021-08-26,2021,16627.2,16683.7,16603.4,16635.0999,16636.2,-0.05409889277599452,0.05409889277599452,DOWN,UP,1.0
2021-08-31,2021,16951.2,17153.4,16915.7999,17129.9,16938.7999,0.07320530423172972,0.07320530423172972,UP,DOWN,1.0
2021-09-13,2021,17362.7999,17378.2999,17269.0999,17351.3008,17358.0,0.027652379306382063,0.027652379306382063,UP,DOWN,1.0
2021-09-15,2021,17389.7,17532.5999,17386.9,17517.7999,17381.9004,0.04487196348220993,0.04487196348220993,UP,DOWN,0.0
2021-09-22,2021,17578.9,17610.4,17524.0,17548.4,17566.2999,0.07172882207253933,0.07172882207253933,UP,DOWN,1.0
2021-09-30,2021,17718.7999,17742.0999,17585.2999,17607.5,17709.7999,0.05081932066324476,0.05081932066324476,UP,DOWN,1.0
2021-10-22,2021,18232.25,18313.3496,18035.0508,18111.5,18219.5996,0.06943291991992308,0.06943291991992308,UP,DOWN,1.0
2021-10-27,2021,18297.0508,18340.75,18168.0996,18181.5,18308.9492,-0.06498679891469807,0.06498679891469807,DOWN,UP,1.0
2021-11-04,2021,17829.1992,17829.1992,17829.1992,17829.1992,17833.0,-0.02131329557562323,0.02131329557562323,DOWN,UP,0.0
2021-11-09,2021,18084.3496,18112.0996,17983.0996,18050.8496,18080.6992,0.020189484707550824,0.020189484707550824,UP,DOWN,1.0
2021-11-13,2021,18102.75,19950.5996,17955.5996,18808.4004,18098.6504,0.022651412726339935,0.022651412726339935,UP,DOWN,1.0
2021-11-18,2021,17894.5508,17945.3496,17688.8496,17745.25,17887.1992,0.041099782687061374,0.041099782687061374,UP,DOWN,1.0
2021-12-06,2021,17203.5996,17210.8496,16893.5996,16909.3008,17210.3008,-0.03893714629322177,0.03893714629322177,DOWN,UP,1.0
2021-12-10,2021,17487.5508,17534.0508,17405.5,17499.1992,17502.6504,-0.08627036280172594,0.08627036280172594,DOWN,UP,1.0
2021-12-15,2021,17335.5996,17350.5,17193.25,17208.3008,17319.5,0.09295649412512702,0.09295649412512702,UP,DOWN,1.0
2021-12-17,2021,17292.4492,17292.4492,16966.75,16994.0508,17285.5996,0.03962604803132045,0.03962604803132045,UP,DOWN,1.0
2021-12-29,2021,17219.8496,17285.75,17176.9492,17189.5508,17233.3496,-0.07833648311759427,0.07833648311759427,DOWN,UP,1.0
2022-01-05,2022,17811.5508,17944.1992,17750.0996,17907.6992,17807.3496,0.02359250587184247,0.02359250587184247,UP,DOWN,1.0
2022-01-08,2022,17812.6992,17812.6992,17812.6992,17812.6992,17818.1992,-0.030867316827392976,0.030867316827392976,DOWN,UP,0.0
2022-01-17,2022,18246.6992,18321.0508,18234.0508,18309.6992,18234.8008,0.06525105555306213,0.06525105555306213,UP,DOWN,1.0
2022-01-19,2022,18121.0996,18121.0996,17885.3008,17941.4492,18113.8008,0.04029413859956152,0.04029413859956152,UP,DOWN,1.0
2022-01-20,2022,17934.3008,17934.3008,17648.8496,17782.9492,17941.4492,-0.039842935318726756,0.039842935318726756,DOWN,UP,0.0
2022-03-15,2022,16893.0508,16926.8496,16555.6992,16645.0,16886.4004,0.0393831713240808,0.0393831713240808,UP,DOWN,1.0
2022-03-22,2022,17120.5508,17332.1992,17006.4004,17328.75,17113.8496,0.03915659046109366,0.03915659046109366,UP,DOWN,1.0
2022-03-28,2022,17181.85,17234.4004,17004.0996,17214.6992,17177.9492,0.022708182185097132,0.022708182185097132,UP,DOWN,1.0
2022-04-30,2022,17102.5508,17968.1504,16179.0498,17667.9004,17111.5996,-0.05288108775056005,0.05288108775056005,DOWN,UP,1.0
2022-05-23,2022,16290.9502,16414.3496,16187.4502,16191.6504,16278.7002,0.07525170836428328,0.07525170836428328,UP,DOWN,1.0
2022-06-01,2022,16594.4004,16648.5,16439.0508,16540.8008,16578.25,0.09741920890322335,0.09741920890322335,UP,DOWN,1.0
2022-06-15,2022,15729.25,15783.4502,15679.7002,15682.9004,15741.9502,-0.08067742457982947,0.08067742457982947,DOWN,UP,1.0
2022-06-30,2022,15774.5,15889.6504,15730.4004,15735.9004,15783.3496,-0.05606921359709066,0.05606921359709066,DOWN,UP,1.0
2022-07-27,2022,16475.3496,16652.5508,16439.6992,16642.75,16466.5508,0.053434384084859364,0.053434384084859364,UP,DOWN,1.0
2022-08-08,2022,17401.5,17548.6992,17361.0,17527.8496,17389.0508,0.07159217684267796,0.07159217684267796,UP,DOWN,1.0
2022-09-19,2022,17540.6504,17665.9492,17431.0,17631.8496,17550.0996,-0.053841289880786465,0.053841289880786465,DOWN,UP,1.0
2022-10-03,2022,17102.0996,17113.1504,16855.5996,16876.0,17107.1992,-0.02980967217589736,0.02980967217589736,DOWN,UP,1.0
2022-10-11,2022,17256.0508,17261.8008,16950.6504,16964.1504,17252.4492,0.020875876568306497,0.020875876568306497,UP,DOWN,1.0
2022-11-04,2022,18053.4004,18134.1992,18017.5,18127.9004,18046.5508,0.037955175345738286,0.037955175345738286,UP,DOWN,1.0
2022-11-25,2022,18528.4492,18534.6992,18445.5,18498.4004,18510.8496,0.09507721352777744,0.09507721352777744,UP,DOWN,1.0
2022-12-05,2022,18719.5508,18728.5996,18591.9492,18694.0508,18705.1992,0.07672519199903406,0.07672519199903406,UP,DOWN,1.0
2022-12-07,2022,18638.8496,18668.0508,18529.0996,18551.5508,18647.8008,-0.04800137075681073,0.04800137075681073,DOWN,UP,1.0
2022-12-19,2022,18288.0996,18431.25,18244.6504,18426.1992,18270.0996,0.09852163039111182,0.09852163039111182,UP,DOWN,1.0
2022-12-26,2022,17830.4004,18083.5,17775.5508,18009.5996,17824.0996,0.035349892232409044,0.035349892232409044,UP,DOWN,1.0
2023-01-02,2023,18131.6992,18215.0996,18087.5508,18208.9492,18117.0508,0.08085421938541022,0.08085421938541022,UP,DOWN,1.0
2023-01-04,2023,18230.6504,18241.1992,18022.5996,18036.8496,18234.3008,-0.02001941308329335,0.02001941308329335,DOWN,UP,1.0
2023-01-06,2023,18008.0508,18046.5996,17796.1504,17863.5,17999.8008,0.045833840561168876,0.045833840561168876,UP,DOWN,1.0
2023-01-18,2023,18074.3008,18183.1992,18032.5996,18163.8008,18056.8008,0.09691639285293549,0.09691639285293549,UP,DOWN,1.0
2023-01-25,2023,18093.3496,18100.5996,17846.5996,17910.0508,18101.1504,-0.04309560347057971,0.04309560347057971,DOWN,UP,0.0
2023-02-06,2023,17818.5508,17820.75,17698.9004,17762.0,17830.8008,-0.06870134514653992,0.06870134514653992,DOWN,UP,0.0
2023-02-13,2023,17859.0996,17879.8008,17720.25,17764.5508,17843.3496,0.08826818031968617,0.08826818031968617,UP,DOWN,1.0
2023-03-24,2023,17076.1992,17108.5508,16918.5,16932.5996,17068.4492,0.04540541386735943,0.04540541386735943,UP,DOWN,1.0
2023-04-13,2023,17807.3008,17841.5,17729.6992,17828.1504,17817.9004,-0.05948849057433129,0.05948849057433129,DOWN,UP,1.0
2023-04-19,2023,17653.3496,17665.5996,17580.0,17610.1992,17661.5508,-0.046435333413640645,0.046435333413640645,DOWN,UP,1.0
2023-04-21,2023,17639.75,17662.5,17554.0996,17618.9004,17623.9004,0.08993241927309902,0.08993241927309902,UP,DOWN,1.0
2023-04-25,2023,17761.5508,17807.25,17717.3008,17760.3496,17748.0,0.076351138156417,0.076351138156417,UP,DOWN,1.0
2023-04-26,2023,17767.3008,17826.8008,17711.9492,17818.1992,17760.3496,0.039138869203337735,0.039138869203337735,UP,DOWN,1.0
2023-04-27,2023,17813.0996,17931.25,17798.1992,17923.1992,17818.1992,-0.028620176162346057,0.028620176162346057,DOWN,UP,1.0
2023-05-22,2023,18201.1,18334.8,18179.55,18303.3,18205.45,-0.02389394384649752,0.02389394384649752,DOWN,UP,1.0
2023-05-25,2023,18268.9,18337.0,18202.8,18335.9,18287.0,-0.09897741565045412,0.09897741565045412,DOWN,UP,1.0
2023-05-30,2023,18606.65,18661.8,18577.55,18639.95,18601.1,0.029836945126916748,0.029836945126916748,UP,DOWN,1.0
2023-06-08,2023,18725.35,18777.8,18615.95,18646.9,18730.35,-0.026694642652166135,0.026694642652166135,DOWN,UP,1.0
2023-06-09,2023,18655.9,18676.25,18555.7,18567.3,18646.9,0.04826539532040178,0.04826539532040178,UP,DOWN,1.0
2023-06-13,2023,18631.8,18727.75,18631.8,18718.65,18614.9,0.09078748744284318,0.09078748744284318,UP,DOWN,0.0
2023-06-21,2023,18849.4,18875.65,18794.9,18862.1,18833.7,0.08336120889682179,0.08336120889682179,UP,DOWN,1.0
2023-06-22,2023,18853.6,18886.05,18760.6,18779.35,18862.1,-0.045063911229396514,0.045063911229396514,DOWN,UP,1.0
2023-06-26,2023,18682.35,18721.75,18647.65,18694.7,18668.55,0.07392111331624188,0.07392111331624188,UP,DOWN,1.0
2023-07-20,2023,19831.7,19990.8,19758.45,19969.95,19847.15,-0.07784492987658544,0.07784492987658544,DOWN,UP,1.0
2023-08-09,2023,19578.8,19645.2,19468.25,19630.95,19570.8,0.04087722525394976,0.04087722525394976,UP,DOWN,1.0
2023-08-11,2023,19554.25,19557.6,19413.8,19424.25,19549.2,0.0258322591205741,0.0258322591205741,UP,DOWN,1.0
2023-09-18,2023,20155.95,20194.35,20117.8,20123.65,20169.0,-0.06470325747433821,0.06470325747433821,DOWN,UP,1.0
2023-09-22,2023,19744.85,19798.2,19658.5,19684.6,19748.85,-0.020254343923823415,0.020254343923823415,DOWN,UP,1.0
2023-09-25,2023,19678.2,19733.9,19602.05,19674.85,19684.6,-0.03251272568402618,0.03251272568402618,DOWN,UP,1.0
2023-09-26,2023,19682.8,19698.8,19637.85,19673.6,19674.85,0.040406915427567316,0.040406915427567316,UP,DOWN,1.0
2023-10-03,2023,19622.4,19623.2,19480.1,19522.95,19638.2,-0.08045543888950756,0.08045543888950756,DOWN,UP,0.0
2023-10-12,2023,19822.7,19841.8,19773.65,19782.9,19808.5,0.0716863972537079,0.0716863972537079,UP,DOWN,1.0
2023-10-25,2023,19286.45,19346.7,19075.1,19125.65,19278.45,0.04149711206035755,0.04149711206035755,UP,DOWN,1.0
2023-10-30,2023,19053.4,19157.35,18940.15,19148.85,19060.5,-0.03724980981610422,0.03724980981610422,DOWN,UP,1.0
2023-11-07,2023,19404.05,19422.55,19329.75,19417.2,19411.85,-0.040181641626116385,0.040181641626116385,DOWN,UP,1.0
2023-11-20,2023,19731.15,19755.55,19671.2,19693.65,19719.7,0.058063763647523685,0.058063763647523685,UP,DOWN,1.0
2023-11-23,2023,19828.45,19874.55,19787.65,19811.0,19810.6,0.09010327804307887,0.09010327804307887,UP,DOWN,1.0
2023-11-30,2023,20108.5,20157.35,20017.9,20127.2,20096.2,0.061205601058903034,0.061205601058903034,UP,DOWN,1.0
2023-12-08,2023,20934.1,21005.75,20863.05,20972.1,20916.1,0.08605810834715842,0.08605810834715842,UP,DOWN,1.0
2023-12-11,2023,20965.3,21025.6,20923.7,21000.05,20972.1,-0.032424030020833744,0.032424030020833744,DOWN,UP,1.0
2023-12-12,2023,21018.55,21037.85,20867.65,20900.4,21000.05,0.08809502834517062,0.08809502834517062,UP,DOWN,1.0
2023-12-18,2023,21434.8,21482.7,21365.85,21410.8,21448.7,-0.06480579242565496,0.06480579242565496,DOWN,UP,1.0
2023-12-22,2023,21295.85,21389.9,21233.5,21332.35,21283.0,0.060376826575194026,0.060376826575194026,UP,DOWN,1.0
2024-01-25,2024,21454.6,21456.9,21248.15,21370.75,21460.7,-0.02842404954173062,0.02842404954173062,DOWN,UP,0.0
2024-02-12,2024,21800.8,21830.55,21575.2,21612.6,21786.0,0.06793353529789439,0.06793353529789439,UP,DOWN,1.0
2024-02-20,2024,22099.2,22214.95,22046.65,22208.15,22116.95,-0.08025518889358614,0.08025518889358614,DOWN,UP,1.0
2024-02-28,2024,22214.1,22228.45,21918.9,21926.25,22194.2,0.08966306512511295,0.08966306512511295,UP,DOWN,1.0
2024-02-29,2024,21935.2,22059.8,21861.35,22042.05,21926.25,0.04081865344051412,0.04081865344051412,UP,DOWN,1.0
2024-03-01,2024,22048.3,22352.95,22048.3,22326.05,22042.05,0.028354894395031315,0.028354894395031315,UP,DOWN,0.0
2024-03-12,2024,22334.45,22451.25,22256.75,22332.7,22319.85,0.06541262598091915,0.06541262598091915,UP,DOWN,1.0
2024-03-18,2024,21990.1,22123.5,21918.25,22051.5,21996.35,-0.02841380501765066,0.02841380501765066,DOWN,UP,1.0
2024-03-28,2024,22163.6,22513.2,22163.6,22343.1,22147.2,0.0740499927756006,0.0740499927756006,UP,DOWN,0.0
2024-04-02,2024,22458.8,22496.9,22389.15,22464.3,22469.05,-0.045618306069905044,0.045618306069905044,DOWN,UP,1.0
2024-05-02,2024,22567.85,22710.5,22567.85,22656.75,22587.75,-0.08810085112506316,0.08810085112506316,DOWN,UP,1.0
2024-05-14,2024,22112.900390625,22270.05078125,22081.25,22223.8,22119.4,-0.029384202894298467,0.029384202894298467,DOWN,UP,1.0
2024-05-23,2024,22614.099609375,22993.599609375,22577.44921875,22951.0,22620.5,-0.028294647001613583,0.028294647001613583,DOWN,UP,1.0
2024-05-24,2024,22930.75,23026.400390625,22908.0,22952.0,22951.0,-0.08823144961003879,0.08823144961003879,DOWN,UP,1.0
2024-05-31,2024,22568.099609375,22653.75,22465.099609375,22550.45,22557.1,0.04876340209956713,0.04876340209956713,UP,DOWN,1.0
2024-07-01,2024,23992.94921875,24164.0,23992.69921875,24123.15,24009.8,-0.0701829305117047,0.0701829305117047,DOWN,UP,1.0
2024-07-08,2024,24329.44921875,24344.599609375,24240.55078125,24331.05,24316.75,0.05222416132912498,0.05222416132912498,UP,DOWN,1.0
2024-07-09,2024,24351.0,24443.599609375,24331.900390625,24417.25,24331.05,0.08199399532696175,0.08199399532696175,UP,DOWN,0.0
2024-07-26,2024,24423.349609375,24861.150390625,24410.900390625,24851.75,24415.0,0.03419868677042801,0.03419868677042801,UP,DOWN,1.0
2024-08-13,2024,24342.349609375,24359.94921875,24116.5,24141.2,24348.8,-0.02649161611660235,0.02649161611660235,DOWN,UP,1.0
2024-08-21,2024,24680.55078125,24787.94921875,24654.5,24781.9,24672.85,0.03121155946719352,0.03121155946719352,UP,DOWN,1.0
2024-08-27,2024,25024.80078125,25073.099609375,24973.650390625,24997.05,25011.45,0.053378677565672016,0.053378677565672016,UP,DOWN,1.0
2024-08-29,2024,25035.30078125,25192.900390625,24998.5,25156.75,25044.85,-0.03812847252029278,0.03812847252029278,DOWN,UP,1.0
2024-09-11,2024,25034.0,25113.69921875,24885.150390625,24951.8,25052.1,-0.07224943218332414,0.07224943218332414,DOWN,UP,1.0
2024-09-24,2024,25921.44921875,26011.55078125,25886.849609375,25951.9,25930.15,-0.033554689232424245,0.033554689232424245,DOWN,UP,1.0
2024-09-26,2024,26005.400390625,26250.900390625,25998.400390625,26184.65,26013.5,-0.031136176888923058,0.031136176888923058,DOWN,UP,1.0
2024-10-08,2024,24832.19921875,25044.0,24756.80078125,25039.5,24819.0,0.05318191204319271,0.05318191204319271,UP,DOWN,1.0
2024-10-11,2024,24985.30078125,25028.650390625,24920.05078125,24975.05,25007.55,-0.08897000605816753,0.08897000605816753,DOWN,UP,1.0
2024-10-24,2024,24412.69921875,24480.650390625,24341.19921875,24414.6,24436.0,-0.09535431842363726,0.09535431842363726,DOWN,UP,1.0
2024-11-08,2024,24207.69921875,24276.150390625,24066.650390625,24110.35,24194.6,0.05414108416754754,0.05414108416754754,UP,DOWN,1.0
2024-11-11,2024,24087.25,24336.80078125,24004.599609375,24122.1,24110.35,-0.0958094760134073,0.0958094760134073,DOWN,UP,1.0
2024-11-13,2024,23822.44921875,23873.599609375,23509.599609375,23602.9,23842.95,-0.08598257031953147,0.08598257031953147,DOWN,UP,1.0
2024-11-21,2024,23488.44921875,23507.30078125,23263.150390625,23346.75,23468.7,0.08415131110798328,0.08415131110798328,UP,DOWN,1.0
2024-11-27,2024,24204.80078125,24354.55078125,24145.650390625,24277.35,24192.95,0.04898444071516401,0.04898444071516401,UP,DOWN,1.0
2024-12-02,2024,24140.849609375,24301.69921875,24008.650390625,24275.25,24123.65,0.07129770733283952,0.07129770733283952,UP,DOWN,1.0
2024-12-18,2024,24297.94921875,24394.44921875,24149.849609375,24214.7,24319.35,-0.08799898537583671,0.08799898537583671,DOWN,UP,1.0
2024-12-24,2024,23769.099609375,23867.650390625,23685.150390625,23730.35,23747.2,0.0922197538025505,0.0922197538025505,UP,DOWN,1.0
2025-01-10,2025,23551.900390625,23596.599609375,23344.349609375,23437.35,23557.2,-0.022496771157016655,0.022496771157016655,DOWN,UP,1.0
2025-01-30,2025,23169.5,23322.05078125,23139.19921875,23297.95,23176.2,-0.02890896695748538,0.02890896695748538,DOWN,UP,1.0
2025-02-01,2025,23528.599609375,23632.44921875,23318.30078125,23495.3,23533.85,-0.02230995194155884,0.02230995194155884,DOWN,UP,1.0
2025-02-07,2025,23649.5,23694.5,23443.19921875,23563.15,23628.05,0.09078193079835503,0.09078193079835503,UP,DOWN,1.0
2025-02-10,2025,23543.80078125,23568.599609375,23316.30078125,23376.05,23563.15,-0.08211643498429308,0.08211643498429308,DOWN,UP,1.0
2025-02-11,2025,23383.55078125,23390.05078125,22986.650390625,23070.5,23376.05,0.032087462381372084,0.032087462381372084,UP,DOWN,1.0
2025-02-12,2025,23050.80078125,23144.69921875,22798.349609375,23057.8,23070.5,-0.08538704731150171,0.08538704731150171,DOWN,UP,1.0
2025-03-05,2025,22073.05078125,22394.900390625,22067.80078125,22346.65,22080.3,-0.032831160582054014,0.032831160582054014,DOWN,UP,1.0
2025-03-07,2025,22508.650390625,22633.80078125,22464.75,22536.95,22529.2,-0.09121322272872862,0.09121322272872862,DOWN,UP,1.0
2025-03-10,2025,22521.849609375,22676.75,22429.05078125,22441.1,22536.95,-0.06700281371259521,0.06700281371259521,DOWN,UP,1.0
2025-03-12,2025,22536.349609375,22577.400390625,22329.55078125,22468.5,22520.5,0.07037858562198886,0.07037858562198886,UP,DOWN,1.0
2025-04-02,2025,23192.599609375,23350.0,23158.44921875,23330.8,23179.7,0.05565045869877208,0.05565045869877208,UP,DOWN,1.0
2025-04-24,2025,24277.900390625,24347.849609375,24216.150390625,24245.05,24300.85,-0.0944395334936784,0.0944395334936784,DOWN,UP,1.0
2025-04-30,2025,24342.05,24396.150390625,24198.75,24243.45,24325.45,0.06824128638935166,0.06824128638935166,UP,DOWN,1.0
2025-05-08,2025,24431.5,24447.25,24150.19921875,24154.1,24409.3,0.0909489415919372,0.0909489415919372,UP,DOWN,1.0
2025-05-14,2025,24613.80078125,24767.55078125,24535.55078125,24685.75,24592.25,0.08763240960058555,0.08763240960058555,UP,DOWN,1.0
2025-05-15,2025,24694.44921875,25116.25,24494.44921875,25035.3,24685.75,0.03523983978611142,0.03523983978611142,UP,DOWN,1.0
2025-05-19,2025,25005.35,25062.95,24916.65,24935.35,25013.1,-0.030983764507398124,0.030983764507398124,DOWN,UP,1.0
2025-05-28,2025,24832.5,24864.25,24737.05078125,24757.15,24837.7,-0.02093591596645715,0.02093591596645715,DOWN,UP,1.0
2025-06-04,2025,24560.44921875,24644.25,24530.44921875,24612.0,24538.4,0.08985597573598338,0.08985597573598338,UP,DOWN,1.0
2025-06-06,2025,24748.69921875,25029.5,24671.44921875,25000.3,24761.1,-0.05008170578043199,0.05008170578043199,DOWN,UP,1.0
2025-07-07,2025,25450.44921875,25489.80078125,25407.25,25454.95,25467.8,-0.06812830809885138,0.06812830809885138,DOWN,UP,1.0
2025-07-09,2025,25514.599609375,25548.7,25424.349609375,25464.65,25523.1,-0.03330469506054729,0.03330469506054729,DOWN,UP,1.0
2025-07-14,2025,25149.5,25151.099609375,25001.94921875,25087.1,25140.55,0.03559985760057249,0.03559985760057249,UP,DOWN,1.0
2025-07-16,2025,25196.599609375,25255.30078125,25121.05078125,25198.55,25219.65,-0.09139853497174408,0.09139853497174408,DOWN,UP,1.0
2025-08-04,2025,24596.05078125,24736.25,24554.0,24726.9,24572.15,0.09726776553943609,0.09726776553943609,UP,DOWN,1.0
2025-08-05,2025,24720.25,24733.099609375,24590.30078125,24649.5,24726.9,-0.02689378773724751,0.02689378773724751,DOWN,UP,1.0
2025-08-06,2025,24641.349609375,24671.400390625,24539.19921875,24569.6,24649.5,-0.03306513570254975,0.03306513570254975,DOWN,UP,1.0
2025-08-11,2025,24371.5,24600.849609375,24347.44921875,24562.15,24350.85,0.08480196789845716,0.08480196789845716,UP,DOWN,1.0
2025-08-14,2025,24607.25,24673.650390625,24596.900390625,24616.05,24630.4,-0.09398954137976424,0.09398954137976424,DOWN,UP,1.0
2025-08-19,2025,24891.349609375,25012.650390625,24873.94921875,24989.7,24884.05,0.029334490868651718,0.029334490868651718,UP,DOWN,1.0
2025-08-20,2025,24965.80078125,25088.69921875,24929.69921875,25047.15,24989.7,-0.09563627714618714,0.09563627714618714,DOWN,UP,1.0
2025-08-22,2025,25064.150390625,25084.849609375,24859.150390625,24869.45,25076.95,-0.05104133227924739,0.05104133227924739,DOWN,UP,1.0
2025-08-28,2025,24695.80078125,24702.650390625,24481.599609375,24533.1,24710.7,-0.06029460415933473,0.06029460415933473,DOWN,UP,0.0
2025-09-15,2025,25118.900390625,25138.44921875,25048.75,25069.7,25107.7,0.04460938526826142,0.04460938526826142,UP,DOWN,1.0
2025-09-17,2025,25276.599609375,25346.5,25275.349609375,25330.15,25254.45,0.08770576819134557,0.08770576819134557,UP,DOWN,0.0
2025-09-19,2025,25410.19921875,25428.75,25286.30078125,25352.5,25420.75,-0.041504602539264183,0.041504602539264183,DOWN,UP,1.0
2025-09-23,2025,25209.0,25261.900390625,25084.650390625,25184.9,25200.2,0.03492035777493541,0.03492035777493541,UP,DOWN,1.0
2025-09-30,2025,24691.94921875,24731.80078125,24587.69921875,24633.6,24677.55,0.05834946641786047,0.05834946641786047,UP,DOWN,1.0
2025-10-01,2025,24620.55078125,24867.94921875,24605.94921875,24853.4,24633.6,-0.052973250966154135,0.052973250966154135,DOWN,UP,1.0
2025-10-06,2025,24916.55,25095.95,24881.65,25072.55,24895.0,0.08656356698131863,0.08656356698131863,UP,DOWN,1.0
2025-10-07,2025,25085.3,25220.9,25076.3,25112.8,25072.55,0.0508524262589964,0.0508524262589964,UP,DOWN,0.0
2025-10-17,2025,25546.85,25781.5,25508.6,25704.7,25566.3,-0.07607671035699623,0.07607671035699623,DOWN,UP,1.0
2025-10-29,2025,25982.0,26097.85,25960.3,26068.3,25965.4,0.06393123156199614,0.06393123156199614,UP,DOWN,1.0
2025-11-06,2025,25593.35,25679.15,25491.55,25519.95,25586.25,0.027749279398108537,0.027749279398108537,UP,DOWN,1.0
2025-11-10,2025,25503.5,25653.45,25503.5,25574.25,25510.8,-0.028615331545852236,0.028615331545852236,DOWN,UP,1.0
2025-11-18,2025,26021.8,26029.85,25876.5,25894.7,26014.3,0.02883029718270336,0.02883029718270336,UP,DOWN,1.0
2025-11-19,2025,25918.1,26074.65,25856.2,26052.7,25894.7,0.09036598222801506,0.09036598222801506,UP,DOWN,1.0
2025-11-26,2025,25842.95,26215.15,25842.95,26202.7,25860.3,-0.06709125570855151,0.06709125570855151,DOWN,UP,1.0
2025-11-28,2025,26237.45,26280.75,26172.4,26204.55,26219.85,0.06712471657924124,0.06712471657924124,UP,DOWN,1.0
2025-12-05,2025,25999.8,26202.6,25985.35,26176.65,26017.1,-0.06649472846704388,0.06649472846704388,DOWN,UP,1.0
2025-12-08,2025,26159.8,26178.7,25892.25,25932.8,26176.65,-0.06437034532685497,0.06437034532685497,DOWN,UP,1.0
2025-12-10,2025,25864.05,25947.65,25734.55,25742.65,25841.75,0.08629446535160844,0.08629446535160844,UP,DOWN,1.0
2025-12-26,2025,26121.25,26144.2,26008.6,26047.65,26141.65,-0.07803639020490846,0.07803639020490846,DOWN,UP,1.0
2025-12-29,2025,26063.35,26106.8,25920.3,25949.8,26047.65,0.06027415141096064,0.06027415141096064,UP,DOWN,1.0
2025-12-30,2025,25940.9,25976.75,25878.0,25970.55,25949.8,-0.03429698880144671,0.03429698880144671,DOWN,UP,1.0
2026-01-02,2026,26155.1,26340.0,26118.4,26335.7,26140.25,0.05680894406135574,0.05680894406135574,UP,DOWN,1.0
2026-01-20,2026,25580.3,25585.0,25171.35,25225.35,25555.5,0.09704368922540851,0.09704368922540851,UP,DOWN,1.0
2026-01-23,2026,25344.6,25347.95,25025.3,25064.75,25320.45,0.09537745182253007,0.09537745182253007,UP,DOWN,1.0
2026-01-28,2026,25258.85,25372.1,25187.65,25348.05,25234.1,0.09808156423252662,0.09808156423252662,UP,DOWN,1.0
2026-02-01,2026,25333.75,25440.9,24571.75,24768.0,25315.8,0.07090433642231622,0.07090433642231622,UP,DOWN,1.0
2026-02-05,2026,25755.9,25757.65,25579.5,25641.6,25737.5,0.071491015055858,0.071491015055858,UP,DOWN,1.0
2026-02-20,2026,25406.55,25663.55,25379.75,25565.9,25416.45,-0.03895115171474165,0.03895115171474165,DOWN,UP,1.0
2026-03-20,2026,23110.15,23345.15,23067.6,23134.65,23087.85,0.09658759910516965,0.09658759910516965,UP,DOWN,1.0
2026-04-17,2026,24165.9,24371.9,24096.05,24366.9,24188.4,-0.09301979461229348,0.09301979461229348,DOWN,UP,1.0
2026-05-04,2026,24063.55,24290.2,24004.75,24123.8,24043.7,0.08255800895868168,0.08255800895868168,UP,DOWN,1.0
2026-05-15,2026,23731.4,23839.3,23610.3,23659.35,23713.75,0.0744293922302523,0.0744293922302523,UP,DOWN,1.0
2026-05-22,2026,23671.2,23835.65,23671.0,23748.85,23648.6,0.09556591087845447,0.09556591087845447,UP,DOWN,0.0
2026-05-29,2026,23902.15,24002.8,23484.75,23609.3,23921.6,-0.08130727041668238,0.08130727041668238,DOWN,UP,1.0
2026-06-18,2026,24073.8,24189.25,24036.95,24179.4,24081.95,-0.03384277436005579,0.03384277436005579,DOWN,UP,1.0
2026-06-23,2026,24071.3,24135.5,23784.95,23795.25,24086.85,-0.06455804723323835,0.06455804723323835,DOWN,UP,1.0
2026-06-29,2026,24061.75,24120.0,23924.55,23978.5,24052.95,0.0365859489168658,0.0365859489168658,UP,DOWN,1.0
2026-07-01,2026,23897.65,24049.9,23895.1,23987.95,23917.75,-0.084038005247143,0.084038005247143,DOWN,UP,1.0
2026-07-21,2026,24216.05,24262.2,24135.65,24193.05,24239.5,-0.09674291961468152,0.09674291961468152,DOWN,UP,1.0
2026-07-30,2026,24249.55,24342.95,24187.1,24296.6,24242.0,0.03114429502515994,0.03114429502515994,UP,DOWN,1.0
2026-08-06,2026,24641.0,24677.05,24604.15,24636.0,24624.65,0.06639688279832828,0.06639688279832828,UP,DOWN,1.0
2026-08-10,2026,24581.25,24620.95,24511.1,24583.8,24570.65,0.04314090184833753,0.04314090184833753,UP,DOWN,1.0
2026-08-11,2026,24575.1,24576.85,24429.25,24471.7,24583.8,-0.03538915871427822,0.03538915871427822,DOWN,UP,0.0
2026-08-17,2026,24343.45,24360.1,24226.95,24287.65,24366.0,-0.09254699170975651,0.09254699170975651,DOWN,UP,0.0
2026-08-26,2026,24341.95,24378.6,24207.75,24207.75,24334.55,0.030409438432193958,0.030409438432193958,UP,DOWN,1.0
2026-09-07,2026,23883.15,23890.0,23737.9,23779.15,23897.7,-0.06088452026763778,0.06088452026763778,DOWN,UP,0.0
2026-09-10,2026,23446.6,23494.95,23380.1,23477.8,23431.5,0.06444316411667433,0.06444316411667433,UP,DOWN,1.0
2026-09-17,2026,23195.25,23363.55,23193.65,23270.6,23217.6,-0.09626317965680581,0.09626317965680581,DOWN,UP,1.0
